ets Jul 29 2019 12:21:46

rst:0x1 (POWERON_RESET),boot:0x13 (SPI_FAST_FLASH_BOOT)
configsip: 0, SPIWP:0xee
clk_drv:0x00,q_drv:0x00,d_drv:0x00,cs0_drv:0x00,hd_drv:0x00,wp_drv:0x00
mode:DIO, clock div:2
load:0x3fff0030,len:6276
load:0x40078000,len:15748
load:0x40080400,len:4
ho 8 tail 4 room 4
load:0x40080404,len:3860
entry 0x4008063c
[0;32mI (31) boot: ESP-IDF v5.4.1-dirty 2nd stage bootloader[0m
[0;32mI (31) boot: compile time Oct 28 2025 18:02:24[0m
[0;32mI (31) boot: Multicore bootloader[0m
[0;32mI (33) boot: chip revision: v3.1[0m
[0;32mI (36) boot.esp32: SPI Speed      : 40MHz[0m
[0;32mI (40) boot.esp32: SPI Mode       : DIO[0m
[0;32mI (43) boot.esp32: SPI Flash Size : 4MB[0m
[0;32mI (47) boot: Enabling RNG early entropy source...[0m
[0;32mI (51) boot: Partition Table:[0m
[0;32mI (54) boot: ## Label            Usage          Type ST Offset   Length[0m
[0;32mI (60) boot:  0 nvs              WiFi data        01 02 00009000 00006000[0m
[0;32mI (67) boot:  1 phy_init         RF data          01 01 0000f000 00001000[0m
[0;32mI (73) boot:  2 factory          factory app      00 00 00010000 00100000[0m
[0;32mI (80) boot: End of partition table[0m
[0;32mI (83) esp_image: segment 0: paddr=00010020 vaddr=3f400020 size=1f204h (127492) map[0m
[0;32mI (134) esp_image: segment 1: paddr=0002f22c vaddr=3ff80000 size=0001ch (    28) load[0m
[0;32mI (134) esp_image: segment 2: paddr=0002f250 vaddr=3ffb0000 size=00dc8h (  3528) load[0m
[0;32mI (139) esp_image: segment 3: paddr=00030020 vaddr=400d0020 size=a5bc0h (678848) map[0m
[0;32mI (377) esp_image: segment 4: paddr=000d5be8 vaddr=3ffb0dc8 size=03168h ( 12648) load[0m
[0;32mI (382) esp_image: segment 5: paddr=000d8d58 vaddr=40080000 size=180ech ( 98540) load[0m
[0;32mI (432) boot: Loaded app from partition at offset 0x10000[0m
[0;32mI (432) boot: Disabling RNG early entropy source...[0m
[0;32mI (443) cpu_start: Multicore app[0m
[0;32mI (451) cpu_start: Pro cpu start user code[0m
[0;32mI (451) cpu_start: cpu freq: 160000000 Hz[0m
[0;32mI (451) app_init: Application information:[0m
[0;32mI (451) app_init: Project name:     .[0m
[0;32mI (455) app_init: App version:      3303fed-dirty[0m
[0;32mI (459) app_init: Compile time:     Nov  5 2025 16:17:04[0m
[0;32mI (464) app_init: ELF file SHA256:  351021d3b...[0m
[0;32mI (468) app_init: ESP-IDF:          v5.4.1-dirty[0m
[0;32mI (473) efuse_init: Min chip rev:     v0.0[0m
[0;32mI (477) efuse_init: Max chip rev:     v3.99 [0m
[0;32mI (480) efuse_init: Chip rev:         v3.1[0m
[0;32mI (485) heap_init: Initializing. RAM available for dynamic allocation:[0m
[0;32mI (491) heap_init: At 3FFAE6E0 len 00001920 (6 KiB): DRAM[0m
[0;32mI (496) heap_init: At 3FFBA148 len 00025EB8 (151 KiB): DRAM[0m
[0;32mI (501) heap_init: At 3FFE0440 len 00003AE0 (14 KiB): D/IRAM[0m
[0;32mI (506) heap_init: At 3FFE4350 len 0001BCB0 (111 KiB): D/IRAM[0m
[0;32mI (512) heap_init: At 400980EC len 00007F14 (31 KiB): IRAM[0m
[0;32mI (519) spi_flash: detected chip: generic[0m
[0;32mI (521) spi_flash: flash io: dio[0m
[0;32mI (525) main_task: Started on CPU0[0m
[0;32mI (535) main_task: Calling app_main()[0m
[0;32mI (565) WIFI: ESP_WIFI_MODE_STA[0m
[0;32mI (575) wifi:wifi driver task: 3ffc2168, prio:23, stack:6656, core=0[0m
[0;32mI (585) wifi:wifi firmware version: 79fa3f41ba[0m
[0;32mI (585) wifi:wifi certification version: v7.0[0m
[0;32mI (585) wifi:config NVS flash: enabled[0m
[0;32mI (585) wifi:config nano formatting: disabled[0m
[0;32mI (595) wifi:Init data frame dynamic rx buffer num: 32[0m
[0;32mI (595) wifi:Init static rx mgmt buffer num: 5[0m
[0;32mI (605) wifi:Init management short buffer num: 32[0m
[0;32mI (605) wifi:Init dynamic tx buffer num: 32[0m
[0;32mI (615) wifi:Init static rx buffer size: 1600[0m
[0;32mI (615) wifi:Init static rx buffer num: 10[0m
[0;32mI (615) wifi:Init dynamic rx buffer num: 32[0m
[0;32mI (625) wifi_init: rx ba win: 6[0m
[0;32mI (625) wifi_init: accept mbox: 6[0m
[0;32mI (625) wifi_init: tcpip mbox: 32[0m
[0;32mI (635) wifi_init: udp mbox: 6[0m
[0;32mI (635) wifi_init: tcp mbox: 6[0m
[0;32mI (635) wifi_init: tcp tx win: 5760[0m
[0;32mI (645) wifi_init: tcp rx win: 5760[0m
[0;32mI (645) wifi_init: tcp mss: 1440[0m
[0;32mI (645) wifi_init: WiFi IRAM OP enabled[0m
[0;32mI (645) wifi_init: WiFi RX IRAM OP enabled[0m
[0;32mI (655) phy_init: phy_version 4860,6b7a6e5,Feb  6 2025,14:47:07[0m
[0;32mI (735) wifi:mode : sta (08:b6:1f:b9:1f:70)[0m
[0;32mI (735) wifi:enable tsf[0m
[0;32mI (735) WIFI: wifi_init_sta finished.[0m
[0;32mI (3155) WIFI: retry to connect to the AP[0m
[0;32mI (3155) WIFI: connect to the AP fail[0m
[0;32mI (5575) WIFI: retry to connect to the AP[0m
[0;32mI (5575) WIFI: connect to the AP fail[0m
[0;32mI (7985) WIFI: retry to connect to the AP[0m
[0;32mI (7985) WIFI: connect to the AP fail[0m
[0;32mI (10405) WIFI: retry to connect to the AP[0m
[0;32mI (10405) WIFI: connect to the AP fail[0m
[0;32mI (12815) WIFI: retry to connect to the AP[0m
[0;32mI (12815) WIFI: connect to the AP fail[0m
[0;32mI (15235) WIFI: retry to connect to the AP[0m
[0;32mI (15235) WIFI: connect to the AP fail[0m
[0;32mI (15245) wifi:new:<1,0>, old:<1,0>, ap:<255,255>, sta:<1,0>, prof:1, snd_ch_cfg:0x0[0m
[0;32mI (15245) wifi:state: init -> auth (0xb0)[0m
[0;32mI (15255) wifi:state: auth -> assoc (0x0)[0m
[0;32mI (15265) wifi:state: assoc -> run (0x10)[0m
[0;32mI (15295) wifi:connected with MyHotspot, aid = 1, channel 1, BW20, bssid = 34:cf:f6:9a:61:3b[0m
[0;32mI (15295) wifi:security: WPA2-PSK, phy: bgn, rssi: -48[0m
[0;32mI (15295) wifi:pm start, type: 1[0m

[0;32mI (15295) wifi:dp: 1, bi: 102400, li: 3, scale listen interval from 307200 us to 307200 us[0m
[0;32mI (15335) wifi:dp: 2, bi: 102400, li: 4, scale listen interval from 307200 us to 409600 us[0m
[0;32mI (15335) wifi:AP's beacon interval = 102400 us, DTIM period = 2[0m
[0;32mI (19415) esp_netif_handlers: sta ip: 10.42.0.242, mask: 255.255.255.0, gw: 10.42.0.1[0m
[0;32mI (19415) WIFI: got ip:10.42.0.242[0m
[0;32mI (19415) WIFI: connected to ap SSID:MyHotspot password:12345678[0m
[0;32mI (19415) MQTT_CLIENT: Unhandled event id: 7[0m
[0;32mI (19435) QUEUE: Queue tao thanh cong[0m
[1;31mE (19435) mqtt_client: Client has not connected[0m
[0;32mI (19435) main_task: Returned from app_main()[0m
[0;32mI (19445) MQTT_CLIENT: MQTT_EVENT_CONNECTED[0m
[0;32mI (19445) MQTT_CLIENT: Subscribe qos0, msg_id=53972[0m
[0;32mI (19455) wifi:<ba-add>idx:0 (ifx:0, 34:cf:f6:9a:61:3b), tid:0, ssn:6, winSize:64[0m
[0;32mI (19455) MQTT_CLIENT: MQTT_EVENT_SUBSCRIBED, msg_id=53972[0m
[0;32mI (19465) MQTT_CLIENT: MQTT_EVENT_DATA[0m
TOPIC=/topic/qos0
DATA=data
[0;32mI (19735) SPI_SLAVE: Expected: 720 bytes, Got: 720 bytes[0m
[0;32mI (19735) SPI_SLAVE: Received uint16_t data:[0m
0000 0000 0000 0000 0000 0000 0000 0000 0000 0000 0000 0000 0000 0000 0000 0000 0000 0000 0000 0000 0000 0000 0000 0000 0000 0000 0000 0000 0000 0000 0000 0000 0000 0000 0000 0000 0000 0000 0000 0000 0000 0000 0000 0000 0000 0000 0000 0000 0000 0000 0000 0000 0000 0000 0000 0000 0000 0000 0000 0000 0000 0000 0000 0000 0000 0000 0000 0000 0000 0000 0000 0000 0000 0000 0000 0000 0000 0000 0000 0000 0000 0000 0000 0000 0000 0000 0000 0000 0000 0000 0000 0000 0000 0000 0000 0000 0000 0000 0000 0000 0000 0000 0000 0000 0000 0000 0000 0000 0000 0000 0000 0000 0000 0000 0000 0000 0000 0000 0000 0000 0000 0000 0000 0000 0000 0000 0000 0000 0000 0000 0000 0000 0000 0000 0000 0000 0000 0000 0000 0000 0000 0000 0000 0000 0000 0000 0000 0000 0000 0000 0000 0000 0000 0000 0000 0000 0000 0000 0000 0000 0000 0000 0000 0000 0000 0000 0000 0000 0000 0000 0000 0000 0000 0000 0000 0000 0000 0000 0000 0000 0000 0000 0000 0000 0000 0000 0000 0000 0000 0000 0000 0000 0000 0000 0000 0000 0000 0000 0000 0000 0000 0000 0000 0000 0000 0000 0000 0000 0000 0000 0000 0000 0000 0000 0000 0000 0000 0000 0000 0000 0000 0000 0000 0000 0000 0000 0000 0000 0000 0000 0000 0000 0000 0000 0000 0000 0000 0000 0000 0000 0000 0000 0000 0000 0000 0000 0000 0000 0000 0000 0000 0000 0000 0000 0000 0000 0000 0000 0000 0000 0000 0000 0000 0000 0000 0000 0000 0000 0000 0000 0000 0000 0000 0000 0000 0000 0000 0000 0000 0000 0000 0000 0000 0000 0000 0000 0000 0000 0000 0000 0000 0000 0000 0000 0000 0000 0000 0000 0000 0000 0000 0000 0000 0000 0000 0000 0000 0000 0000 0000 0000 0000 0000 0000 0000 0000 0000 0000 0000 0000 0000 0000 0000 0000 0000 0000 0000 0000 0000 0000 0000 0000 0000 0000 0000 0000 0000 0000 0000 0000 0000 0000 0000 0000 0000 0000 0000 0000 0000 0000 0000 0000 0000 0000 0000 0000 0000 0000 0000 0000 
[0;32mI (19885) SPI_SLAVE: pushed into queue[0m

[0;32mI (19885) MQTT_TASK: Read from queue[0m
[0;32mI (19915) MQTT_CLIENT: MQTT_EVENT_PUBLISHED, msg_id=57923[0m
[0;32mI (20735) SPI_SLAVE: Expected: 720 bytes, Got: 720 bytes[0m
[0;32mI (20735) SPI_SLAVE: Received uint16_t data:[0m
0000 0000 0000 0000 0000 0000 0000 0000 0000 0000 0000 0000 0000 0000 0000 0000 0000 0000 0000 0000 0000 0000 0000 0000 0000 0000 0000 0000 0000 0000 0000 0000 0000 0000 0000 0000 0000 0000 0000 0000 0000 0000 0000 0000 0000 0000 0000 0000 0000 0000 0000 0000 0000 0000 0000 0000 0000 0000 0000 0000 0000 0000 0000 0000 0000 0000 0000 0000 0000 0000 0000 0000 0000 0000 0000 0000 0000 0000 0000 0000 0000 0000 0000 0000 0000 0000 0000 0000 0000 0000 0000 0000 0000 0000 0000 0000 0000 0000 0000 0000 0000 0000 0000 0000 0000 0000 0000 0000 0000 0000 0000 0000 0000 0000 0000 0000 0000 0000 0000 0000 0000 0000 0000 0000 0000 0000 0000 0000 0000 0000 0000 0000 0000 0000 0000 0000 0000 0000 0000 0000 0000 0000 0000 0000 0000 0000 0000 0000 0000 0000 0000 0000 0000 0000 0000 0000 0000 0000 0000 0000 0000 0000 0000 0000 0000 0000 0000 0000 0000 0000 0000 0000 0000 0000 0000 0000 0000 0000 0000 0000 0000 0000 0000 0000 0000 0000 0000 0000 0000 0000 0000 0000 0000 0000 0000 0000 0000 0000 0000 0000 0000 0000 0000 0000 0000 0000 0000 0000 0000 0000 0000 0000 0000 0000 0000 0000 0000 0000 0000 0000 0000 0000 0000 0000 0000 0000 0000 0000 0000 0000 0000 0000 0000 0000 0000 0000 0000 0000 0000 0000 0000 0000 0000 0000 0000 0000 0000 0000 0000 0000 0000 0000 0000 0000 0000 0000 0000 0000 0000 0000 0000 0000 0000 0000 0000 0000 0000 0000 0000 0000 0000 0000 0000 0000 0000 0000 0000 0000 0000 0000 0000 0000 0000 0000 0000 0000 0000 0000 0000 0000 0000 0000 0000 0000 0000 0000 0000 0000 0000 0000 0000 0000 0000 0000 0000 0000 0000 0000 0000 0000 0000 0000 0000 0000 0000 0000 0000 0000 0000 0000 0000 0000 0000 0000 0000 0000 0000 0000 0000 0000 0000 0000 0000 0000 0000 0000 0000 0000 0000 0000 0000 0000 0000 0000 0000 0000 0000 0000 0000 0000 0000 0000 0000 0000 0000 0000 0000 0000 0000 0000 
[0;32mI (20885) SPI_SLAVE: pushed into queue[0m

[0;32mI (20885) MQTT_TASK: Read from queue[0m
[0;32mI (20925) MQTT_CLIENT: MQTT_EVENT_PUBLISHED, msg_id=12467[0m
[0;32mI (21735) SPI_SLAVE: Expected: 720 bytes, Got: 720 bytes[0m
[0;32mI (21735) SPI_SLAVE: Received uint16_t data:[0m
0000 0000 0000 0000 0000 0000 0000 0000 0000 0000 0000 0000 0000 0000 0000 0000 0000 0000 0000 0000 0000 0000 0000 0000 0000 0000 0000 0000 0000 0000 0000 0000 0000 0000 0000 0000 0000 0000 0000 0000 0000 0000 0000 0000 0000 0000 0000 0000 0000 0000 0000 0000 0000 0000 0000 0000 0000 0000 0000 0000 0000 0000 0000 0000 0000 0000 0000 0000 0000 0000 0000 0000 0000 0000 0000 0000 0000 0000 0000 0000 0000 0000 0000 0000 0000 0000 0000 0000 0000 0000 0000 0000 0000 0000 0000 0000 0000 0000 0000 0000 0000 0000 0000 0000 0000 0000 0000 0000 0000 0000 0000 0000 0000 0000 0000 0000 0000 0000 0000 0000 0000 0000 0000 0000 0000 0000 0000 0000 0000 0000 0000 0000 0000 0000 0000 0000 0000 0000 0000 0000 0000 0000 0000 0000 0000 0000 0000 0000 0000 0000 0000 0000 0000 0000 0000 0000 0000 0000 0000 0000 0000 0000 0000 0000 0000 0000 0000 0000 0000 0000 0000 0000 0000 0000 0000 0000 0000 0000 0000 0000 0000 0000 0000 0000 0000 0000 0000 0000 0000 0000 0000 0000 0000 0000 0000 0000 0000 0000 0000 0000 0000 0000 0000 0000 0000 0000 0000 0000 0000 0000 0000 0000 0000 0000 0000 0000 0000 0000 0000 0000 0000 0000 0000 0000 0000 0000 0000 0000 0000 0000 0000 0000 0000 0000 0000 0000 0000 0000 0000 0000 0000 0000 0000 0000 0000 0000 0000 0000 0000 0000 0000 0000 0000 0000 0000 0000 0000 0000 0000 0000 0000 0000 0000 0000 0000 0000 0000 0000 0000 0000 0000 0000 0000 0000 0000 0000 0000 0000 0000 0000 0000 0000 0000 0000 0000 0000 0000 0000 0000 0000 0000 0000 0000 0000 0000 0000 0000 0000 0000 0000 0000 0000 0000 0000 0000 0000 0000 0000 0000 0000 0000 0000 0000 0000 0000 0000 0000 0000 0000 0000 0000 0000 0000 0000 0000 0000 0000 0000 0000 0000 0000 0000 0000 0000 0000 0000 0000 0000 0000 0000 0000 0000 0000 0000 0000 0000 0000 0000 0000 0000 0000 0000 0000 0000 0000 0000 0000 0000 0000 0000 
[0;32mI (21885) SPI_SLAVE: pushed into queue[0m

[0;32mI (21885) MQTT_TASK: Read from queue[0m
[0;32mI (21915) MQTT_CLIENT: MQTT_EVENT_PUBLISHED, msg_id=52385[0m
[0;32mI (22735) SPI_SLAVE: Expected: 720 bytes, Got: 720 bytes[0m
[0;32mI (22735) SPI_SLAVE: Received uint16_t data:[0m
0000 0000 0000 0000 0000 0000 0000 0000 0000 0000 0000 0000 0000 0000 0000 0000 0000 0000 0000 0000 0000 0000 0000 0000 0000 0000 0000 0000 0000 0000 0000 0000 0000 0000 0000 0000 0000 0000 0000 0000 0000 0000 0000 0000 0000 0000 0000 0000 0000 0000 0000 0000 0000 0000 0000 0000 0000 0000 0000 0000 0000 0000 0000 0000 0000 0000 0000 0000 0000 0000 0000 0000 0000 0000 0000 0000 0000 0000 0000 0000 0000 0000 0000 0000 0000 0000 0000 0000 0000 0000 0000 0000 0000 0000 0000 0000 0000 0000 0000 0000 0000 0000 0000 0000 0000 0000 0000 0000 0000 0000 0000 0000 0000 0000 0000 0000 0000 0000 0000 0000 0000 0000 0000 0000 0000 0000 0000 0000 0000 0000 0000 0000 0000 0000 0000 0000 0000 0000 0000 0000 0000 0000 0000 0000 0000 0000 0000 0000 0000 0000 0000 0000 0000 0000 0000 0000 0000 0000 0000 0000 0000 0000 0000 0000 0000 0000 0000 0000 0000 0000 0000 0000 0000 0000 0000 0000 0000 0000 0000 0000 0000 0000 0000 0000 0000 0000 0000 0000 0000 0000 0000 0000 0000 0000 0000 0000 0000 0000 0000 0000 0000 0000 0000 0000 0000 0000 0000 0000 0000 0000 0000 0000 0000 0000 0000 0000 0000 0000 0000 0000 0000 0000 0000 0000 0000 0000 0000 0000 0000 0000 0000 0000 0000 0000 0000 0000 0000 0000 0000 0000 0000 0000 0000 0000 0000 0000 0000 0000 0000 0000 0000 0000 0000 0000 0000 0000 0000 0000 0000 0000 0000 0000 0000 0000 0000 0000 0000 0000 0000 0000 0000 0000 0000 0000 0000 0000 0000 0000 0000 0000 0000 0000 0000 0000 0000 0000 0000 0000 0000 0000 0000 0000 0000 0000 0000 0000 0000 0000 0000 0000 0000 0000 0000 0000 0000 0000 0000 0000 0000 0000 0000 0000 0000 0000 0000 0000 0000 0000 0000 0000 0000 0000 0000 0000 0000 0000 0000 0000 0000 0000 0000 0000 0000 0000 0000 0000 0000 0000 0000 0000 0000 0000 0000 0000 0000 0000 0000 0000 0000 0000 0000 0000 0000 0000 0000 0000 0000 0000 0000 0000 
[0;32mI (22885) SPI_SLAVE: pushed into queue[0m

[0;32mI (22885) MQTT_TASK: Read from queue[0m
[0;32mI (22915) MQTT_CLIENT: MQTT_EVENT_PUBLISHED, msg_id=10774[0m
[0;32mI (23735) SPI_SLAVE: Expected: 720 bytes, Got: 720 bytes[0m
[0;32mI (23735) SPI_SLAVE: Received uint16_t data:[0m
0000 0000 0000 0000 0000 0000 0000 0000 0000 0000 0000 0000 0000 0000 0000 0000 0000 0000 0000 0000 0000 0000 0000 0000 0000 0000 0000 0000 0000 0000 0000 0000 0000 0000 0000 0000 0000 0000 0000 0000 0000 0000 0000 0000 0000 0000 0000 0000 0000 0000 0000 0000 0000 0000 0000 0000 0000 0000 0000 0000 0000 0000 0000 0000 0000 0000 0000 0000 0000 0000 0000 0000 0000 0000 0000 0000 0000 0000 0000 0000 0000 0000 0000 0000 0000 0000 0000 0000 0000 0000 0000 0000 0000 0000 0000 0000 0000 0000 0000 0000 0000 0000 0000 0000 0000 0000 0000 0000 0000 0000 0000 0000 0000 0000 0000 0000 0000 0000 0000 0000 0000 0000 0000 0000 0000 0000 0000 0000 0000 0000 0000 0000 0000 0000 0000 0000 0000 0000 0000 0000 0000 0000 0000 0000 0000 0000 0000 0000 0000 0000 0000 0000 0000 0000 0000 0000 0000 0000 0000 0000 0000 0000 0000 0000 0000 0000 0000 0000 0000 0000 0000 0000 0000 0000 0000 0000 0000 0000 0000 0000 0000 0000 0000 0000 0000 0000 0000 0000 0000 0000 0000 0000 0000 0000 0000 0000 0000 0000 0000 0000 0000 0000 0000 0000 0000 0000 0000 0000 0000 0000 0000 0000 0000 0000 0000 0000 0000 0000 0000 0000 0000 0000 0000 0000 0000 0000 0000 0000 0000 0000 0000 0000 0000 0000 0000 0000 0000 0000 0000 0000 0000 0000 0000 0000 0000 0000 0000 0000 0000 0000 0000 0000 0000 0000 0000 0000 0000 0000 0000 0000 0000 0000 0000 0000 0000 0000 0000 0000 0000 0000 0000 0000 0000 0000 0000 0000 0000 0000 0000 0000 0000 0000 0000 0000 0000 0000 0000 0000 0000 0000 0000 0000 0000 0000 0000 0000 0000 0000 0000 0000 0000 0000 0000 0000 0000 0000 0000 0000 0000 0000 0000 0000 0000 0000 0000 0000 0000 0000 0000 0000 0000 0000 0000 0000 0000 0000 0000 0000 0000 0000 0000 0000 0000 0000 0000 0000 0000 0000 0000 0000 0000 0000 0000 0000 0000 0000 0000 0000 0000 0000 0000 0000 0000 0000 0000 0000 0000 0000 0000 0000 
[0;32mI (23885) SPI_SLAVE: pushed into queue[0m

[0;32mI (23885) MQTT_TASK: Read from queue[0m
[0;32mI (23915) MQTT_CLIENT: MQTT_EVENT_PUBLISHED, msg_id=17749[0m
[0;32mI (24735) SPI_SLAVE: Expected: 720 bytes, Got: 720 bytes[0m
[0;32mI (24735) SPI_SLAVE: Received uint16_t data:[0m
0000 0000 0000 0000 0000 0000 0000 0000 0000 0000 0000 0000 0000 0000 0000 0000 0000 0000 0000 0000 0000 0000 0000 0000 0000 0000 0000 0000 0000 0000 0000 0000 0000 0000 0000 0000 0000 0000 0000 0000 0000 0000 0000 0000 0000 0000 0000 0000 0000 0000 0000 0000 0000 0000 0000 0000 0000 0000 0000 0000 0000 0000 0000 0000 0000 0000 0000 0000 0000 0000 0000 0000 0000 0000 0000 0000 0000 0000 0000 0000 0000 0000 0000 0000 0000 0000 0000 0000 0000 0000 0000 0000 0000 0000 0000 0000 0000 0000 0000 0000 0000 0000 0000 0000 0000 0000 0000 0000 0000 0000 0000 0000 0000 0000 0000 0000 0000 0000 0000 0000 0000 0000 0000 0000 0000 0000 0000 0000 0000 0000 0000 0000 0000 0000 0000 0000 0000 0000 0000 0000 0000 0000 0000 0000 0000 0000 0000 0000 0000 0000 0000 0000 0000 0000 0000 0000 0000 0000 0000 0000 0000 0000 0000 0000 0000 0000 0000 0000 0000 0000 0000 0000 0000 0000 0000 0000 0000 0000 0000 0000 0000 0000 0000 0000 0000 0000 0000 0000 0000 0000 0000 0000 0000 0000 0000 0000 0000 0000 0000 0000 0000 0000 0000 0000 0000 0000 0000 0000 0000 0000 0000 0000 0000 0000 0000 0000 0000 0000 0000 0000 0000 0000 0000 0000 0000 0000 0000 0000 0000 0000 0000 0000 0000 0000 0000 0000 0000 0000 0000 0000 0000 0000 0000 0000 0000 0000 0000 0000 0000 0000 0000 0000 0000 0000 0000 0000 0000 0000 0000 0000 0000 0000 0000 0000 0000 0000 0000 0000 0000 0000 0000 0000 0000 0000 0000 0000 0000 0000 0000 0000 0000 0000 0000 0000 0000 0000 0000 0000 0000 0000 0000 0000 0000 0000 0000 0000 0000 0000 0000 0000 0000 0000 0000 0000 0000 0000 0000 0000 0000 0000 0000 0000 0000 0000 0000 0000 0000 0000 0000 0000 0000 0000 0000 0000 0000 0000 0000 0000 0000 0000 0000 0000 0000 0000 0000 0000 0000 0000 0000 0000 0000 0000 0000 0000 0000 0000 0000 0000 0000 0000 0000 0000 0000 0000 0000 0000 0000 0000 0000 0000 
[0;32mI (24885) SPI_SLAVE: pushed into queue[0m

[0;32mI (24885) MQTT_TASK: Read from queue[0m
[0;32mI (24915) MQTT_CLIENT: MQTT_EVENT_PUBLISHED, msg_id=45471[0m
[0;32mI (25735) SPI_SLAVE: Expected: 720 bytes, Got: 720 bytes[0m
[0;32mI (25735) SPI_SLAVE: Received uint16_t data:[0m
0000 0000 0000 0000 0000 0000 0000 0000 0000 0000 0000 0000 0000 0000 0000 0000 0000 0000 0000 0000 0000 0000 0000 0000 0000 0000 0000 0000 0000 0000 0000 0000 0000 0000 0000 0000 0000 0000 0000 0000 0000 0000 0000 0000 0000 0000 0000 0000 0000 0000 0000 0000 0000 0000 0000 0000 0000 0000 0000 0000 0000 0000 0000 0000 0000 0000 0000 0000 0000 0000 0000 0000 0000 0000 0000 0000 0000 0000 0000 0000 0000 0000 0000 0000 0000 0000 0000 0000 0000 0000 0000 0000 0000 0000 0000 0000 0000 0000 0000 0000 0000 0000 0000 0000 0000 0000 0000 0000 0000 0000 0000 0000 0000 0000 0000 0000 0000 0000 0000 0000 0000 0000 0000 0000 0000 0000 0000 0000 0000 0000 0000 0000 0000 0000 0000 0000 0000 0000 0000 0000 0000 0000 0000 0000 0000 0000 0000 0000 0000 0000 0000 0000 0000 0000 0000 0000 0000 0000 0000 0000 0000 0000 0000 0000 0000 0000 0000 0000 0000 0000 0000 0000 0000 0000 0000 0000 0000 0000 0000 0000 0000 0000 0000 0000 0000 0000 0000 0000 0000 0000 0000 0000 0000 0000 0000 0000 0000 0000 0000 0000 0000 0000 0000 0000 0000 0000 0000 0000 0000 0000 0000 0000 0000 0000 0000 0000 0000 0000 0000 0000 0000 0000 0000 0000 0000 0000 0000 0000 0000 0000 0000 0000 0000 0000 0000 0000 0000 0000 0000 0000 0000 0000 0000 0000 0000 0000 0000 0000 0000 0000 0000 0000 0000 0000 0000 0000 0000 0000 0000 0000 0000 0000 0000 0000 0000 0000 0000 0000 0000 0000 0000 0000 0000 0000 0000 0000 0000 0000 0000 0000 0000 0000 0000 0000 0000 0000 0000 0000 0000 0000 0000 0000 0000 0000 0000 0000 0000 0000 0000 0000 0000 0000 0000 0000 0000 0000 0000 0000 0000 0000 0000 0000 0000 0000 0000 0000 0000 0000 0000 0000 0000 0000 0000 0000 0000 0000 0000 0000 0000 0000 0000 0000 0000 0000 0000 0000 0000 0000 0000 0000 0000 0000 0000 0000 0000 0000 0000 0000 0000 0000 0000 0000 0000 0000 0000 0000 0000 0000 0000 0000 
[0;32mI (25885) SPI_SLAVE: pushed into queue[0m

[0;32mI (25885) MQTT_TASK: Read from queue[0m
[0;32mI (25915) MQTT_CLIENT: MQTT_EVENT_PUBLISHED, msg_id=13334[0m
[0;32mI (26735) SPI_SLAVE: Expected: 720 bytes, Got: 720 bytes[0m
[0;32mI (26735) SPI_SLAVE: Received uint16_t data:[0m
0000 0000 0000 0000 0000 0000 0000 0000 0000 0000 0000 0000 0000 0000 0000 0000 0000 0000 0000 0000 0000 0000 0000 0000 0000 0000 0000 0000 0000 0000 0000 0000 0000 0000 0000 0000 0000 0000 0000 0000 0000 0000 0000 0000 0000 0000 0000 0000 0000 0000 0000 0000 0000 0000 0000 0000 0000 0000 0000 0000 0000 0000 0000 0000 0000 0000 0000 0000 0000 0000 0000 0000 0000 0000 0000 0000 0000 0000 0000 0000 0000 0000 0000 0000 0000 0000 0000 0000 0000 0000 0000 0000 0000 0000 0000 0000 0000 0000 0000 0000 0000 0000 0000 0000 0000 0000 0000 0000 0000 0000 0000 0000 0000 0000 0000 0000 0000 0000 0000 0000 0000 0000 0000 0000 0000 0000 0000 0000 0000 0000 0000 0000 0000 0000 0000 0000 0000 0000 0000 0000 0000 0000 0000 0000 0000 0000 0000 0000 0000 0000 0000 0000 0000 0000 0000 0000 0000 0000 0000 0000 0000 0000 0000 0000 0000 0000 0000 0000 0000 0000 0000 0000 0000 0000 0000 0000 0000 0000 0000 0000 0000 0000 0000 0000 0000 0000 0000 0000 0000 0000 0000 0000 0000 0000 0000 0000 0000 0000 0000 0000 0000 0000 0000 0000 0000 0000 0000 0000 0000 0000 0000 0000 0000 0000 0000 0000 0000 0000 0000 0000 0000 0000 0000 0000 0000 0000 0000 0000 0000 0000 0000 0000 0000 0000 0000 0000 0000 0000 0000 0000 0000 0000 0000 0000 0000 0000 0000 0000 0000 0000 0000 0000 0000 0000 0000 0000 0000 0000 0000 0000 0000 0000 0000 0000 0000 0000 0000 0000 0000 0000 0000 0000 0000 0000 0000 0000 0000 0000 0000 0000 0000 0000 0000 0000 0000 0000 0000 0000 0000 0000 0000 0000 0000 0000 0000 0000 0000 0000 0000 0000 0000 0000 0000 0000 0000 0000 0000 0000 0000 0000 0000 0000 0000 0000 0000 0000 0000 0000 0000 0000 0000 0000 0000 0000 0000 0000 0000 0000 0000 0000 0000 0000 0000 0000 0000 0000 0000 0000 0000 0000 0000 0000 0000 0000 0000 0000 0000 0000 0000 0000 0000 0000 0000 0000 0000 0000 0000 0000 0000 0000 
[0;32mI (26885) SPI_SLAVE: pushed into queue[0m

[0;32mI (26885) MQTT_TASK: Read from queue[0m
[0;32mI (26915) MQTT_CLIENT: MQTT_EVENT_PUBLISHED, msg_id=22644[0m
[0;32mI (27735) SPI_SLAVE: Expected: 720 bytes, Got: 720 bytes[0m
[0;32mI (27735) SPI_SLAVE: Received uint16_t data:[0m
0000 0000 0000 0000 0000 0000 0000 0000 0000 0000 0000 0000 0000 0000 0000 0000 0000 0000 0000 0000 0000 0000 0000 0000 0000 0000 0000 0000 0000 0000 0000 0000 0000 0000 0000 0000 0000 0000 0000 0000 0000 0000 0000 0000 0000 0000 0000 0000 0000 0000 0000 0000 0000 0000 0000 0000 0000 0000 0000 0000 0000 0000 0000 0000 0000 0000 0000 0000 0000 0000 0000 0000 0000 0000 0000 0000 0000 0000 0000 0000 0000 0000 0000 0000 0000 0000 0000 0000 0000 0000 0000 0000 0000 0000 0000 0000 0000 0000 0000 0000 0000 0000 0000 0000 0000 0000 0000 0000 0000 0000 0000 0000 0000 0000 0000 0000 0000 0000 0000 0000 0000 0000 0000 0000 0000 0000 0000 0000 0000 0000 0000 0000 0000 0000 0000 0000 0000 0000 0000 0000 0000 0000 0000 0000 0000 0000 0000 0000 0000 0000 0000 0000 0000 0000 0000 0000 0000 0000 0000 0000 0000 0000 0000 0000 0000 0000 0000 0000 0000 0000 0000 0000 0000 0000 0000 0000 0000 0000 0000 0000 0000 0000 0000 0000 0000 0000 0000 0000 0000 0000 0000 0000 0000 0000 0000 0000 0000 0000 0000 0000 0000 0000 0000 0000 0000 0000 0000 0000 0000 0000 0000 0000 0000 0000 0000 0000 0000 0000 0000 0000 0000 0000 0000 0000 0000 0000 0000 0000 0000 0000 0000 0000 0000 0000 0000 0000 0000 0000 0000 0000 0000 0000 0000 0000 0000 0000 0000 0000 0000 0000 0000 0000 0000 0000 0000 0000 0000 0000 0000 0000 0000 0000 0000 0000 0000 0000 0000 0000 0000 0000 0000 0000 0000 0000 0000 0000 0000 0000 0000 0000 0000 0000 0000 0000 0000 0000 0000 0000 0000 0000 0000 0000 0000 0000 0000 0000 0000 0000 0000 0000 0000 0000 0000 0000 0000 0000 0000 0000 0000 0000 0000 0000 0000 0000 0000 0000 0000 0000 0000 0000 0000 0000 0000 0000 0000 0000 0000 0000 0000 0000 0000 0000 0000 0000 0000 0000 0000 0000 0000 0000 0000 0000 0000 0000 0000 0000 0000 0000 0000 0000 0000 0000 0000 0000 0000 0000 0000 0000 0000 0000 
[0;32mI (27885) SPI_SLAVE: pushed into queue[0m

[0;32mI (27885) MQTT_TASK: Read from queue[0m
[0;32mI (27915) MQTT_CLIENT: MQTT_EVENT_PUBLISHED, msg_id=52981[0m
[0;32mI (28735) SPI_SLAVE: Expected: 720 bytes, Got: 720 bytes[0m
[0;32mI (28735) SPI_SLAVE: Received uint16_t data:[0m
0000 0000 0000 0000 0000 0000 0000 0000 0000 0000 0000 0000 0000 0000 0000 0000 0000 0000 0000 0000 0000 0000 0000 0000 0000 0000 0000 0000 0000 0000 0000 0000 0000 0000 0000 0000 0000 0000 0000 0000 0000 0000 0000 0000 0000 0000 0000 0000 0000 0000 0000 0000 0000 0000 0000 0000 0000 0000 0000 0000 0000 0000 0000 0000 0000 0000 0000 0000 0000 0000 0000 0000 0000 0000 0000 0000 0000 0000 0000 0000 0000 0000 0000 0000 0000 0000 0000 0000 0000 0000 0000 0000 0000 0000 0000 0000 0000 0000 0000 0000 0000 0000 0000 0000 0000 0000 0000 0000 0000 0000 0000 0000 0000 0000 0000 0000 0000 0000 0000 0000 0000 0000 0000 0000 0000 0000 0000 0000 0000 0000 0000 0000 0000 0000 0000 0000 0000 0000 0000 0000 0000 0000 0000 0000 0000 0000 0000 0000 0000 0000 0000 0000 0000 0000 0000 0000 0000 0000 0000 0000 0000 0000 0000 0000 0000 0000 0000 0000 0000 0000 0000 0000 0000 0000 0000 0000 0000 0000 0000 0000 0000 0000 0000 0000 0000 0000 0000 0000 0000 0000 0000 0000 0000 0000 0000 0000 0000 0000 0000 0000 0000 0000 0000 0000 0000 0000 0000 0000 0000 0000 0000 0000 0000 0000 0000 0000 0000 0000 0000 0000 0000 0000 0000 0000 0000 0000 0000 0000 0000 0000 0000 0000 0000 0000 0000 0000 0000 0000 0000 0000 0000 0000 0000 0000 0000 0000 0000 0000 0000 0000 0000 0000 0000 0000 0000 0000 0000 0000 0000 0000 0000 0000 0000 0000 0000 0000 0000 0000 0000 0000 0000 0000 0000 0000 0000 0000 0000 0000 0000 0000 0000 0000 0000 0000 0000 0000 0000 0000 0000 0000 0000 0000 0000 0000 0000 0000 0000 0000 0000 0000 0000 0000 0000 0000 0000 0000 0000 0000 0000 0000 0000 0000 0000 0000 0000 0000 0000 0000 0000 0000 0000 0000 0000 0000 0000 0000 0000 0000 0000 0000 0000 0000 0000 0000 0000 0000 0000 0000 0000 0000 0000 0000 0000 0000 0000 0000 0000 0000 0000 0000 0000 0000 0000 0000 0000 0000 0000 0000 0000 0000 
[0;32mI (28885) SPI_SLAVE: pushed into queue[0m

[0;32mI (28885) MQTT_TASK: Read from queue[0m
[0;32mI (28915) MQTT_CLIENT: MQTT_EVENT_PUBLISHED, msg_id=53436[0m
[0;32mI (29735) SPI_SLAVE: Expected: 720 bytes, Got: 720 bytes[0m
[0;32mI (29735) SPI_SLAVE: Received uint16_t data:[0m
0000 0000 0000 0000 0000 0000 0000 0000 0000 0000 0000 0000 0000 0000 0000 0000 0000 0000 0000 0000 0000 0000 0000 0000 0000 0000 0000 0000 0000 0000 0000 0000 0000 0000 0000 0000 0000 0000 0000 0000 0000 0000 0000 0000 0000 0000 0000 0000 0000 0000 0000 0000 0000 0000 0000 0000 0000 0000 0000 0000 0000 0000 0000 0000 0000 0000 0000 0000 0000 0000 0000 0000 0000 0000 0000 0000 0000 0000 0000 0000 0000 0000 0000 0000 0000 0000 0000 0000 0000 0000 0000 0000 0000 0000 0000 0000 0000 0000 0000 0000 0000 0000 0000 0000 0000 0000 0000 0000 0000 0000 0000 0000 0000 0000 0000 0000 0000 0000 0000 0000 0000 0000 0000 0000 0000 0000 0000 0000 0000 0000 0000 0000 0000 0000 0000 0000 0000 0000 0000 0000 0000 0000 0000 0000 0000 0000 0000 0000 0000 0000 0000 0000 0000 0000 0000 0000 0000 0000 0000 0000 0000 0000 0000 0000 0000 0000 0000 0000 0000 0000 0000 0000 0000 0000 0000 0000 0000 0000 0000 0000 0000 0000 0000 0000 0000 0000 0000 0000 0000 0000 0000 0000 0000 0000 0000 0000 0000 0000 0000 0000 0000 0000 0000 0000 0000 0000 0000 0000 0000 0000 0000 0000 0000 0000 0000 0000 0000 0000 0000 0000 0000 0000 0000 0000 0000 0000 0000 0000 0000 0000 0000 0000 0000 0000 0000 0000 0000 0000 0000 0000 0000 0000 0000 0000 0000 0000 0000 0000 0000 0000 0000 0000 0000 0000 0000 0000 0000 0000 0000 0000 0000 0000 0000 0000 0000 0000 0000 0000 0000 0000 0000 0000 0000 0000 0000 0000 0000 0000 0000 0000 0000 0000 0000 0000 0000 0000 0000 0000 0000 0000 0000 0000 0000 0000 0000 0000 0000 0000 0000 0000 0000 0000 0000 0000 0000 0000 0000 0000 0000 0000 0000 0000 0000 0000 0000 0000 0000 0000 0000 0000 0000 0000 0000 0000 0000 0000 0000 0000 0000 0000 0000 0000 0000 0000 0000 0000 0000 0000 0000 0000 0000 0000 0000 0000 0000 0000 0000 0000 0000 0000 0000 0000 0000 0000 0000 0000 0000 0000 0000 0000 
[0;32mI (29885) SPI_SLAVE: pushed into queue[0m

[0;32mI (29885) MQTT_TASK: Read from queue[0m
[0;32mI (29915) MQTT_CLIENT: MQTT_EVENT_PUBLISHED, msg_id=59569[0m
[0;32mI (30735) SPI_SLAVE: Expected: 720 bytes, Got: 720 bytes[0m
[0;32mI (30735) SPI_SLAVE: Received uint16_t data:[0m
0000 0000 0000 0000 0000 0000 0000 0000 0000 0000 0000 0000 0000 0000 0000 0000 0000 0000 0000 0000 0000 0000 0000 0000 0000 0000 0000 0000 0000 0000 0000 0000 0000 0000 0000 0000 0000 0000 0000 0000 0000 0000 0000 0000 0000 0000 0000 0000 0000 0000 0000 0000 0000 0000 0000 0000 0000 0000 0000 0000 0000 0000 0000 0000 0000 0000 0000 0000 0000 0000 0000 0000 0000 0000 0000 0000 0000 0000 0000 0000 0000 0000 0000 0000 0000 0000 0000 0000 0000 0000 0000 0000 0000 0000 0000 0000 0000 0000 0000 0000 0000 0000 0000 0000 0000 0000 0000 0000 0000 0000 0000 0000 0000 0000 0000 0000 0000 0000 0000 0000 0000 0000 0000 0000 0000 0000 0000 0000 0000 0000 0000 0000 0000 0000 0000 0000 0000 0000 0000 0000 0000 0000 0000 0000 0000 0000 0000 0000 0000 0000 0000 0000 0000 0000 0000 0000 0000 0000 0000 0000 0000 0000 0000 0000 0000 0000 0000 0000 0000 0000 0000 0000 0000 0000 0000 0000 0000 0000 0000 0000 0000 0000 0000 0000 0000 0000 0000 0000 0000 0000 0000 0000 0000 0000 0000 0000 0000 0000 0000 0000 0000 0000 0000 0000 0000 0000 0000 0000 0000 0000 0000 0000 0000 0000 0000 0000 0000 0000 0000 0000 0000 0000 0000 0000 0000 0000 0000 0000 0000 0000 0000 0000 0000 0000 0000 0000 0000 0000 0000 0000 0000 0000 0000 0000 0000 0000 0000 0000 0000 0000 0000 0000 0000 0000 0000 0000 0000 0000 0000 0000 0000 0000 0000 0000 0000 0000 0000 0000 0000 0000 0000 0000 0000 0000 0000 0000 0000 0000 0000 0000 0000 0000 0000 0000 0000 0000 0000 0000 0000 0000 0000 0000 0000 0000 0000 0000 0000 0000 0000 0000 0000 0000 0000 0000 0000 0000 0000 0000 0000 0000 0000 0000 0000 0000 0000 0000 0000 0000 0000 0000 0000 0000 0000 0000 0000 0000 0000 0000 0000 0000 0000 0000 0000 0000 0000 0000 0000 0000 0000 0000 0000 0000 0000 0000 0000 0000 0000 0000 0000 0000 0000 0000 0000 0000 0000 0000 0000 0000 0000 0000 
[0;32mI (30885) SPI_SLAVE: pushed into queue[0m

[0;32mI (30885) MQTT_TASK: Read from queue[0m
[0;32mI (30915) MQTT_CLIENT: MQTT_EVENT_PUBLISHED, msg_id=33843[0m
[0;32mI (31735) SPI_SLAVE: Expected: 720 bytes, Got: 720 bytes[0m
[0;32mI (31735) SPI_SLAVE: Received uint16_t data:[0m
0000 0000 0000 0000 0000 0000 0000 0000 0000 0000 0000 0000 0000 0000 0000 0000 0000 0000 0000 0000 0000 0000 0000 0000 0000 0000 0000 0000 0000 0000 0000 0000 0000 0000 0000 0000 0000 0000 0000 0000 0000 0000 0000 0000 0000 0000 0000 0000 0000 0000 0000 0000 0000 0000 0000 0000 0000 0000 0000 0000 0000 0000 0000 0000 0000 0000 0000 0000 0000 0000 0000 0000 0000 0000 0000 0000 0000 0000 0000 0000 0000 0000 0000 0000 0000 0000 0000 0000 0000 0000 0000 0000 0000 0000 0000 0000 0000 0000 0000 0000 0000 0000 0000 0000 0000 0000 0000 0000 0000 0000 0000 0000 0000 0000 0000 0000 0000 0000 0000 0000 0000 0000 0000 0000 0000 0000 0000 0000 0000 0000 0000 0000 0000 0000 0000 0000 0000 0000 0000 0000 0000 0000 0000 0000 0000 0000 0000 0000 0000 0000 0000 0000 0000 0000 0000 0000 0000 0000 0000 0000 0000 0000 0000 0000 0000 0000 0000 0000 0000 0000 0000 0000 0000 0000 0000 0000 0000 0000 0000 0000 0000 0000 0000 0000 0000 0000 0000 0000 0000 0000 0000 0000 0000 0000 0000 0000 0000 0000 0000 0000 0000 0000 0000 0000 0000 0000 0000 0000 0000 0000 0000 0000 0000 0000 0000 0000 0000 0000 0000 0000 0000 0000 0000 0000 0000 0000 0000 0000 0000 0000 0000 0000 0000 0000 0000 0000 0000 0000 0000 0000 0000 0000 0000 0000 0000 0000 0000 0000 0000 0000 0000 0000 0000 0000 0000 0000 0000 0000 0000 0000 0000 0000 0000 0000 0000 0000 0000 0000 0000 0000 0000 0000 0000 0000 0000 0000 0000 0000 0000 0000 0000 0000 0000 0000 0000 0000 0000 0000 0000 0000 0000 0000 0000 0000 0000 0000 0000 0000 0000 0000 0000 0000 0000 0000 0000 0000 0000 0000 0000 0000 0000 0000 0000 0000 0000 0000 0000 0000 0000 0000 0000 0000 0000 0000 0000 0000 0000 0000 0000 0000 0000 0000 0000 0000 0000 0000 0000 0000 0000 0000 0000 0000 0000 0000 0000 0000 0000 0000 0000 0000 0000 0000 0000 0000 0000 0000 0000 0000 0000 0000 
[0;32mI (31885) SPI_SLAVE: pushed into queue[0m

[0;32mI (31885) MQTT_TASK: Read from queue[0m
[0;32mI (31915) MQTT_CLIENT: MQTT_EVENT_PUBLISHED, msg_id=19666[0m
[0;32mI (32735) SPI_SLAVE: Expected: 720 bytes, Got: 720 bytes[0m
[0;32mI (32735) SPI_SLAVE: Received uint16_t data:[0m
0000 0000 0000 0000 0000 0000 0000 0000 0000 0000 0000 0000 0000 0000 0000 0000 0000 0000 0000 0000 0000 0000 0000 0000 0000 0000 0000 0000 0000 0000 0000 0000 0000 0000 0000 0000 0000 0000 0000 0000 0000 0000 0000 0000 0000 0000 0000 0000 0000 0000 0000 0000 0000 0000 0000 0000 0000 0000 0000 0000 0000 0000 0000 0000 0000 0000 0000 0000 0000 0000 0000 0000 0000 0000 0000 0000 0000 0000 0000 0000 0000 0000 0000 0000 0000 0000 0000 0000 0000 0000 0000 0000 0000 0000 0000 0000 0000 0000 0000 0000 0000 0000 0000 0000 0000 0000 0000 0000 0000 0000 0000 0000 0000 0000 0000 0000 0000 0000 0000 0000 0000 0000 0000 0000 0000 0000 0000 0000 0000 0000 0000 0000 0000 0000 0000 0000 0000 0000 0000 0000 0000 0000 0000 0000 0000 0000 0000 0000 0000 0000 0000 0000 0000 0000 0000 0000 0000 0000 0000 0000 0000 0000 0000 0000 0000 0000 0000 0000 0000 0000 0000 0000 0000 0000 0000 0000 0000 0000 0000 0000 0000 0000 0000 0000 0000 0000 0000 0000 0000 0000 0000 0000 0000 0000 0000 0000 0000 0000 0000 0000 0000 0000 0000 0000 0000 0000 0000 0000 0000 0000 0000 0000 0000 0000 0000 0000 0000 0000 0000 0000 0000 0000 0000 0000 0000 0000 0000 0000 0000 0000 0000 0000 0000 0000 0000 0000 0000 0000 0000 0000 0000 0000 0000 0000 0000 0000 0000 0000 0000 0000 0000 0000 0000 0000 0000 0000 0000 0000 0000 0000 0000 0000 0000 0000 0000 0000 0000 0000 0000 0000 0000 0000 0000 0000 0000 0000 0000 0000 0000 0000 0000 0000 0000 0000 0000 0000 0000 0000 0000 0000 0000 0000 0000 0000 0000 0000 0000 0000 0000 0000 0000 0000 0000 0000 0000 0000 0000 0000 0000 0000 0000 0000 0000 0000 0000 0000 0000 0000 0000 0000 0000 0000 0000 0000 0000 0000 0000 0000 0000 0000 0000 0000 0000 0000 0000 0000 0000 0000 0000 0000 0000 0000 0000 0000 0000 0000 0000 0000 0000 0000 0000 0000 0000 0000 0000 0000 0000 0000 0000 0000 
[0;32mI (32885) SPI_SLAVE: pushed into queue[0m

[0;32mI (32885) MQTT_TASK: Read from queue[0m
[0;32mI (32915) MQTT_CLIENT: MQTT_EVENT_PUBLISHED, msg_id=25956[0m
[0;32mI (33735) SPI_SLAVE: Expected: 720 bytes, Got: 720 bytes[0m
[0;32mI (33735) SPI_SLAVE: Received uint16_t data:[0m
0000 0000 0000 0000 0000 0000 0000 0000 0000 0000 0000 0000 0000 0000 0000 0000 0000 0000 0000 0000 0000 0000 0000 0000 0000 0000 0000 0000 0000 0000 0000 0000 0000 0000 0000 0000 0000 0000 0000 0000 0000 0000 0000 0000 0000 0000 0000 0000 0000 0000 0000 0000 0000 0000 0000 0000 0000 0000 0000 0000 0000 0000 0000 0000 0000 0000 0000 0000 0000 0000 0000 0000 0000 0000 0000 0000 0000 0000 0000 0000 0000 0000 0000 0000 0000 0000 0000 0000 0000 0000 0000 0000 0000 0000 0000 0000 0000 0000 0000 0000 0000 0000 0000 0000 0000 0000 0000 0000 0000 0000 0000 0000 0000 0000 0000 0000 0000 0000 0000 0000 0000 0000 0000 0000 0000 0000 0000 0000 0000 0000 0000 0000 0000 0000 0000 0000 0000 0000 0000 0000 0000 0000 0000 0000 0000 0000 0000 0000 0000 0000 0000 0000 0000 0000 0000 0000 0000 0000 0000 0000 0000 0000 0000 0000 0000 0000 0000 0000 0000 0000 0000 0000 0000 0000 0000 0000 0000 0000 0000 0000 0000 0000 0000 0000 0000 0000 0000 0000 0000 0000 0000 0000 0000 0000 0000 0000 0000 0000 0000 0000 0000 0000 0000 0000 0000 0000 0000 0000 0000 0000 0000 0000 0000 0000 0000 0000 0000 0000 0000 0000 0000 0000 0000 0000 0000 0000 0000 0000 0000 0000 0000 0000 0000 0000 0000 0000 0000 0000 0000 0000 0000 0000 0000 0000 0000 0000 0000 0000 0000 0000 0000 0000 0000 0000 0000 0000 0000 0000 0000 0000 0000 0000 0000 0000 0000 0000 0000 0000 0000 0000 0000 0000 0000 0000 0000 0000 0000 0000 0000 0000 0000 0000 0000 0000 0000 0000 0000 0000 0000 0000 0000 0000 0000 0000 0000 0000 0000 0000 0000 0000 0000 0000 0000 0000 0000 0000 0000 0000 0000 0000 0000 0000 0000 0000 0000 0000 0000 0000 0000 0000 0000 0000 0000 0000 0000 0000 0000 0000 0000 0000 0000 0000 0000 0000 0000 0000 0000 0000 0000 0000 0000 0000 0000 0000 0000 0000 0000 0000 0000 0000 0000 0000 0000 0000 0000 0000 0000 0000 0000 0000 
[0;32mI (33885) SPI_SLAVE: pushed into queue[0m

[0;32mI (33885) MQTT_TASK: Read from queue[0m
[0;32mI (33915) MQTT_CLIENT: MQTT_EVENT_PUBLISHED, msg_id=33146[0m
[0;32mI (34735) SPI_SLAVE: Expected: 720 bytes, Got: 720 bytes[0m
[0;32mI (34735) SPI_SLAVE: Received uint16_t data:[0m
0000 0000 0000 0000 0000 0000 0000 0000 0000 0000 0000 0000 0000 0000 0000 0000 0000 0000 0000 0000 0000 0000 0000 0000 0000 0000 0000 0000 0000 0000 0000 0000 0000 0000 0000 0000 0000 0000 0000 0000 0000 0000 0000 0000 0000 0000 0000 0000 0000 0000 0000 0000 0000 0000 0000 0000 0000 0000 0000 0000 0000 0000 0000 0000 0000 0000 0000 0000 0000 0000 0000 0000 0000 0000 0000 0000 0000 0000 0000 0000 0000 0000 0000 0000 0000 0000 0000 0000 0000 0000 0000 0000 0000 0000 0000 0000 0000 0000 0000 0000 0000 0000 0000 0000 0000 0000 0000 0000 0000 0000 0000 0000 0000 0000 0000 0000 0000 0000 0000 0000 0000 0000 0000 0000 0000 0000 0000 0000 0000 0000 0000 0000 0000 0000 0000 0000 0000 0000 0000 0000 0000 0000 0000 0000 0000 0000 0000 0000 0000 0000 0000 0000 0000 0000 0000 0000 0000 0000 0000 0000 0000 0000 0000 0000 0000 0000 0000 0000 0000 0000 0000 0000 0000 0000 0000 0000 0000 0000 0000 0000 0000 0000 0000 0000 0000 0000 0000 0000 0000 0000 0000 0000 0000 0000 0000 0000 0000 0000 0000 0000 0000 0000 0000 0000 0000 0000 0000 0000 0000 0000 0000 0000 0000 0000 0000 0000 0000 0000 0000 0000 0000 0000 0000 0000 0000 0000 0000 0000 0000 0000 0000 0000 0000 0000 0000 0000 0000 0000 0000 0000 0000 0000 0000 0000 0000 0000 0000 0000 0000 0000 0000 0000 0000 0000 0000 0000 0000 0000 0000 0000 0000 0000 0000 0000 0000 0000 0000 0000 0000 0000 0000 0000 0000 0000 0000 0000 0000 0000 0000 0000 0000 0000 0000 0000 0000 0000 0000 0000 0000 0000 0000 0000 0000 0000 0000 0000 0000 0000 0000 0000 0000 0000 0000 0000 0000 0000 0000 0000 0000 0000 0000 0000 0000 0000 0000 0000 0000 0000 0000 0000 0000 0000 0000 0000 0000 0000 0000 0000 0000 0000 0000 0000 0000 0000 0000 0000 0000 0000 0000 0000 0000 0000 0000 0000 0000 0000 0000 0000 0000 0000 0000 0000 0000 0000 0000 0000 0000 0000 0000 0000 
[0;32mI (34885) SPI_SLAVE: pushed into queue[0m

[0;32mI (34885) MQTT_TASK: Read from queue[0m
[0;32mI (34915) MQTT_CLIENT: MQTT_EVENT_PUBLISHED, msg_id=46578[0m
[0;32mI (35735) SPI_SLAVE: Expected: 720 bytes, Got: 720 bytes[0m
[0;32mI (35735) SPI_SLAVE: Received uint16_t data:[0m
0000 0000 0000 0000 0000 0000 0000 0000 0000 0000 0000 0000 0000 0000 0000 0000 0000 0000 0000 0000 0000 0000 0000 0000 0000 0000 0000 0000 0000 0000 0000 0000 0000 0000 0000 0000 0000 0000 0000 0000 0000 0000 0000 0000 0000 0000 0000 0000 0000 0000 0000 0000 0000 0000 0000 0000 0000 0000 0000 0000 0000 0000 0000 0000 0000 0000 0000 0000 0000 0000 0000 0000 0000 0000 0000 0000 0000 0000 0000 0000 0000 0000 0000 0000 0000 0000 0000 0000 0000 0000 0000 0000 0000 0000 0000 0000 0000 0000 0000 0000 0000 0000 0000 0000 0000 0000 0000 0000 0000 0000 0000 0000 0000 0000 0000 0000 0000 0000 0000 0000 0000 0000 0000 0000 0000 0000 0000 0000 0000 0000 0000 0000 0000 0000 0000 0000 0000 0000 0000 0000 0000 0000 0000 0000 0000 0000 0000 0000 0000 0000 0000 0000 0000 0000 0000 0000 0000 0000 0000 0000 0000 0000 0000 0000 0000 0000 0000 0000 0000 0000 0000 0000 0000 0000 0000 0000 0000 0000 0000 0000 0000 0000 0000 0000 0000 0000 0000 0000 0000 0000 0000 0000 0000 0000 0000 0000 0000 0000 0000 0000 0000 0000 0000 0000 0000 0000 0000 0000 0000 0000 0000 0000 0000 0000 0000 0000 0000 0000 0000 0000 0000 0000 0000 0000 0000 0000 0000 0000 0000 0000 0000 0000 0000 0000 0000 0000 0000 0000 0000 0000 0000 0000 0000 0000 0000 0000 0000 0000 0000 0000 0000 0000 0000 0000 0000 0000 0000 0000 0000 0000 0000 0000 0000 0000 0000 0000 0000 0000 0000 0000 0000 0000 0000 0000 0000 0000 0000 0000 0000 0000 0000 0000 0000 0000 0000 0000 0000 0000 0000 0000 0000 0000 0000 0000 0000 0000 0000 0000 0000 0000 0000 0000 0000 0000 0000 0000 0000 0000 0000 0000 0000 0000 0000 0000 0000 0000 0000 0000 0000 0000 0000 0000 0000 0000 0000 0000 0000 0000 0000 0000 0000 0000 0000 0000 0000 0000 0000 0000 0000 0000 0000 0000 0000 0000 0000 0000 0000 0000 0000 0000 0000 0000 0000 0000 0000 0000 0000 0000 0000 0000 
[0;32mI (35885) SPI_SLAVE: pushed into queue[0m

[0;32mI (35885) MQTT_TASK: Read from queue[0m
[0;32mI (35915) MQTT_CLIENT: MQTT_EVENT_PUBLISHED, msg_id=55135[0m
[0;32mI (36735) SPI_SLAVE: Expected: 720 bytes, Got: 720 bytes[0m
[0;32mI (36735) SPI_SLAVE: Received uint16_t data:[0m
0000 0000 0000 0000 0000 0000 0000 0000 0000 0000 0000 0000 0000 0000 0000 0000 0000 0000 0000 0000 0000 0000 0000 0000 0000 0000 0000 0000 0000 0000 0000 0000 0000 0000 0000 0000 0000 0000 0000 0000 0000 0000 0000 0000 0000 0000 0000 0000 0000 0000 0000 0000 0000 0000 0000 0000 0000 0000 0000 0000 0000 0000 0000 0000 0000 0000 0000 0000 0000 0000 0000 0000 0000 0000 0000 0000 0000 0000 0000 0000 0000 0000 0000 0000 0000 0000 0000 0000 0000 0000 0000 0000 0000 0000 0000 0000 0000 0000 0000 0000 0000 0000 0000 0000 0000 0000 0000 0000 0000 0000 0000 0000 0000 0000 0000 0000 0000 0000 0000 0000 0000 0000 0000 0000 0000 0000 0000 0000 0000 0000 0000 0000 0000 0000 0000 0000 0000 0000 0000 0000 0000 0000 0000 0000 0000 0000 0000 0000 0000 0000 0000 0000 0000 0000 0000 0000 0000 0000 0000 0000 0000 0000 0000 0000 0000 0000 0000 0000 0000 0000 0000 0000 0000 0000 0000 0000 0000 0000 0000 0000 0000 0000 0000 0000 0000 0000 0000 0000 0000 0000 0000 0000 0000 0000 0000 0000 0000 0000 0000 0000 0000 0000 0000 0000 0000 0000 0000 0000 0000 0000 0000 0000 0000 0000 0000 0000 0000 0000 0000 0000 0000 0000 0000 0000 0000 0000 0000 0000 0000 0000 0000 0000 0000 0000 0000 0000 0000 0000 0000 0000 0000 0000 0000 0000 0000 0000 0000 0000 0000 0000 0000 0000 0000 0000 0000 0000 0000 0000 0000 0000 0000 0000 0000 0000 0000 0000 0000 0000 0000 0000 0000 0000 0000 0000 0000 0000 0000 0000 0000 0000 0000 0000 0000 0000 0000 0000 0000 0000 0000 0000 0000 0000 0000 0000 0000 0000 0000 0000 0000 0000 0000 0000 0000 0000 0000 0000 0000 0000 0000 0000 0000 0000 0000 0000 0000 0000 0000 0000 0000 0000 0000 0000 0000 0000 0000 0000 0000 0000 0000 0000 0000 0000 0000 0000 0000 0000 0000 0000 0000 0000 0000 0000 0000 0000 0000 0000 0000 0000 0000 0000 0000 0000 0000 0000 0000 0000 0000 0000 0000 0000 
[0;32mI (36885) SPI_SLAVE: pushed into queue[0m

[0;32mI (36885) MQTT_TASK: Read from queue[0m
[0;32mI (36915) MQTT_CLIENT: MQTT_EVENT_PUBLISHED, msg_id=15912[0m
[0;32mI (37735) SPI_SLAVE: Expected: 720 bytes, Got: 720 bytes[0m
[0;32mI (37735) SPI_SLAVE: Received uint16_t data:[0m
0000 0000 0000 0000 0000 0000 0000 0000 0000 0000 0000 0000 0000 0000 0000 0000 0000 0000 0000 0000 0000 0000 0000 0000 0000 0000 0000 0000 0000 0000 0000 0000 0000 0000 0000 0000 0000 0000 0000 0000 0000 0000 0000 0000 0000 0000 0000 0000 0000 0000 0000 0000 0000 0000 0000 0000 0000 0000 0000 0000 0000 0000 0000 0000 0000 0000 0000 0000 0000 0000 0000 0000 0000 0000 0000 0000 0000 0000 0000 0000 0000 0000 0000 0000 0000 0000 0000 0000 0000 0000 0000 0000 0000 0000 0000 0000 0000 0000 0000 0000 0000 0000 0000 0000 0000 0000 0000 0000 0000 0000 0000 0000 0000 0000 0000 0000 0000 0000 0000 0000 0000 0000 0000 0000 0000 0000 0000 0000 0000 0000 0000 0000 0000 0000 0000 0000 0000 0000 0000 0000 0000 0000 0000 0000 0000 0000 0000 0000 0000 0000 0000 0000 0000 0000 0000 0000 0000 0000 0000 0000 0000 0000 0000 0000 0000 0000 0000 0000 0000 0000 0000 0000 0000 0000 0000 0000 0000 0000 0000 0000 0000 0000 0000 0000 0000 0000 0000 0000 0000 0000 0000 0000 0000 0000 0000 0000 0000 0000 0000 0000 0000 0000 0000 0000 0000 0000 0000 0000 0000 0000 0000 0000 0000 0000 0000 0000 0000 0000 0000 0000 0000 0000 0000 0000 0000 0000 0000 0000 0000 0000 0000 0000 0000 0000 0000 0000 0000 0000 0000 0000 0000 0000 0000 0000 0000 0000 0000 0000 0000 0000 0000 0000 0000 0000 0000 0000 0000 0000 0000 0000 0000 0000 0000 0000 0000 0000 0000 0000 0000 0000 0000 0000 0000 0000 0000 0000 0000 0000 0000 0000 0000 0000 0000 0000 0000 0000 0000 0000 0000 0000 0000 0000 0000 0000 0000 0000 0000 0000 0000 0000 0000 0000 0000 0000 0000 0000 0000 0000 0000 0000 0000 0000 0000 0000 0000 0000 0000 0000 0000 0000 0000 0000 0000 0000 0000 0000 0000 0000 0000 0000 0000 0000 0000 0000 0000 0000 0000 0000 0000 0000 0000 0000 0000 0000 0000 0000 0000 0000 0000 0000 0000 0000 0000 0000 0000 0000 0000 0000 0000 0000 
[0;32mI (37885) SPI_SLAVE: pushed into queue[0m

[0;32mI (37885) MQTT_TASK: Read from queue[0m
[0;32mI (37915) MQTT_CLIENT: MQTT_EVENT_PUBLISHED, msg_id=61342[0m
[0;32mI (38725) SPI_SLAVE: Expected: 720 bytes, Got: 720 bytes[0m
[0;32mI (38735) SPI_SLAVE: Received uint16_t data:[0m
0000 0000 0000 0000 0000 0000 0000 0000 0000 0000 0000 0000 0000 0000 0000 0000 0000 0000 0000 0000 0000 0000 0000 0000 0000 0000 0000 0000 0000 0000 0000 0000 0000 0000 0000 0000 0000 0000 0000 0000 0000 0000 0000 0000 0000 0000 0000 0000 0000 0000 0000 0000 0000 0000 0000 0000 0000 0000 0000 0000 0000 0000 0000 0000 0000 0000 0000 0000 0000 0000 0000 0000 0000 0000 0000 0000 0000 0000 0000 0000 0000 0000 0000 0000 0000 0000 0000 0000 0000 0000 0000 0000 0000 0000 0000 0000 0000 0000 0000 0000 0000 0000 0000 0000 0000 0000 0000 0000 0000 0000 0000 0000 0000 0000 0000 0000 0000 0000 0000 0000 0000 0000 0000 0000 0000 0000 0000 0000 0000 0000 0000 0000 0000 0000 0000 0000 0000 0000 0000 0000 0000 0000 0000 0000 0000 0000 0000 0000 0000 0000 0000 0000 0000 0000 0000 0000 0000 0000 0000 0000 0000 0000 0000 0000 0000 0000 0000 0000 0000 0000 0000 0000 0000 0000 0000 0000 0000 0000 0000 0000 0000 0000 0000 0000 0000 0000 0000 0000 0000 0000 0000 0000 0000 0000 0000 0000 0000 0000 0000 0000 0000 0000 0000 0000 0000 0000 0000 0000 0000 0000 0000 0000 0000 0000 0000 0000 0000 0000 0000 0000 0000 0000 0000 0000 0000 0000 0000 0000 0000 0000 0000 0000 0000 0000 0000 0000 0000 0000 0000 0000 0000 0000 0000 0000 0000 0000 0000 0000 0000 0000 0000 0000 0000 0000 0000 0000 0000 0000 0000 0000 0000 0000 0000 0000 0000 0000 0000 0000 0000 0000 0000 0000 0000 0000 0000 0000 0000 0000 0000 0000 0000 0000 0000 0000 0000 0000 0000 0000 0000 0000 0000 0000 0000 0000 0000 0000 0000 0000 0000 0000 0000 0000 0000 0000 0000 0000 0000 0000 0000 0000 0000 0000 0000 0000 0000 0000 0000 0000 0000 0000 0000 0000 0000 0000 0000 0000 0000 0000 0000 0000 0000 0000 0000 0000 0000 0000 0000 0000 0000 0000 0000 0000 0000 0000 0000 0000 0000 0000 0000 0000 0000 0000 0000 0000 0000 0000 0000 0000 0000 0000 
[0;32mI (38885) SPI_SLAVE: pushed into queue[0m

[0;32mI (38885) MQTT_TASK: Read from queue[0m
[0;32mI (38915) MQTT_CLIENT: MQTT_EVENT_PUBLISHED, msg_id=17294[0m
[0;32mI (39725) SPI_SLAVE: Expected: 720 bytes, Got: 720 bytes[0m
[0;32mI (39735) SPI_SLAVE: Received uint16_t data:[0m
0000 0000 0000 0000 0000 0000 0000 0000 0000 0000 0000 0000 0000 0000 0000 0000 0000 0000 0000 0000 0000 0000 0000 0000 0000 0000 0000 0000 0000 0000 0000 0000 0000 0000 0000 0000 0000 0000 0000 0000 0000 0000 0000 0000 0000 0000 0000 0000 0000 0000 0000 0000 0000 0000 0000 0000 0000 0000 0000 0000 0000 0000 0000 0000 0000 0000 0000 0000 0000 0000 0000 0000 0000 0000 0000 0000 0000 0000 0000 0000 0000 0000 0000 0000 0000 0000 0000 0000 0000 0000 0000 0000 0000 0000 0000 0000 0000 0000 0000 0000 0000 0000 0000 0000 0000 0000 0000 0000 0000 0000 0000 0000 0000 0000 0000 0000 0000 0000 0000 0000 0000 0000 0000 0000 0000 0000 0000 0000 0000 0000 0000 0000 0000 0000 0000 0000 0000 0000 0000 0000 0000 0000 0000 0000 0000 0000 0000 0000 0000 0000 0000 0000 0000 0000 0000 0000 0000 0000 0000 0000 0000 0000 0000 0000 0000 0000 0000 0000 0000 0000 0000 0000 0000 0000 0000 0000 0000 0000 0000 0000 0000 0000 0000 0000 0000 0000 0000 0000 0000 0000 0000 0000 0000 0000 0000 0000 0000 0000 0000 0000 0000 0000 0000 0000 0000 0000 0000 0000 0000 0000 0000 0000 0000 0000 0000 0000 0000 0000 0000 0000 0000 0000 0000 0000 0000 0000 0000 0000 0000 0000 0000 0000 0000 0000 0000 0000 0000 0000 0000 0000 0000 0000 0000 0000 0000 0000 0000 0000 0000 0000 0000 0000 0000 0000 0000 0000 0000 0000 0000 0000 0000 0000 0000 0000 0000 0000 0000 0000 0000 0000 0000 0000 0000 0000 0000 0000 0000 0000 0000 0000 0000 0000 0000 0000 0000 0000 0000 0000 0000 0000 0000 0000 0000 0000 0000 0000 0000 0000 0000 0000 0000 0000 0000 0000 0000 0000 0000 0000 0000 0000 0000 0000 0000 0000 0000 0000 0000 0000 0000 0000 0000 0000 0000 0000 0000 0000 0000 0000 0000 0000 0000 0000 0000 0000 0000 0000 0000 0000 0000 0000 0000 0000 0000 0000 0000 0000 0000 0000 0000 0000 0000 0000 0000 0000 0000 0000 0000 0000 0000 0000 
[0;32mI (39885) SPI_SLAVE: pushed into queue[0m

[0;32mI (39885) MQTT_TASK: Read from queue[0m
[0;32mI (39915) MQTT_CLIENT: MQTT_EVENT_PUBLISHED, msg_id=19385[0m
[0;32mI (40725) SPI_SLAVE: Expected: 720 bytes, Got: 720 bytes[0m
[0;32mI (40735) SPI_SLAVE: Received uint16_t data:[0m
0000 0000 0000 0000 0000 0000 0000 0000 0000 0000 0000 0000 0000 0000 0000 0000 0000 0000 0000 0000 0000 0000 0000 0000 0000 0000 0000 0000 0000 0000 0000 0000 0000 0000 0000 0000 0000 0000 0000 0000 0000 0000 0000 0000 0000 0000 0000 0000 0000 0000 0000 0000 0000 0000 0000 0000 0000 0000 0000 0000 0000 0000 0000 0000 0000 0000 0000 0000 0000 0000 0000 0000 0000 0000 0000 0000 0000 0000 0000 0000 0000 0000 0000 0000 0000 0000 0000 0000 0000 0000 0000 0000 0000 0000 0000 0000 0000 0000 0000 0000 0000 0000 0000 0000 0000 0000 0000 0000 0000 0000 0000 0000 0000 0000 0000 0000 0000 0000 0000 0000 0000 0000 0000 0000 0000 0000 0000 0000 0000 0000 0000 0000 0000 0000 0000 0000 0000 0000 0000 0000 0000 0000 0000 0000 0000 0000 0000 0000 0000 0000 0000 0000 0000 0000 0000 0000 0000 0000 0000 0000 0000 0000 0000 0000 0000 0000 0000 0000 0000 0000 0000 0000 0000 0000 0000 0000 0000 0000 0000 0000 0000 0000 0000 0000 0000 0000 0000 0000 0000 0000 0000 0000 0000 0000 0000 0000 0000 0000 0000 0000 0000 0000 0000 0000 0000 0000 0000 0000 0000 0000 0000 0000 0000 0000 0000 0000 0000 0000 0000 0000 0000 0000 0000 0000 0000 0000 0000 0000 0000 0000 0000 0000 0000 0000 0000 0000 0000 0000 0000 0000 0000 0000 0000 0000 0000 0000 0000 0000 0000 0000 0000 0000 0000 0000 0000 0000 0000 0000 0000 0000 0000 0000 0000 0000 0000 0000 0000 0000 0000 0000 0000 0000 0000 0000 0000 0000 0000 0000 0000 0000 0000 0000 0000 0000 0000 0000 0000 0000 0000 0000 0000 0000 0000 0000 0000 0000 0000 0000 0000 0000 0000 0000 0000 0000 0000 0000 0000 0000 0000 0000 0000 0000 0000 0000 0000 0000 0000 0000 0000 0000 0000 0000 0000 0000 0000 0000 0000 0000 0000 0000 0000 0000 0000 0000 0000 0000 0000 0000 0000 0000 0000 0000 0000 0000 0000 0000 0000 0000 0000 0000 0000 0000 0000 0000 0000 0000 0000 0000 0000 0000 
[0;32mI (40885) SPI_SLAVE: pushed into queue[0m

[0;32mI (40885) MQTT_TASK: Read from queue[0m
[0;32mI (40915) MQTT_CLIENT: MQTT_EVENT_PUBLISHED, msg_id=48758[0m
[0;32mI (41725) SPI_SLAVE: Expected: 720 bytes, Got: 720 bytes[0m
[0;32mI (41735) SPI_SLAVE: Received uint16_t data:[0m
0000 0000 0000 0000 0000 0000 0000 0000 0000 0000 0000 0000 0000 0000 0000 0000 0000 0000 0000 0000 0000 0000 0000 0000 0000 0000 0000 0000 0000 0000 0000 0000 0000 0000 0000 0000 0000 0000 0000 0000 0000 0000 0000 0000 0000 0000 0000 0000 0000 0000 0000 0000 0000 0000 0000 0000 0000 0000 0000 0000 0000 0000 0000 0000 0000 0000 0000 0000 0000 0000 0000 0000 0000 0000 0000 0000 0000 0000 0000 0000 0000 0000 0000 0000 0000 0000 0000 0000 0000 0000 0000 0000 0000 0000 0000 0000 0000 0000 0000 0000 0000 0000 0000 0000 0000 0000 0000 0000 0000 0000 0000 0000 0000 0000 0000 0000 0000 0000 0000 0000 0000 0000 0000 0000 0000 0000 0000 0000 0000 0000 0000 0000 0000 0000 0000 0000 0000 0000 0000 0000 0000 0000 0000 0000 0000 0000 0000 0000 0000 0000 0000 0000 0000 0000 0000 0000 0000 0000 0000 0000 0000 0000 0000 0000 0000 0000 0000 0000 0000 0000 0000 0000 0000 0000 0000 0000 0000 0000 0000 0000 0000 0000 0000 0000 0000 0000 0000 0000 0000 0000 0000 0000 0000 0000 0000 0000 0000 0000 0000 0000 0000 0000 0000 0000 0000 0000 0000 0000 0000 0000 0000 0000 0000 0000 0000 0000 0000 0000 0000 0000 0000 0000 0000 0000 0000 0000 0000 0000 0000 0000 0000 0000 0000 0000 0000 0000 0000 0000 0000 0000 0000 0000 0000 0000 0000 0000 0000 0000 0000 0000 0000 0000 0000 0000 0000 0000 0000 0000 0000 0000 0000 0000 0000 0000 0000 0000 0000 0000 0000 0000 0000 0000 0000 0000 0000 0000 0000 0000 0000 0000 0000 0000 0000 0000 0000 0000 0000 0000 0000 0000 0000 0000 0000 0000 0000 0000 0000 0000 0000 0000 0000 0000 0000 0000 0000 0000 0000 0000 0000 0000 0000 0000 0000 0000 0000 0000 0000 0000 0000 0000 0000 0000 0000 0000 0000 0000 0000 0000 0000 0000 0000 0000 0000 0000 0000 0000 0000 0000 0000 0000 0000 0000 0000 0000 0000 0000 0000 0000 0000 0000 0000 0000 0000 0000 0000 0000 0000 0000 0000 0000 
[0;32mI (41885) SPI_SLAVE: pushed into queue[0m

[0;32mI (41885) MQTT_TASK: Read from queue[0m
[0;32mI (41915) MQTT_CLIENT: MQTT_EVENT_PUBLISHED, msg_id=49580[0m
[0;32mI (42725) SPI_SLAVE: Expected: 720 bytes, Got: 720 bytes[0m
[0;32mI (42735) SPI_SLAVE: Received uint16_t data:[0m
0000 0000 0000 0000 0000 0000 0000 0000 0000 0000 0000 0000 0000 0000 0000 0000 0000 0000 0000 0000 0000 0000 0000 0000 0000 0000 0000 0000 0000 0000 0000 0000 0000 0000 0000 0000 0000 0000 0000 0000 0000 0000 0000 0000 0000 0000 0000 0000 0000 0000 0000 0000 0000 0000 0000 0000 0000 0000 0000 0000 0000 0000 0000 0000 0000 0000 0000 0000 0000 0000 0000 0000 0000 0000 0000 0000 0000 0000 0000 0000 0000 0000 0000 0000 0000 0000 0000 0000 0000 0000 0000 0000 0000 0000 0000 0000 0000 0000 0000 0000 0000 0000 0000 0000 0000 0000 0000 0000 0000 0000 0000 0000 0000 0000 0000 0000 0000 0000 0000 0000 0000 0000 0000 0000 0000 0000 0000 0000 0000 0000 0000 0000 0000 0000 0000 0000 0000 0000 0000 0000 0000 0000 0000 0000 0000 0000 0000 0000 0000 0000 0000 0000 0000 0000 0000 0000 0000 0000 0000 0000 0000 0000 0000 0000 0000 0000 0000 0000 0000 0000 0000 0000 0000 0000 0000 0000 0000 0000 0000 0000 0000 0000 0000 0000 0000 0000 0000 0000 0000 0000 0000 0000 0000 0000 0000 0000 0000 0000 0000 0000 0000 0000 0000 0000 0000 0000 0000 0000 0000 0000 0000 0000 0000 0000 0000 0000 0000 0000 0000 0000 0000 0000 0000 0000 0000 0000 0000 0000 0000 0000 0000 0000 0000 0000 0000 0000 0000 0000 0000 0000 0000 0000 0000 0000 0000 0000 0000 0000 0000 0000 0000 0000 0000 0000 0000 0000 0000 0000 0000 0000 0000 0000 0000 0000 0000 0000 0000 0000 0000 0000 0000 0000 0000 0000 0000 0000 0000 0000 0000 0000 0000 0000 0000 0000 0000 0000 0000 0000 0000 0000 0000 0000 0000 0000 0000 0000 0000 0000 0000 0000 0000 0000 0000 0000 0000 0000 0000 0000 0000 0000 0000 0000 0000 0000 0000 0000 0000 0000 0000 0000 0000 0000 0000 0000 0000 0000 0000 0000 0000 0000 0000 0000 0000 0000 0000 0000 0000 0000 0000 0000 0000 0000 0000 0000 0000 0000 0000 0000 0000 0000 0000 0000 0000 0000 0000 0000 0000 0000 0000 0000 
[0;32mI (42885) SPI_SLAVE: pushed into queue[0m

[0;32mI (42885) MQTT_TASK: Read from queue[0m
[0;32mI (42915) MQTT_CLIENT: MQTT_EVENT_PUBLISHED, msg_id=42351[0m
[0;32mI (43725) SPI_SLAVE: Expected: 720 bytes, Got: 720 bytes[0m
[0;32mI (43735) SPI_SLAVE: Received uint16_t data:[0m
0000 0000 0000 0000 0000 0000 0000 0000 0000 0000 0000 0000 0000 0000 0000 0000 0000 0000 0000 0000 0000 0000 0000 0000 0000 0000 0000 0000 0000 0000 0000 0000 0000 0000 0000 0000 0000 0000 0000 0000 0000 0000 0000 0000 0000 0000 0000 0000 0000 0000 0000 0000 0000 0000 0000 0000 0000 0000 0000 0000 0000 0000 0000 0000 0000 0000 0000 0000 0000 0000 0000 0000 0000 0000 0000 0000 0000 0000 0000 0000 0000 0000 0000 0000 0000 0000 0000 0000 0000 0000 0000 0000 0000 0000 0000 0000 0000 0000 0000 0000 0000 0000 0000 0000 0000 0000 0000 0000 0000 0000 0000 0000 0000 0000 0000 0000 0000 0000 0000 0000 0000 0000 0000 0000 0000 0000 0000 0000 0000 0000 0000 0000 0000 0000 0000 0000 0000 0000 0000 0000 0000 0000 0000 0000 0000 0000 0000 0000 0000 0000 0000 0000 0000 0000 0000 0000 0000 0000 0000 0000 0000 0000 0000 0000 0000 0000 0000 0000 0000 0000 0000 0000 0000 0000 0000 0000 0000 0000 0000 0000 0000 0000 0000 0000 0000 0000 0000 0000 0000 0000 0000 0000 0000 0000 0000 0000 0000 0000 0000 0000 0000 0000 0000 0000 0000 0000 0000 0000 0000 0000 0000 0000 0000 0000 0000 0000 0000 0000 0000 0000 0000 0000 0000 0000 0000 0000 0000 0000 0000 0000 0000 0000 0000 0000 0000 0000 0000 0000 0000 0000 0000 0000 0000 0000 0000 0000 0000 0000 0000 0000 0000 0000 0000 0000 0000 0000 0000 0000 0000 0000 0000 0000 0000 0000 0000 0000 0000 0000 0000 0000 0000 0000 0000 0000 0000 0000 0000 0000 0000 0000 0000 0000 0000 0000 0000 0000 0000 0000 0000 0000 0000 0000 0000 0000 0000 0000 0000 0000 0000 0000 0000 0000 0000 0000 0000 0000 0000 0000 0000 0000 0000 0000 0000 0000 0000 0000 0000 0000 0000 0000 0000 0000 0000 0000 0000 0000 0000 0000 0000 0000 0000 0000 0000 0000 0000 0000 0000 0000 0000 0000 0000 0000 0000 0000 0000 0000 0000 0000 0000 0000 0000 0000 0000 0000 0000 0000 0000 0000 0000 0000 
[0;32mI (43885) SPI_SLAVE: pushed into queue[0m

[0;32mI (43885) MQTT_TASK: Read from queue[0m
[0;32mI (43915) MQTT_CLIENT: MQTT_EVENT_PUBLISHED, msg_id=41578[0m
[0;32mI (44725) SPI_SLAVE: Expected: 720 bytes, Got: 720 bytes[0m
[0;32mI (44735) SPI_SLAVE: Received uint16_t data:[0m
0000 0000 0000 0000 0000 0000 0000 0000 0000 0000 0000 0000 0000 0000 0000 0000 0000 0000 0000 0000 0000 0000 0000 0000 0000 0000 0000 0000 0000 0000 0000 0000 0000 0000 0000 0000 0000 0000 0000 0000 0000 0000 0000 0000 0000 0000 0000 0000 0000 0000 0000 0000 0000 0000 0000 0000 0000 0000 0000 0000 0000 0000 0000 0000 0000 0000 0000 0000 0000 0000 0000 0000 0000 0000 0000 0000 0000 0000 0000 0000 0000 0000 0000 0000 0000 0000 0000 0000 0000 0000 0000 0000 0000 0000 0000 0000 0000 0000 0000 0000 0000 0000 0000 0000 0000 0000 0000 0000 0000 0000 0000 0000 0000 0000 0000 0000 0000 0000 0000 0000 0000 0000 0000 0000 0000 0000 0000 0000 0000 0000 0000 0000 0000 0000 0000 0000 0000 0000 0000 0000 0000 0000 0000 0000 0000 0000 0000 0000 0000 0000 0000 0000 0000 0000 0000 0000 0000 0000 0000 0000 0000 0000 0000 0000 0000 0000 0000 0000 0000 0000 0000 0000 0000 0000 0000 0000 0000 0000 0000 0000 0000 0000 0000 0000 0000 0000 0000 0000 0000 0000 0000 0000 0000 0000 0000 0000 0000 0000 0000 0000 0000 0000 0000 0000 0000 0000 0000 0000 0000 0000 0000 0000 0000 0000 0000 0000 0000 0000 0000 0000 0000 0000 0000 0000 0000 0000 0000 0000 0000 0000 0000 0000 0000 0000 0000 0000 0000 0000 0000 0000 0000 0000 0000 0000 0000 0000 0000 0000 0000 0000 0000 0000 0000 0000 0000 0000 0000 0000 0000 0000 0000 0000 0000 0000 0000 0000 0000 0000 0000 0000 0000 0000 0000 0000 0000 0000 0000 0000 0000 0000 0000 0000 0000 0000 0000 0000 0000 0000 0000 0000 0000 0000 0000 0000 0000 0000 0000 0000 0000 0000 0000 0000 0000 0000 0000 0000 0000 0000 0000 0000 0000 0000 0000 0000 0000 0000 0000 0000 0000 0000 0000 0000 0000 0000 0000 0000 0000 0000 0000 0000 0000 0000 0000 0000 0000 0000 0000 0000 0000 0000 0000 0000 0000 0000 0000 0000 0000 0000 0000 0000 0000 0000 0000 0000 0000 0000 0000 0000 0000 0000 
[0;32mI (44885) SPI_SLAVE: pushed into queue[0m

[0;32mI (44885) MQTT_TASK: Read from queue[0m
[0;32mI (44915) MQTT_CLIENT: MQTT_EVENT_PUBLISHED, msg_id=31149[0m
[0;32mI (45725) SPI_SLAVE: Expected: 720 bytes, Got: 720 bytes[0m
[0;32mI (45735) SPI_SLAVE: Received uint16_t data:[0m
0000 0000 0000 0000 0000 0000 0000 0000 0000 0000 0000 0000 0000 0000 0000 0000 0000 0000 0000 0000 0000 0000 0000 0000 0000 0000 0000 0000 0000 0000 0000 0000 0000 0000 0000 0000 0000 0000 0000 0000 0000 0000 0000 0000 0000 0000 0000 0000 0000 0000 0000 0000 0000 0000 0000 0000 0000 0000 0000 0000 0000 0000 0000 0000 0000 0000 0000 0000 0000 0000 0000 0000 0000 0000 0000 0000 0000 0000 0000 0000 0000 0000 0000 0000 0000 0000 0000 0000 0000 0000 0000 0000 0000 0000 0000 0000 0000 0000 0000 0000 0000 0000 0000 0000 0000 0000 0000 0000 0000 0000 0000 0000 0000 0000 0000 0000 0000 0000 0000 0000 0000 0000 0000 0000 0000 0000 0000 0000 0000 0000 0000 0000 0000 0000 0000 0000 0000 0000 0000 0000 0000 0000 0000 0000 0000 0000 0000 0000 0000 0000 0000 0000 0000 0000 0000 0000 0000 0000 0000 0000 0000 0000 0000 0000 0000 0000 0000 0000 0000 0000 0000 0000 0000 0000 0000 0000 0000 0000 0000 0000 0000 0000 0000 0000 0000 0000 0000 0000 0000 0000 0000 0000 0000 0000 0000 0000 0000 0000 0000 0000 0000 0000 0000 0000 0000 0000 0000 0000 0000 0000 0000 0000 0000 0000 0000 0000 0000 0000 0000 0000 0000 0000 0000 0000 0000 0000 0000 0000 0000 0000 0000 0000 0000 0000 0000 0000 0000 0000 0000 0000 0000 0000 0000 0000 0000 0000 0000 0000 0000 0000 0000 0000 0000 0000 0000 0000 0000 0000 0000 0000 0000 0000 0000 0000 0000 0000 0000 0000 0000 0000 0000 0000 0000 0000 0000 0000 0000 0000 0000 0000 0000 0000 0000 0000 0000 0000 0000 0000 0000 0000 0000 0000 0000 0000 0000 0000 0000 0000 0000 0000 0000 0000 0000 0000 0000 0000 0000 0000 0000 0000 0000 0000 0000 0000 0000 0000 0000 0000 0000 0000 0000 0000 0000 0000 0000 0000 0000 0000 0000 0000 0000 0000 0000 0000 0000 0000 0000 0000 0000 0000 0000 0000 0000 0000 0000 0000 0000 0000 0000 0000 0000 0000 0000 0000 0000 0000 0000 0000 0000 0000 
[0;32mI (45885) SPI_SLAVE: pushed into queue[0m

[0;32mI (45885) MQTT_TASK: Read from queue[0m
[0;32mI (45915) MQTT_CLIENT: MQTT_EVENT_PUBLISHED, msg_id=52567[0m
[0;32mI (46725) SPI_SLAVE: Expected: 720 bytes, Got: 720 bytes[0m
[0;32mI (46735) SPI_SLAVE: Received uint16_t data:[0m
0000 0000 0000 0000 0000 0000 0000 0000 0000 0000 0000 0000 0000 0000 0000 0000 0000 0000 0000 0000 0000 0000 0000 0000 0000 0000 0000 0000 0000 0000 0000 0000 0000 0000 0000 0000 0000 0000 0000 0000 0000 0000 0000 0000 0000 0000 0000 0000 0000 0000 0000 0000 0000 0000 0000 0000 0000 0000 0000 0000 0000 0000 0000 0000 0000 0000 0000 0000 0000 0000 0000 0000 0000 0000 0000 0000 0000 0000 0000 0000 0000 0000 0000 0000 0000 0000 0000 0000 0000 0000 0000 0000 0000 0000 0000 0000 0000 0000 0000 0000 0000 0000 0000 0000 0000 0000 0000 0000 0000 0000 0000 0000 0000 0000 0000 0000 0000 0000 0000 0000 0000 0000 0000 0000 0000 0000 0000 0000 0000 0000 0000 0000 0000 0000 0000 0000 0000 0000 0000 0000 0000 0000 0000 0000 0000 0000 0000 0000 0000 0000 0000 0000 0000 0000 0000 0000 0000 0000 0000 0000 0000 0000 0000 0000 0000 0000 0000 0000 0000 0000 0000 0000 0000 0000 0000 0000 0000 0000 0000 0000 0000 0000 0000 0000 0000 0000 0000 0000 0000 0000 0000 0000 0000 0000 0000 0000 0000 0000 0000 0000 0000 0000 0000 0000 0000 0000 0000 0000 0000 0000 0000 0000 0000 0000 0000 0000 0000 0000 0000 0000 0000 0000 0000 0000 0000 0000 0000 0000 0000 0000 0000 0000 0000 0000 0000 0000 0000 0000 0000 0000 0000 0000 0000 0000 0000 0000 0000 0000 0000 0000 0000 0000 0000 0000 0000 0000 0000 0000 0000 0000 0000 0000 0000 0000 0000 0000 0000 0000 0000 0000 0000 0000 0000 0000 0000 0000 0000 0000 0000 0000 0000 0000 0000 0000 0000 0000 0000 0000 0000 0000 0000 0000 0000 0000 0000 0000 0000 0000 0000 0000 0000 0000 0000 0000 0000 0000 0000 0000 0000 0000 0000 0000 0000 0000 0000 0000 0000 0000 0000 0000 0000 0000 0000 0000 0000 0000 0000 0000 0000 0000 0000 0000 0000 0000 0000 0000 0000 0000 0000 0000 0000 0000 0000 0000 0000 0000 0000 0000 0000 0000 0000 0000 0000 0000 0000 0000 0000 0000 0000 0000 
[0;32mI (46885) SPI_SLAVE: pushed into queue[0m

[0;32mI (46885) MQTT_TASK: Read from queue[0m
[0;32mI (46915) MQTT_CLIENT: MQTT_EVENT_PUBLISHED, msg_id=8305[0m
[0;32mI (47725) SPI_SLAVE: Expected: 720 bytes, Got: 720 bytes[0m
[0;32mI (47735) SPI_SLAVE: Received uint16_t data:[0m
0000 0000 0000 0000 0000 0000 0000 0000 0000 0000 0000 0000 0000 0000 0000 0000 0000 0000 0000 0000 0000 0000 0000 0000 0000 0000 0000 0000 0000 0000 0000 0000 0000 0000 0000 0000 0000 0000 0000 0000 0000 0000 0000 0000 0000 0000 0000 0000 0000 0000 0000 0000 0000 0000 0000 0000 0000 0000 0000 0000 0000 0000 0000 0000 0000 0000 0000 0000 0000 0000 0000 0000 0000 0000 0000 0000 0000 0000 0000 0000 0000 0000 0000 0000 0000 0000 0000 0000 0000 0000 0000 0000 0000 0000 0000 0000 0000 0000 0000 0000 0000 0000 0000 0000 0000 0000 0000 0000 0000 0000 0000 0000 0000 0000 0000 0000 0000 0000 0000 0000 0000 0000 0000 0000 0000 0000 0000 0000 0000 0000 0000 0000 0000 0000 0000 0000 0000 0000 0000 0000 0000 0000 0000 0000 0000 0000 0000 0000 0000 0000 0000 0000 0000 0000 0000 0000 0000 0000 0000 0000 0000 0000 0000 0000 0000 0000 0000 0000 0000 0000 0000 0000 0000 0000 0000 0000 0000 0000 0000 0000 0000 0000 0000 0000 0000 0000 0000 0000 0000 0000 0000 0000 0000 0000 0000 0000 0000 0000 0000 0000 0000 0000 0000 0000 0000 0000 0000 0000 0000 0000 0000 0000 0000 0000 0000 0000 0000 0000 0000 0000 0000 0000 0000 0000 0000 0000 0000 0000 0000 0000 0000 0000 0000 0000 0000 0000 0000 0000 0000 0000 0000 0000 0000 0000 0000 0000 0000 0000 0000 0000 0000 0000 0000 0000 0000 0000 0000 0000 0000 0000 0000 0000 0000 0000 0000 0000 0000 0000 0000 0000 0000 0000 0000 0000 0000 0000 0000 0000 0000 0000 0000 0000 0000 0000 0000 0000 0000 0000 0000 0000 0000 0000 0000 0000 0000 0000 0000 0000 0000 0000 0000 0000 0000 0000 0000 0000 0000 0000 0000 0000 0000 0000 0000 0000 0000 0000 0000 0000 0000 0000 0000 0000 0000 0000 0000 0000 0000 0000 0000 0000 0000 0000 0000 0000 0000 0000 0000 0000 0000 0000 0000 0000 0000 0000 0000 0000 0000 0000 0000 0000 0000 0000 0000 0000 0000 0000 0000 0000 0000 0000 
[0;32mI (47885) SPI_SLAVE: pushed into queue[0m

[0;32mI (47885) MQTT_TASK: Read from queue[0m
[0;32mI (47925) MQTT_CLIENT: MQTT_EVENT_PUBLISHED, msg_id=59754[0m
[0;32mI (48725) SPI_SLAVE: Expected: 720 bytes, Got: 720 bytes[0m
[0;32mI (48735) SPI_SLAVE: Received uint16_t data:[0m
0000 0000 0000 0000 0000 0000 0000 0000 0000 0000 0000 0000 0000 0000 0000 0000 0000 0000 0000 0000 0000 0000 0000 0000 0000 0000 0000 0000 0000 0000 0000 0000 0000 0000 0000 0000 0000 0000 0000 0000 0000 0000 0000 0000 0000 0000 0000 0000 0000 0000 0000 0000 0000 0000 0000 0000 0000 0000 0000 0000 0000 0000 0000 0000 0000 0000 0000 0000 0000 0000 0000 0000 0000 0000 0000 0000 0000 0000 0000 0000 0000 0000 0000 0000 0000 0000 0000 0000 0000 0000 0000 0000 0000 0000 0000 0000 0000 0000 0000 0000 0000 0000 0000 0000 0000 0000 0000 0000 0000 0000 0000 0000 0000 0000 0000 0000 0000 0000 0000 0000 0000 0000 0000 0000 0000 0000 0000 0000 0000 0000 0000 0000 0000 0000 0000 0000 0000 0000 0000 0000 0000 0000 0000 0000 0000 0000 0000 0000 0000 0000 0000 0000 0000 0000 0000 0000 0000 0000 0000 0000 0000 0000 0000 0000 0000 0000 0000 0000 0000 0000 0000 0000 0000 0000 0000 0000 0000 0000 0000 0000 0000 0000 0000 0000 0000 0000 0000 0000 0000 0000 0000 0000 0000 0000 0000 0000 0000 0000 0000 0000 0000 0000 0000 0000 0000 0000 0000 0000 0000 0000 0000 0000 0000 0000 0000 0000 0000 0000 0000 0000 0000 0000 0000 0000 0000 0000 0000 0000 0000 0000 0000 0000 0000 0000 0000 0000 0000 0000 0000 0000 0000 0000 0000 0000 0000 0000 0000 0000 0000 0000 0000 0000 0000 0000 0000 0000 0000 0000 0000 0000 0000 0000 0000 0000 0000 0000 0000 0000 0000 0000 0000 0000 0000 0000 0000 0000 0000 0000 0000 0000 0000 0000 0000 0000 0000 0000 0000 0000 0000 0000 0000 0000 0000 0000 0000 0000 0000 0000 0000 0000 0000 0000 0000 0000 0000 0000 0000 0000 0000 0000 0000 0000 0000 0000 0000 0000 0000 0000 0000 0000 0000 0000 0000 0000 0000 0000 0000 0000 0000 0000 0000 0000 0000 0000 0000 0000 0000 0000 0000 0000 0000 0000 0000 0000 0000 0000 0000 0000 0000 0000 0000 0000 0000 0000 0000 0000 0000 0000 0000 0000 
[0;32mI (48885) SPI_SLAVE: pushed into queue[0m

[0;32mI (48885) MQTT_TASK: Read from queue[0m
[0;32mI (48915) MQTT_CLIENT: MQTT_EVENT_PUBLISHED, msg_id=60371[0m
[0;32mI (49725) SPI_SLAVE: Expected: 720 bytes, Got: 720 bytes[0m
[0;32mI (49735) SPI_SLAVE: Received uint16_t data:[0m
0000 0000 0000 0000 0000 0000 0000 0000 0000 0000 0000 0000 0000 0000 0000 0000 0000 0000 0000 0000 0000 0000 0000 0000 0000 0000 0000 0000 0000 0000 0000 0000 0000 0000 0000 0000 0000 0000 0000 0000 0000 0000 0000 0000 0000 0000 0000 0000 0000 0000 0000 0000 0000 0000 0000 0000 0000 0000 0000 0000 0000 0000 0000 0000 0000 0000 0000 0000 0000 0000 0000 0000 0000 0000 0000 0000 0000 0000 0000 0000 0000 0000 0000 0000 0000 0000 0000 0000 0000 0000 0000 0000 0000 0000 0000 0000 0000 0000 0000 0000 0000 0000 0000 0000 0000 0000 0000 0000 0000 0000 0000 0000 0000 0000 0000 0000 0000 0000 0000 0000 0000 0000 0000 0000 0000 0000 0000 0000 0000 0000 0000 0000 0000 0000 0000 0000 0000 0000 0000 0000 0000 0000 0000 0000 0000 0000 0000 0000 0000 0000 0000 0000 0000 0000 0000 0000 0000 0000 0000 0000 0000 0000 0000 0000 0000 0000 0000 0000 0000 0000 0000 0000 0000 0000 0000 0000 0000 0000 0000 0000 0000 0000 0000 0000 0000 0000 0000 0000 0000 0000 0000 0000 0000 0000 0000 0000 0000 0000 0000 0000 0000 0000 0000 0000 0000 0000 0000 0000 0000 0000 0000 0000 0000 0000 0000 0000 0000 0000 0000 0000 0000 0000 0000 0000 0000 0000 0000 0000 0000 0000 0000 0000 0000 0000 0000 0000 0000 0000 0000 0000 0000 0000 0000 0000 0000 0000 0000 0000 0000 0000 0000 0000 0000 0000 0000 0000 0000 0000 0000 0000 0000 0000 0000 0000 0000 0000 0000 0000 0000 0000 0000 0000 0000 0000 0000 0000 0000 0000 0000 0000 0000 0000 0000 0000 0000 0000 0000 0000 0000 0000 0000 0000 0000 0000 0000 0000 0000 0000 0000 0000 0000 0000 0000 0000 0000 0000 0000 0000 0000 0000 0000 0000 0000 0000 0000 0000 0000 0000 0000 0000 0000 0000 0000 0000 0000 0000 0000 0000 0000 0000 0000 0000 0000 0000 0000 0000 0000 0000 0000 0000 0000 0000 0000 0000 0000 0000 0000 0000 0000 0000 0000 0000 0000 0000 0000 0000 0000 0000 0000 0000 
[0;32mI (49885) SPI_SLAVE: pushed into queue[0m

[0;32mI (49885) MQTT_TASK: Read from queue[0m
[0;32mI (49915) MQTT_CLIENT: MQTT_EVENT_PUBLISHED, msg_id=58274[0m
[0;32mI (50725) SPI_SLAVE: Expected: 720 bytes, Got: 720 bytes[0m
[0;32mI (50735) SPI_SLAVE: Received uint16_t data:[0m
0000 0000 0000 0000 0000 0000 0000 0000 0000 0000 0000 0000 0000 0000 0000 0000 0000 0000 0000 0000 0000 0000 0000 0000 0000 0000 0000 0000 0000 0000 0000 0000 0000 0000 0000 0000 0000 0000 0000 0000 0000 0000 0000 0000 0000 0000 0000 0000 0000 0000 0000 0000 0000 0000 0000 0000 0000 0000 0000 0000 0000 0000 0000 0000 0000 0000 0000 0000 0000 0000 0000 0000 0000 0000 0000 0000 0000 0000 0000 0000 0000 0000 0000 0000 0000 0000 0000 0000 0000 0000 0000 0000 0000 0000 0000 0000 0000 0000 0000 0000 0000 0000 0000 0000 0000 0000 0000 0000 0000 0000 0000 0000 0000 0000 0000 0000 0000 0000 0000 0000 0000 0000 0000 0000 0000 0000 0000 0000 0000 0000 0000 0000 0000 0000 0000 0000 0000 0000 0000 0000 0000 0000 0000 0000 0000 0000 0000 0000 0000 0000 0000 0000 0000 0000 0000 0000 0000 0000 0000 0000 0000 0000 0000 0000 0000 0000 0000 0000 0000 0000 0000 0000 0000 0000 0000 0000 0000 0000 0000 0000 0000 0000 0000 0000 0000 0000 0000 0000 0000 0000 0000 0000 0000 0000 0000 0000 0000 0000 0000 0000 0000 0000 0000 0000 0000 0000 0000 0000 0000 0000 0000 0000 0000 0000 0000 0000 0000 0000 0000 0000 0000 0000 0000 0000 0000 0000 0000 0000 0000 0000 0000 0000 0000 0000 0000 0000 0000 0000 0000 0000 0000 0000 0000 0000 0000 0000 0000 0000 0000 0000 0000 0000 0000 0000 0000 0000 0000 0000 0000 0000 0000 0000 0000 0000 0000 0000 0000 0000 0000 0000 0000 0000 0000 0000 0000 0000 0000 0000 0000 0000 0000 0000 0000 0000 0000 0000 0000 0000 0000 0000 0000 0000 0000 0000 0000 0000 0000 0000 0000 0000 0000 0000 0000 0000 0000 0000 0000 0000 0000 0000 0000 0000 0000 0000 0000 0000 0000 0000 0000 0000 0000 0000 0000 0000 0000 0000 0000 0000 0000 0000 0000 0000 0000 0000 0000 0000 0000 0000 0000 0000 0000 0000 0000 0000 0000 0000 0000 0000 0000 0000 0000 0000 0000 0000 0000 0000 0000 0000 0000 0000 
[0;32mI (50885) SPI_SLAVE: pushed into queue[0m

[0;32mI (50885) MQTT_TASK: Read from queue[0m
[0;32mI (50915) MQTT_CLIENT: MQTT_EVENT_PUBLISHED, msg_id=28486[0m
[0;32mI (51725) SPI_SLAVE: Expected: 720 bytes, Got: 720 bytes[0m
[0;32mI (51735) SPI_SLAVE: Received uint16_t data:[0m
0000 0000 0000 0000 0000 0000 0000 0000 0000 0000 0000 0000 0000 0000 0000 0000 0000 0000 0000 0000 0000 0000 0000 0000 0000 0000 0000 0000 0000 0000 0000 0000 0000 0000 0000 0000 0000 0000 0000 0000 0000 0000 0000 0000 0000 0000 0000 0000 0000 0000 0000 0000 0000 0000 0000 0000 0000 0000 0000 0000 0000 0000 0000 0000 0000 0000 0000 0000 0000 0000 0000 0000 0000 0000 0000 0000 0000 0000 0000 0000 0000 0000 0000 0000 0000 0000 0000 0000 0000 0000 0000 0000 0000 0000 0000 0000 0000 0000 0000 0000 0000 0000 0000 0000 0000 0000 0000 0000 0000 0000 0000 0000 0000 0000 0000 0000 0000 0000 0000 0000 0000 0000 0000 0000 0000 0000 0000 0000 0000 0000 0000 0000 0000 0000 0000 0000 0000 0000 0000 0000 0000 0000 0000 0000 0000 0000 0000 0000 0000 0000 0000 0000 0000 0000 0000 0000 0000 0000 0000 0000 0000 0000 0000 0000 0000 0000 0000 0000 0000 0000 0000 0000 0000 0000 0000 0000 0000 0000 0000 0000 0000 0000 0000 0000 0000 0000 0000 0000 0000 0000 0000 0000 0000 0000 0000 0000 0000 0000 0000 0000 0000 0000 0000 0000 0000 0000 0000 0000 0000 0000 0000 0000 0000 0000 0000 0000 0000 0000 0000 0000 0000 0000 0000 0000 0000 0000 0000 0000 0000 0000 0000 0000 0000 0000 0000 0000 0000 0000 0000 0000 0000 0000 0000 0000 0000 0000 0000 0000 0000 0000 0000 0000 0000 0000 0000 0000 0000 0000 0000 0000 0000 0000 0000 0000 0000 0000 0000 0000 0000 0000 0000 0000 0000 0000 0000 0000 0000 0000 0000 0000 0000 0000 0000 0000 0000 0000 0000 0000 0000 0000 0000 0000 0000 0000 0000 0000 0000 0000 0000 0000 0000 0000 0000 0000 0000 0000 0000 0000 0000 0000 0000 0000 0000 0000 0000 0000 0000 0000 0000 0000 0000 0000 0000 0000 0000 0000 0000 0000 0000 0000 0000 0000 0000 0000 0000 0000 0000 0000 0000 0000 0000 0000 0000 0000 0000 0000 0000 0000 0000 0000 0000 0000 0000 0000 0000 0000 0000 0000 0000 0000 
[0;32mI (51885) SPI_SLAVE: pushed into queue[0m

[0;32mI (51885) MQTT_TASK: Read from queue[0m
[0;32mI (51915) MQTT_CLIENT: MQTT_EVENT_PUBLISHED, msg_id=38533[0m
[0;32mI (52725) SPI_SLAVE: Expected: 720 bytes, Got: 720 bytes[0m
[0;32mI (52735) SPI_SLAVE: Received uint16_t data:[0m
0000 0000 0000 0000 0000 0000 0000 0000 0000 0000 0000 0000 0000 0000 0000 0000 0000 0000 0000 0000 0000 0000 0000 0000 0000 0000 0000 0000 0000 0000 0000 0000 0000 0000 0000 0000 0000 0000 0000 0000 0000 0000 0000 0000 0000 0000 0000 0000 0000 0000 0000 0000 0000 0000 0000 0000 0000 0000 0000 0000 0000 0000 0000 0000 0000 0000 0000 0000 0000 0000 0000 0000 0000 0000 0000 0000 0000 0000 0000 0000 0000 0000 0000 0000 0000 0000 0000 0000 0000 0000 0000 0000 0000 0000 0000 0000 0000 0000 0000 0000 0000 0000 0000 0000 0000 0000 0000 0000 0000 0000 0000 0000 0000 0000 0000 0000 0000 0000 0000 0000 0000 0000 0000 0000 0000 0000 0000 0000 0000 0000 0000 0000 0000 0000 0000 0000 0000 0000 0000 0000 0000 0000 0000 0000 0000 0000 0000 0000 0000 0000 0000 0000 0000 0000 0000 0000 0000 0000 0000 0000 0000 0000 0000 0000 0000 0000 0000 0000 0000 0000 0000 0000 0000 0000 0000 0000 0000 0000 0000 0000 0000 0000 0000 0000 0000 0000 0000 0000 0000 0000 0000 0000 0000 0000 0000 0000 0000 0000 0000 0000 0000 0000 0000 0000 0000 0000 0000 0000 0000 0000 0000 0000 0000 0000 0000 0000 0000 0000 0000 0000 0000 0000 0000 0000 0000 0000 0000 0000 0000 0000 0000 0000 0000 0000 0000 0000 0000 0000 0000 0000 0000 0000 0000 0000 0000 0000 0000 0000 0000 0000 0000 0000 0000 0000 0000 0000 0000 0000 0000 0000 0000 0000 0000 0000 0000 0000 0000 0000 0000 0000 0000 0000 0000 0000 0000 0000 0000 0000 0000 0000 0000 0000 0000 0000 0000 0000 0000 0000 0000 0000 0000 0000 0000 0000 0000 0000 0000 0000 0000 0000 0000 0000 0000 0000 0000 0000 0000 0000 0000 0000 0000 0000 0000 0000 0000 0000 0000 0000 0000 0000 0000 0000 0000 0000 0000 0000 0000 0000 0000 0000 0000 0000 0000 0000 0000 0000 0000 0000 0000 0000 0000 0000 0000 0000 0000 0000 0000 0000 0000 0000 0000 0000 0000 0000 0000 0000 0000 0000 0000 0000 
[0;32mI (52885) SPI_SLAVE: pushed into queue[0m

[0;32mI (52885) MQTT_TASK: Read from queue[0m
[0;32mI (52915) MQTT_CLIENT: MQTT_EVENT_PUBLISHED, msg_id=51139[0m
[0;32mI (53725) SPI_SLAVE: Expected: 720 bytes, Got: 720 bytes[0m
[0;32mI (53735) SPI_SLAVE: Received uint16_t data:[0m
0000 0000 0000 0000 0000 0000 0000 0000 0000 0000 0000 0000 0000 0000 0000 0000 0000 0000 0000 0000 0000 0000 0000 0000 0000 0000 0000 0000 0000 0000 0000 0000 0000 0000 0000 0000 0000 0000 0000 0000 0000 0000 0000 0000 0000 0000 0000 0000 0000 0000 0000 0000 0000 0000 0000 0000 0000 0000 0000 0000 0000 0000 0000 0000 0000 0000 0000 0000 0000 0000 0000 0000 0000 0000 0000 0000 0000 0000 0000 0000 0000 0000 0000 0000 0000 0000 0000 0000 0000 0000 0000 0000 0000 0000 0000 0000 0000 0000 0000 0000 0000 0000 0000 0000 0000 0000 0000 0000 0000 0000 0000 0000 0000 0000 0000 0000 0000 0000 0000 0000 0000 0000 0000 0000 0000 0000 0000 0000 0000 0000 0000 0000 0000 0000 0000 0000 0000 0000 0000 0000 0000 0000 0000 0000 0000 0000 0000 0000 0000 0000 0000 0000 0000 0000 0000 0000 0000 0000 0000 0000 0000 0000 0000 0000 0000 0000 0000 0000 0000 0000 0000 0000 0000 0000 0000 0000 0000 0000 0000 0000 0000 0000 0000 0000 0000 0000 0000 0000 0000 0000 0000 0000 0000 0000 0000 0000 0000 0000 0000 0000 0000 0000 0000 0000 0000 0000 0000 0000 0000 0000 0000 0000 0000 0000 0000 0000 0000 0000 0000 0000 0000 0000 0000 0000 0000 0000 0000 0000 0000 0000 0000 0000 0000 0000 0000 0000 0000 0000 0000 0000 0000 0000 0000 0000 0000 0000 0000 0000 0000 0000 0000 0000 0000 0000 0000 0000 0000 0000 0000 0000 0000 0000 0000 0000 0000 0000 0000 0000 0000 0000 0000 0000 0000 0000 0000 0000 0000 0000 0000 0000 0000 0000 0000 0000 0000 0000 0000 0000 0000 0000 0000 0000 0000 0000 0000 0000 0000 0000 0000 0000 0000 0000 0000 0000 0000 0000 0000 0000 0000 0000 0000 0000 0000 0000 0000 0000 0000 0000 0000 0000 0000 0000 0000 0000 0000 0000 0000 0000 0000 0000 0000 0000 0000 0000 0000 0000 0000 0000 0000 0000 0000 0000 0000 0000 0000 0000 0000 0000 0000 0000 0000 0000 0000 0000 0000 0000 0000 0000 0000 0000 
[0;32mI (53885) SPI_SLAVE: pushed into queue[0m

[0;32mI (53885) MQTT_TASK: Read from queue[0m
[0;32mI (53915) MQTT_CLIENT: MQTT_EVENT_PUBLISHED, msg_id=39443[0m
[0;32mI (54725) SPI_SLAVE: Expected: 720 bytes, Got: 720 bytes[0m
[0;32mI (54735) SPI_SLAVE: Received uint16_t data:[0m
0000 0000 0000 0000 0000 0000 0000 0000 0000 0000 0000 0000 0000 0000 0000 0000 0000 0000 0000 0000 0000 0000 0000 0000 0000 0000 0000 0000 0000 0000 0000 0000 0000 0000 0000 0000 0000 0000 0000 0000 0000 0000 0000 0000 0000 0000 0000 0000 0000 0000 0000 0000 0000 0000 0000 0000 0000 0000 0000 0000 0000 0000 0000 0000 0000 0000 0000 0000 0000 0000 0000 0000 0000 0000 0000 0000 0000 0000 0000 0000 0000 0000 0000 0000 0000 0000 0000 0000 0000 0000 0000 0000 0000 0000 0000 0000 0000 0000 0000 0000 0000 0000 0000 0000 0000 0000 0000 0000 0000 0000 0000 0000 0000 0000 0000 0000 0000 0000 0000 0000 0000 0000 0000 0000 0000 0000 0000 0000 0000 0000 0000 0000 0000 0000 0000 0000 0000 0000 0000 0000 0000 0000 0000 0000 0000 0000 0000 0000 0000 0000 0000 0000 0000 0000 0000 0000 0000 0000 0000 0000 0000 0000 0000 0000 0000 0000 0000 0000 0000 0000 0000 0000 0000 0000 0000 0000 0000 0000 0000 0000 0000 0000 0000 0000 0000 0000 0000 0000 0000 0000 0000 0000 0000 0000 0000 0000 0000 0000 0000 0000 0000 0000 0000 0000 0000 0000 0000 0000 0000 0000 0000 0000 0000 0000 0000 0000 0000 0000 0000 0000 0000 0000 0000 0000 0000 0000 0000 0000 0000 0000 0000 0000 0000 0000 0000 0000 0000 0000 0000 0000 0000 0000 0000 0000 0000 0000 0000 0000 0000 0000 0000 0000 0000 0000 0000 0000 0000 0000 0000 0000 0000 0000 0000 0000 0000 0000 0000 0000 0000 0000 0000 0000 0000 0000 0000 0000 0000 0000 0000 0000 0000 0000 0000 0000 0000 0000 0000 0000 0000 0000 0000 0000 0000 0000 0000 0000 0000 0000 0000 0000 0000 0000 0000 0000 0000 0000 0000 0000 0000 0000 0000 0000 0000 0000 0000 0000 0000 0000 0000 0000 0000 0000 0000 0000 0000 0000 0000 0000 0000 0000 0000 0000 0000 0000 0000 0000 0000 0000 0000 0000 0000 0000 0000 0000 0000 0000 0000 0000 0000 0000 0000 0000 0000 0000 0000 0000 0000 0000 0000 0000 
[0;32mI (54885) SPI_SLAVE: pushed into queue[0m

[0;32mI (54885) MQTT_TASK: Read from queue[0m
[0;32mI (54915) MQTT_CLIENT: MQTT_EVENT_PUBLISHED, msg_id=23001[0m
[0;32mI (55725) SPI_SLAVE: Expected: 720 bytes, Got: 720 bytes[0m
[0;32mI (55735) SPI_SLAVE: Received uint16_t data:[0m
0000 0000 0000 0000 0000 0000 0000 0000 0000 0000 0000 0000 0000 0000 0000 0000 0000 0000 0000 0000 0000 0000 0000 0000 0000 0000 0000 0000 0000 0000 0000 0000 0000 0000 0000 0000 0000 0000 0000 0000 0000 0000 0000 0000 0000 0000 0000 0000 0000 0000 0000 0000 0000 0000 0000 0000 0000 0000 0000 0000 0000 0000 0000 0000 0000 0000 0000 0000 0000 0000 0000 0000 0000 0000 0000 0000 0000 0000 0000 0000 0000 0000 0000 0000 0000 0000 0000 0000 0000 0000 0000 0000 0000 0000 0000 0000 0000 0000 0000 0000 0000 0000 0000 0000 0000 0000 0000 0000 0000 0000 0000 0000 0000 0000 0000 0000 0000 0000 0000 0000 0000 0000 0000 0000 0000 0000 0000 0000 0000 0000 0000 0000 0000 0000 0000 0000 0000 0000 0000 0000 0000 0000 0000 0000 0000 0000 0000 0000 0000 0000 0000 0000 0000 0000 0000 0000 0000 0000 0000 0000 0000 0000 0000 0000 0000 0000 0000 0000 0000 0000 0000 0000 0000 0000 0000 0000 0000 0000 0000 0000 0000 0000 0000 0000 0000 0000 0000 0000 0000 0000 0000 0000 0000 0000 0000 0000 0000 0000 0000 0000 0000 0000 0000 0000 0000 0000 0000 0000 0000 0000 0000 0000 0000 0000 0000 0000 0000 0000 0000 0000 0000 0000 0000 0000 0000 0000 0000 0000 0000 0000 0000 0000 0000 0000 0000 0000 0000 0000 0000 0000 0000 0000 0000 0000 0000 0000 0000 0000 0000 0000 0000 0000 0000 0000 0000 0000 0000 0000 0000 0000 0000 0000 0000 0000 0000 0000 0000 0000 0000 0000 0000 0000 0000 0000 0000 0000 0000 0000 0000 0000 0000 0000 0000 0000 0000 0000 0000 0000 0000 0000 0000 0000 0000 0000 0000 0000 0000 0000 0000 0000 0000 0000 0000 0000 0000 0000 0000 0000 0000 0000 0000 0000 0000 0000 0000 0000 0000 0000 0000 0000 0000 0000 0000 0000 0000 0000 0000 0000 0000 0000 0000 0000 0000 0000 0000 0000 0000 0000 0000 0000 0000 0000 0000 0000 0000 0000 0000 0000 0000 0000 0000 0000 0000 0000 0000 0000 0000 0000 0000 0000 
[0;32mI (55885) SPI_SLAVE: pushed into queue[0m

[0;32mI (55885) MQTT_TASK: Read from queue[0m
[0;32mI (55915) MQTT_CLIENT: MQTT_EVENT_PUBLISHED, msg_id=49469[0m
[0;32mI (56725) SPI_SLAVE: Expected: 720 bytes, Got: 720 bytes[0m
[0;32mI (56735) SPI_SLAVE: Received uint16_t data:[0m
0000 0000 0000 0000 0000 0000 0000 0000 0000 0000 0000 0000 0000 0000 0000 0000 0000 0000 0000 0000 0000 0000 0000 0000 0000 0000 0000 0000 0000 0000 0000 0000 0000 0000 0000 0000 0000 0000 0000 0000 0000 0000 0000 0000 0000 0000 0000 0000 0000 0000 0000 0000 0000 0000 0000 0000 0000 0000 0000 0000 0000 0000 0000 0000 0000 0000 0000 0000 0000 0000 0000 0000 0000 0000 0000 0000 0000 0000 0000 0000 0000 0000 0000 0000 0000 0000 0000 0000 0000 0000 0000 0000 0000 0000 0000 0000 0000 0000 0000 0000 0000 0000 0000 0000 0000 0000 0000 0000 0000 0000 0000 0000 0000 0000 0000 0000 0000 0000 0000 0000 0000 0000 0000 0000 0000 0000 0000 0000 0000 0000 0000 0000 0000 0000 0000 0000 0000 0000 0000 0000 0000 0000 0000 0000 0000 0000 0000 0000 0000 0000 0000 0000 0000 0000 0000 0000 0000 0000 0000 0000 0000 0000 0000 0000 0000 0000 0000 0000 0000 0000 0000 0000 0000 0000 0000 0000 0000 0000 0000 0000 0000 0000 0000 0000 0000 0000 0000 0000 0000 0000 0000 0000 0000 0000 0000 0000 0000 0000 0000 0000 0000 0000 0000 0000 0000 0000 0000 0000 0000 0000 0000 0000 0000 0000 0000 0000 0000 0000 0000 0000 0000 0000 0000 0000 0000 0000 0000 0000 0000 0000 0000 0000 0000 0000 0000 0000 0000 0000 0000 0000 0000 0000 0000 0000 0000 0000 0000 0000 0000 0000 0000 0000 0000 0000 0000 0000 0000 0000 0000 0000 0000 0000 0000 0000 0000 0000 0000 0000 0000 0000 0000 0000 0000 0000 0000 0000 0000 0000 0000 0000 0000 0000 0000 0000 0000 0000 0000 0000 0000 0000 0000 0000 0000 0000 0000 0000 0000 0000 0000 0000 0000 0000 0000 0000 0000 0000 0000 0000 0000 0000 0000 0000 0000 0000 0000 0000 0000 0000 0000 0000 0000 0000 0000 0000 0000 0000 0000 0000 0000 0000 0000 0000 0000 0000 0000 0000 0000 0000 0000 0000 0000 0000 0000 0000 0000 0000 0000 0000 0000 0000 0000 0000 0000 0000 0000 0000 0000 0000 0000 0000 
[0;32mI (56885) SPI_SLAVE: pushed into queue[0m

[0;32mI (56885) MQTT_TASK: Read from queue[0m
[0;32mI (56915) MQTT_CLIENT: MQTT_EVENT_PUBLISHED, msg_id=53197[0m
[0;32mI (57725) SPI_SLAVE: Expected: 720 bytes, Got: 720 bytes[0m
[0;32mI (57735) SPI_SLAVE: Received uint16_t data:[0m
0000 0000 0000 0000 0000 0000 0000 0000 0000 0000 0000 0000 0000 0000 0000 0000 0000 0000 0000 0000 0000 0000 0000 0000 0000 0000 0000 0000 0000 0000 0000 0000 0000 0000 0000 0000 0000 0000 0000 0000 0000 0000 0000 0000 0000 0000 0000 0000 0000 0000 0000 0000 0000 0000 0000 0000 0000 0000 0000 0000 0000 0000 0000 0000 0000 0000 0000 0000 0000 0000 0000 0000 0000 0000 0000 0000 0000 0000 0000 0000 0000 0000 0000 0000 0000 0000 0000 0000 0000 0000 0000 0000 0000 0000 0000 0000 0000 0000 0000 0000 0000 0000 0000 0000 0000 0000 0000 0000 0000 0000 0000 0000 0000 0000 0000 0000 0000 0000 0000 0000 0000 0000 0000 0000 0000 0000 0000 0000 0000 0000 0000 0000 0000 0000 0000 0000 0000 0000 0000 0000 0000 0000 0000 0000 0000 0000 0000 0000 0000 0000 0000 0000 0000 0000 0000 0000 0000 0000 0000 0000 0000 0000 0000 0000 0000 0000 0000 0000 0000 0000 0000 0000 0000 0000 0000 0000 0000 0000 0000 0000 0000 0000 0000 0000 0000 0000 0000 0000 0000 0000 0000 0000 0000 0000 0000 0000 0000 0000 0000 0000 0000 0000 0000 0000 0000 0000 0000 0000 0000 0000 0000 0000 0000 0000 0000 0000 0000 0000 0000 0000 0000 0000 0000 0000 0000 0000 0000 0000 0000 0000 0000 0000 0000 0000 0000 0000 0000 0000 0000 0000 0000 0000 0000 0000 0000 0000 0000 0000 0000 0000 0000 0000 0000 0000 0000 0000 0000 0000 0000 0000 0000 0000 0000 0000 0000 0000 0000 0000 0000 0000 0000 0000 0000 0000 0000 0000 0000 0000 0000 0000 0000 0000 0000 0000 0000 0000 0000 0000 0000 0000 0000 0000 0000 0000 0000 0000 0000 0000 0000 0000 0000 0000 0000 0000 0000 0000 0000 0000 0000 0000 0000 0000 0000 0000 0000 0000 0000 0000 0000 0000 0000 0000 0000 0000 0000 0000 0000 0000 0000 0000 0000 0000 0000 0000 0000 0000 0000 0000 0000 0000 0000 0000 0000 0000 0000 0000 0000 0000 0000 0000 0000 0000 0000 0000 0000 0000 0000 0000 0000 0000 
[0;32mI (57885) SPI_SLAVE: pushed into queue[0m

[0;32mI (57885) MQTT_TASK: Read from queue[0m
[0;32mI (57915) MQTT_CLIENT: MQTT_EVENT_PUBLISHED, msg_id=43303[0m
[0;32mI (58725) SPI_SLAVE: Expected: 720 bytes, Got: 720 bytes[0m
[0;32mI (58735) SPI_SLAVE: Received uint16_t data:[0m
0000 0000 0000 0000 0000 0000 0000 0000 0000 0000 0000 0000 0000 0000 0000 0000 0000 0000 0000 0000 0000 0000 0000 0000 0000 0000 0000 0000 0000 0000 0000 0000 0000 0000 0000 0000 0000 0000 0000 0000 0000 0000 0000 0000 0000 0000 0000 0000 0000 0000 0000 0000 0000 0000 0000 0000 0000 0000 0000 0000 0000 0000 0000 0000 0000 0000 0000 0000 0000 0000 0000 0000 0000 0000 0000 0000 0000 0000 0000 0000 0000 0000 0000 0000 0000 0000 0000 0000 0000 0000 0000 0000 0000 0000 0000 0000 0000 0000 0000 0000 0000 0000 0000 0000 0000 0000 0000 0000 0000 0000 0000 0000 0000 0000 0000 0000 0000 0000 0000 0000 0000 0000 0000 0000 0000 0000 0000 0000 0000 0000 0000 0000 0000 0000 0000 0000 0000 0000 0000 0000 0000 0000 0000 0000 0000 0000 0000 0000 0000 0000 0000 0000 0000 0000 0000 0000 0000 0000 0000 0000 0000 0000 0000 0000 0000 0000 0000 0000 0000 0000 0000 0000 0000 0000 0000 0000 0000 0000 0000 0000 0000 0000 0000 0000 0000 0000 0000 0000 0000 0000 0000 0000 0000 0000 0000 0000 0000 0000 0000 0000 0000 0000 0000 0000 0000 0000 0000 0000 0000 0000 0000 0000 0000 0000 0000 0000 0000 0000 0000 0000 0000 0000 0000 0000 0000 0000 0000 0000 0000 0000 0000 0000 0000 0000 0000 0000 0000 0000 0000 0000 0000 0000 0000 0000 0000 0000 0000 0000 0000 0000 0000 0000 0000 0000 0000 0000 0000 0000 0000 0000 0000 0000 0000 0000 0000 0000 0000 0000 0000 0000 0000 0000 0000 0000 0000 0000 0000 0000 0000 0000 0000 0000 0000 0000 0000 0000 0000 0000 0000 0000 0000 0000 0000 0000 0000 0000 0000 0000 0000 0000 0000 0000 0000 0000 0000 0000 0000 0000 0000 0000 0000 0000 0000 0000 0000 0000 0000 0000 0000 0000 0000 0000 0000 0000 0000 0000 0000 0000 0000 0000 0000 0000 0000 0000 0000 0000 0000 0000 0000 0000 0000 0000 0000 0000 0000 0000 0000 0000 0000 0000 0000 0000 0000 0000 0000 0000 0000 0000 0000 0000 
[0;32mI (58885) SPI_SLAVE: pushed into queue[0m

[0;32mI (58885) MQTT_TASK: Read from queue[0m
[0;32mI (58915) MQTT_CLIENT: MQTT_EVENT_PUBLISHED, msg_id=10287[0m
[0;32mI (59725) SPI_SLAVE: Expected: 720 bytes, Got: 720 bytes[0m
[0;32mI (59735) SPI_SLAVE: Received uint16_t data:[0m
0000 0000 0000 0000 0000 0000 0000 0000 0000 0000 0000 0000 0000 0000 0000 0000 0000 0000 0000 0000 0000 0000 0000 0000 0000 0000 0000 0000 0000 0000 0000 0000 0000 0000 0000 0000 0000 0000 0000 0000 0000 0000 0000 0000 0000 0000 0000 0000 0000 0000 0000 0000 0000 0000 0000 0000 0000 0000 0000 0000 0000 0000 0000 0000 0000 0000 0000 0000 0000 0000 0000 0000 0000 0000 0000 0000 0000 0000 0000 0000 0000 0000 0000 0000 0000 0000 0000 0000 0000 0000 0000 0000 0000 0000 0000 0000 0000 0000 0000 0000 0000 0000 0000 0000 0000 0000 0000 0000 0000 0000 0000 0000 0000 0000 0000 0000 0000 0000 0000 0000 0000 0000 0000 0000 0000 0000 0000 0000 0000 0000 0000 0000 0000 0000 0000 0000 0000 0000 0000 0000 0000 0000 0000 0000 0000 0000 0000 0000 0000 0000 0000 0000 0000 0000 0000 0000 0000 0000 0000 0000 0000 0000 0000 0000 0000 0000 0000 0000 0000 0000 0000 0000 0000 0000 0000 0000 0000 0000 0000 0000 0000 0000 0000 0000 0000 0000 0000 0000 0000 0000 0000 0000 0000 0000 0000 0000 0000 0000 0000 0000 0000 0000 0000 0000 0000 0000 0000 0000 0000 0000 0000 0000 0000 0000 0000 0000 0000 0000 0000 0000 0000 0000 0000 0000 0000 0000 0000 0000 0000 0000 0000 0000 0000 0000 0000 0000 0000 0000 0000 0000 0000 0000 0000 0000 0000 0000 0000 0000 0000 0000 0000 0000 0000 0000 0000 0000 0000 0000 0000 0000 0000 0000 0000 0000 0000 0000 0000 0000 0000 0000 0000 0000 0000 0000 0000 0000 0000 0000 0000 0000 0000 0000 0000 0000 0000 0000 0000 0000 0000 0000 0000 0000 0000 0000 0000 0000 0000 0000 0000 0000 0000 0000 0000 0000 0000 0000 0000 0000 0000 0000 0000 0000 0000 0000 0000 0000 0000 0000 0000 0000 0000 0000 0000 0000 0000 0000 0000 0000 0000 0000 0000 0000 0000 0000 0000 0000 0000 0000 0000 0000 0000 0000 0000 0000 0000 0000 0000 0000 0000 0000 0000 0000 0000 0000 0000 0000 0000 0000 0000 0000 
[0;32mI (59885) SPI_SLAVE: pushed into queue[0m

[0;32mI (59885) MQTT_TASK: Read from queue[0m
[0;32mI (59915) MQTT_CLIENT: MQTT_EVENT_PUBLISHED, msg_id=29141[0m
[0;32mI (60725) SPI_SLAVE: Expected: 720 bytes, Got: 720 bytes[0m
[0;32mI (60735) SPI_SLAVE: Received uint16_t data:[0m
0000 0000 0000 0000 0000 0000 0000 0000 0000 0000 0000 0000 0000 0000 0000 0000 0000 0000 0000 0000 0000 0000 0000 0000 0000 0000 0000 0000 0000 0000 0000 0000 0000 0000 0000 0000 0000 0000 0000 0000 0000 0000 0000 0000 0000 0000 0000 0000 0000 0000 0000 0000 0000 0000 0000 0000 0000 0000 0000 0000 0000 0000 0000 0000 0000 0000 0000 0000 0000 0000 0000 0000 0000 0000 0000 0000 0000 0000 0000 0000 0000 0000 0000 0000 0000 0000 0000 0000 0000 0000 0000 0000 0000 0000 0000 0000 0000 0000 0000 0000 0000 0000 0000 0000 0000 0000 0000 0000 0000 0000 0000 0000 0000 0000 0000 0000 0000 0000 0000 0000 0000 0000 0000 0000 0000 0000 0000 0000 0000 0000 0000 0000 0000 0000 0000 0000 0000 0000 0000 0000 0000 0000 0000 0000 0000 0000 0000 0000 0000 0000 0000 0000 0000 0000 0000 0000 0000 0000 0000 0000 0000 0000 0000 0000 0000 0000 0000 0000 0000 0000 0000 0000 0000 0000 0000 0000 0000 0000 0000 0000 0000 0000 0000 0000 0000 0000 0000 0000 0000 0000 0000 0000 0000 0000 0000 0000 0000 0000 0000 0000 0000 0000 0000 0000 0000 0000 0000 0000 0000 0000 0000 0000 0000 0000 0000 0000 0000 0000 0000 0000 0000 0000 0000 0000 0000 0000 0000 0000 0000 0000 0000 0000 0000 0000 0000 0000 0000 0000 0000 0000 0000 0000 0000 0000 0000 0000 0000 0000 0000 0000 0000 0000 0000 0000 0000 0000 0000 0000 0000 0000 0000 0000 0000 0000 0000 0000 0000 0000 0000 0000 0000 0000 0000 0000 0000 0000 0000 0000 0000 0000 0000 0000 0000 0000 0000 0000 0000 0000 0000 0000 0000 0000 0000 0000 0000 0000 0000 0000 0000 0000 0000 0000 0000 0000 0000 0000 0000 0000 0000 0000 0000 0000 0000 0000 0000 0000 0000 0000 0000 0000 0000 0000 0000 0000 0000 0000 0000 0000 0000 0000 0000 0000 0000 0000 0000 0000 0000 0000 0000 0000 0000 0000 0000 0000 0000 0000 0000 0000 0000 0000 0000 0000 0000 0000 0000 0000 0000 0000 0000 0000 
[0;32mI (60885) SPI_SLAVE: pushed into queue[0m

[0;32mI (60885) MQTT_TASK: Read from queue[0m
[0;32mI (60915) MQTT_CLIENT: MQTT_EVENT_PUBLISHED, msg_id=41258[0m
[0;32mI (61725) SPI_SLAVE: Expected: 720 bytes, Got: 720 bytes[0m
[0;32mI (61735) SPI_SLAVE: Received uint16_t data:[0m
0000 0000 0000 0000 0000 0000 0000 0000 0000 0000 0000 0000 0000 0000 0000 0000 0000 0000 0000 0000 0000 0000 0000 0000 0000 0000 0000 0000 0000 0000 0000 0000 0000 0000 0000 0000 0000 0000 0000 0000 0000 0000 0000 0000 0000 0000 0000 0000 0000 0000 0000 0000 0000 0000 0000 0000 0000 0000 0000 0000 0000 0000 0000 0000 0000 0000 0000 0000 0000 0000 0000 0000 0000 0000 0000 0000 0000 0000 0000 0000 0000 0000 0000 0000 0000 0000 0000 0000 0000 0000 0000 0000 0000 0000 0000 0000 0000 0000 0000 0000 0000 0000 0000 0000 0000 0000 0000 0000 0000 0000 0000 0000 0000 0000 0000 0000 0000 0000 0000 0000 0000 0000 0000 0000 0000 0000 0000 0000 0000 0000 0000 0000 0000 0000 0000 0000 0000 0000 0000 0000 0000 0000 0000 0000 0000 0000 0000 0000 0000 0000 0000 0000 0000 0000 0000 0000 0000 0000 0000 0000 0000 0000 0000 0000 0000 0000 0000 0000 0000 0000 0000 0000 0000 0000 0000 0000 0000 0000 0000 0000 0000 0000 0000 0000 0000 0000 0000 0000 0000 0000 0000 0000 0000 0000 0000 0000 0000 0000 0000 0000 0000 0000 0000 0000 0000 0000 0000 0000 0000 0000 0000 0000 0000 0000 0000 0000 0000 0000 0000 0000 0000 0000 0000 0000 0000 0000 0000 0000 0000 0000 0000 0000 0000 0000 0000 0000 0000 0000 0000 0000 0000 0000 0000 0000 0000 0000 0000 0000 0000 0000 0000 0000 0000 0000 0000 0000 0000 0000 0000 0000 0000 0000 0000 0000 0000 0000 0000 0000 0000 0000 0000 0000 0000 0000 0000 0000 0000 0000 0000 0000 0000 0000 0000 0000 0000 0000 0000 0000 0000 0000 0000 0000 0000 0000 0000 0000 0000 0000 0000 0000 0000 0000 0000 0000 0000 0000 0000 0000 0000 0000 0000 0000 0000 0000 0000 0000 0000 0000 0000 0000 0000 0000 0000 0000 0000 0000 0000 0000 0000 0000 0000 0000 0000 0000 0000 0000 0000 0000 0000 0000 0000 0000 0000 0000 0000 0000 0000 0000 0000 0000 0000 0000 0000 0000 0000 0000 0000 0000 0000 0000 
[0;32mI (61885) SPI_SLAVE: pushed into queue[0m

[0;32mI (61885) MQTT_TASK: Read from queue[0m
[0;32mI (61915) MQTT_CLIENT: MQTT_EVENT_PUBLISHED, msg_id=43896[0m
[0;32mI (62725) SPI_SLAVE: Expected: 720 bytes, Got: 720 bytes[0m
[0;32mI (62725) SPI_SLAVE: Received uint16_t data:[0m
0000 0000 0000 0000 0000 0000 0000 0000 0000 0000 0000 0000 0000 0000 0000 0000 0000 0000 0000 0000 0000 0000 0000 0000 0000 0000 0000 0000 0000 0000 0000 0000 0000 0000 0000 0000 0000 0000 0000 0000 0000 0000 0000 0000 0000 0000 0000 0000 0000 0000 0000 0000 0000 0000 0000 0000 0000 0000 0000 0000 0000 0000 0000 0000 0000 0000 0000 0000 0000 0000 0000 0000 0000 0000 0000 0000 0000 0000 0000 0000 0000 0000 0000 0000 0000 0000 0000 0000 0000 0000 0000 0000 0000 0000 0000 0000 0000 0000 0000 0000 0000 0000 0000 0000 0000 0000 0000 0000 0000 0000 0000 0000 0000 0000 0000 0000 0000 0000 0000 0000 0000 0000 0000 0000 0000 0000 0000 0000 0000 0000 0000 0000 0000 0000 0000 0000 0000 0000 0000 0000 0000 0000 0000 0000 0000 0000 0000 0000 0000 0000 0000 0000 0000 0000 0000 0000 0000 0000 0000 0000 0000 0000 0000 0000 0000 0000 0000 0000 0000 0000 0000 0000 0000 0000 0000 0000 0000 0000 0000 0000 0000 0000 0000 0000 0000 0000 0000 0000 0000 0000 0000 0000 0000 0000 0000 0000 0000 0000 0000 0000 0000 0000 0000 0000 0000 0000 0000 0000 0000 0000 0000 0000 0000 0000 0000 0000 0000 0000 0000 0000 0000 0000 0000 0000 0000 0000 0000 0000 0000 0000 0000 0000 0000 0000 0000 0000 0000 0000 0000 0000 0000 0000 0000 0000 0000 0000 0000 0000 0000 0000 0000 0000 0000 0000 0000 0000 0000 0000 0000 0000 0000 0000 0000 0000 0000 0000 0000 0000 0000 0000 0000 0000 0000 0000 0000 0000 0000 0000 0000 0000 0000 0000 0000 0000 0000 0000 0000 0000 0000 0000 0000 0000 0000 0000 0000 0000 0000 0000 0000 0000 0000 0000 0000 0000 0000 0000 0000 0000 0000 0000 0000 0000 0000 0000 0000 0000 0000 0000 0000 0000 0000 0000 0000 0000 0000 0000 0000 0000 0000 0000 0000 0000 0000 0000 0000 0000 0000 0000 0000 0000 0000 0000 0000 0000 0000 0000 0000 0000 0000 0000 0000 0000 0000 0000 0000 0000 0000 0000 0000 0000 
[0;32mI (62885) SPI_SLAVE: pushed into queue[0m

[0;32mI (62885) MQTT_TASK: Read from queue[0m
[0;32mI (62915) MQTT_CLIENT: MQTT_EVENT_PUBLISHED, msg_id=51052[0m
[0;32mI (63725) SPI_SLAVE: Expected: 720 bytes, Got: 720 bytes[0m
[0;32mI (63725) SPI_SLAVE: Received uint16_t data:[0m
0000 0000 0000 0000 0000 0000 0000 0000 0000 0000 0000 0000 0000 0000 0000 0000 0000 0000 0000 0000 0000 0000 0000 0000 0000 0000 0000 0000 0000 0000 0000 0000 0000 0000 0000 0000 0000 0000 0000 0000 0000 0000 0000 0000 0000 0000 0000 0000 0000 0000 0000 0000 0000 0000 0000 0000 0000 0000 0000 0000 0000 0000 0000 0000 0000 0000 0000 0000 0000 0000 0000 0000 0000 0000 0000 0000 0000 0000 0000 0000 0000 0000 0000 0000 0000 0000 0000 0000 0000 0000 0000 0000 0000 0000 0000 0000 0000 0000 0000 0000 0000 0000 0000 0000 0000 0000 0000 0000 0000 0000 0000 0000 0000 0000 0000 0000 0000 0000 0000 0000 0000 0000 0000 0000 0000 0000 0000 0000 0000 0000 0000 0000 0000 0000 0000 0000 0000 0000 0000 0000 0000 0000 0000 0000 0000 0000 0000 0000 0000 0000 0000 0000 0000 0000 0000 0000 0000 0000 0000 0000 0000 0000 0000 0000 0000 0000 0000 0000 0000 0000 0000 0000 0000 0000 0000 0000 0000 0000 0000 0000 0000 0000 0000 0000 0000 0000 0000 0000 0000 0000 0000 0000 0000 0000 0000 0000 0000 0000 0000 0000 0000 0000 0000 0000 0000 0000 0000 0000 0000 0000 0000 0000 0000 0000 0000 0000 0000 0000 0000 0000 0000 0000 0000 0000 0000 0000 0000 0000 0000 0000 0000 0000 0000 0000 0000 0000 0000 0000 0000 0000 0000 0000 0000 0000 0000 0000 0000 0000 0000 0000 0000 0000 0000 0000 0000 0000 0000 0000 0000 0000 0000 0000 0000 0000 0000 0000 0000 0000 0000 0000 0000 0000 0000 0000 0000 0000 0000 0000 0000 0000 0000 0000 0000 0000 0000 0000 0000 0000 0000 0000 0000 0000 0000 0000 0000 0000 0000 0000 0000 0000 0000 0000 0000 0000 0000 0000 0000 0000 0000 0000 0000 0000 0000 0000 0000 0000 0000 0000 0000 0000 0000 0000 0000 0000 0000 0000 0000 0000 0000 0000 0000 0000 0000 0000 0000 0000 0000 0000 0000 0000 0000 0000 0000 0000 0000 0000 0000 0000 0000 0000 0000 0000 0000 0000 0000 0000 0000 0000 0000 0000 
[0;32mI (63885) SPI_SLAVE: pushed into queue[0m

[0;32mI (63885) MQTT_TASK: Read from queue[0m
[0;32mI (63915) MQTT_CLIENT: MQTT_EVENT_PUBLISHED, msg_id=45989[0m
[0;32mI (64725) SPI_SLAVE: Expected: 720 bytes, Got: 720 bytes[0m
[0;32mI (64725) SPI_SLAVE: Received uint16_t data:[0m
0000 0000 0000 0000 0000 0000 0000 0000 0000 0000 0000 0000 0000 0000 0000 0000 0000 0000 0000 0000 0000 0000 0000 0000 0000 0000 0000 0000 0000 0000 0000 0000 0000 0000 0000 0000 0000 0000 0000 0000 0000 0000 0000 0000 0000 0000 0000 0000 0000 0000 0000 0000 0000 0000 0000 0000 0000 0000 0000 0000 0000 0000 0000 0000 0000 0000 0000 0000 0000 0000 0000 0000 0000 0000 0000 0000 0000 0000 0000 0000 0000 0000 0000 0000 0000 0000 0000 0000 0000 0000 0000 0000 0000 0000 0000 0000 0000 0000 0000 0000 0000 0000 0000 0000 0000 0000 0000 0000 0000 0000 0000 0000 0000 0000 0000 0000 0000 0000 0000 0000 0000 0000 0000 0000 0000 0000 0000 0000 0000 0000 0000 0000 0000 0000 0000 0000 0000 0000 0000 0000 0000 0000 0000 0000 0000 0000 0000 0000 0000 0000 0000 0000 0000 0000 0000 0000 0000 0000 0000 0000 0000 0000 0000 0000 0000 0000 0000 0000 0000 0000 0000 0000 0000 0000 0000 0000 0000 0000 0000 0000 0000 0000 0000 0000 0000 0000 0000 0000 0000 0000 0000 0000 0000 0000 0000 0000 0000 0000 0000 0000 0000 0000 0000 0000 0000 0000 0000 0000 0000 0000 0000 0000 0000 0000 0000 0000 0000 0000 0000 0000 0000 0000 0000 0000 0000 0000 0000 0000 0000 0000 0000 0000 0000 0000 0000 0000 0000 0000 0000 0000 0000 0000 0000 0000 0000 0000 0000 0000 0000 0000 0000 0000 0000 0000 0000 0000 0000 0000 0000 0000 0000 0000 0000 0000 0000 0000 0000 0000 0000 0000 0000 0000 0000 0000 0000 0000 0000 0000 0000 0000 0000 0000 0000 0000 0000 0000 0000 0000 0000 0000 0000 0000 0000 0000 0000 0000 0000 0000 0000 0000 0000 0000 0000 0000 0000 0000 0000 0000 0000 0000 0000 0000 0000 0000 0000 0000 0000 0000 0000 0000 0000 0000 0000 0000 0000 0000 0000 0000 0000 0000 0000 0000 0000 0000 0000 0000 0000 0000 0000 0000 0000 0000 0000 0000 0000 0000 0000 0000 0000 0000 0000 0000 0000 0000 0000 0000 0000 0000 0000 0000 
[0;32mI (64885) SPI_SLAVE: pushed into queue[0m

[0;32mI (64885) MQTT_TASK: Read from queue[0m
[0;32mI (64915) MQTT_CLIENT: MQTT_EVENT_PUBLISHED, msg_id=16786[0m
[0;32mI (65725) SPI_SLAVE: Expected: 720 bytes, Got: 720 bytes[0m
[0;32mI (65725) SPI_SLAVE: Received uint16_t data:[0m
0000 0000 0000 0000 0000 0000 0000 0000 0000 0000 0000 0000 0000 0000 0000 0000 0000 0000 0000 0000 0000 0000 0000 0000 0000 0000 0000 0000 0000 0000 0000 0000 0000 0000 0000 0000 0000 0000 0000 0000 0000 0000 0000 0000 0000 0000 0000 0000 0000 0000 0000 0000 0000 0000 0000 0000 0000 0000 0000 0000 0000 0000 0000 0000 0000 0000 0000 0000 0000 0000 0000 0000 0000 0000 0000 0000 0000 0000 0000 0000 0000 0000 0000 0000 0000 0000 0000 0000 0000 0000 0000 0000 0000 0000 0000 0000 0000 0000 0000 0000 0000 0000 0000 0000 0000 0000 0000 0000 0000 0000 0000 0000 0000 0000 0000 0000 0000 0000 0000 0000 0000 0000 0000 0000 0000 0000 0000 0000 0000 0000 0000 0000 0000 0000 0000 0000 0000 0000 0000 0000 0000 0000 0000 0000 0000 0000 0000 0000 0000 0000 0000 0000 0000 0000 0000 0000 0000 0000 0000 0000 0000 0000 0000 0000 0000 0000 0000 0000 0000 0000 0000 0000 0000 0000 0000 0000 0000 0000 0000 0000 0000 0000 0000 0000 0000 0000 0000 0000 0000 0000 0000 0000 0000 0000 0000 0000 0000 0000 0000 0000 0000 0000 0000 0000 0000 0000 0000 0000 0000 0000 0000 0000 0000 0000 0000 0000 0000 0000 0000 0000 0000 0000 0000 0000 0000 0000 0000 0000 0000 0000 0000 0000 0000 0000 0000 0000 0000 0000 0000 0000 0000 0000 0000 0000 0000 0000 0000 0000 0000 0000 0000 0000 0000 0000 0000 0000 0000 0000 0000 0000 0000 0000 0000 0000 0000 0000 0000 0000 0000 0000 0000 0000 0000 0000 0000 0000 0000 0000 0000 0000 0000 0000 0000 0000 0000 0000 0000 0000 0000 0000 0000 0000 0000 0000 0000 0000 0000 0000 0000 0000 0000 0000 0000 0000 0000 0000 0000 0000 0000 0000 0000 0000 0000 0000 0000 0000 0000 0000 0000 0000 0000 0000 0000 0000 0000 0000 0000 0000 0000 0000 0000 0000 0000 0000 0000 0000 0000 0000 0000 0000 0000 0000 0000 0000 0000 0000 0000 0000 0000 0000 0000 0000 0000 0000 0000 0000 0000 0000 0000 0000 
[0;32mI (65885) SPI_SLAVE: pushed into queue[0m

[0;32mI (65885) MQTT_TASK: Read from queue[0m
[0;32mI (65915) MQTT_CLIENT: MQTT_EVENT_PUBLISHED, msg_id=57416[0m
[0;32mI (66725) SPI_SLAVE: Expected: 720 bytes, Got: 720 bytes[0m
[0;32mI (66725) SPI_SLAVE: Received uint16_t data:[0m
0000 0000 0000 0000 0000 0000 0000 0000 0000 0000 0000 0000 0000 0000 0000 0000 0000 0000 0000 0000 0000 0000 0000 0000 0000 0000 0000 0000 0000 0000 0000 0000 0000 0000 0000 0000 0000 0000 0000 0000 0000 0000 0000 0000 0000 0000 0000 0000 0000 0000 0000 0000 0000 0000 0000 0000 0000 0000 0000 0000 0000 0000 0000 0000 0000 0000 0000 0000 0000 0000 0000 0000 0000 0000 0000 0000 0000 0000 0000 0000 0000 0000 0000 0000 0000 0000 0000 0000 0000 0000 0000 0000 0000 0000 0000 0000 0000 0000 0000 0000 0000 0000 0000 0000 0000 0000 0000 0000 0000 0000 0000 0000 0000 0000 0000 0000 0000 0000 0000 0000 0000 0000 0000 0000 0000 0000 0000 0000 0000 0000 0000 0000 0000 0000 0000 0000 0000 0000 0000 0000 0000 0000 0000 0000 0000 0000 0000 0000 0000 0000 0000 0000 0000 0000 0000 0000 0000 0000 0000 0000 0000 0000 0000 0000 0000 0000 0000 0000 0000 0000 0000 0000 0000 0000 0000 0000 0000 0000 0000 0000 0000 0000 0000 0000 0000 0000 0000 0000 0000 0000 0000 0000 0000 0000 0000 0000 0000 0000 0000 0000 0000 0000 0000 0000 0000 0000 0000 0000 0000 0000 0000 0000 0000 0000 0000 0000 0000 0000 0000 0000 0000 0000 0000 0000 0000 0000 0000 0000 0000 0000 0000 0000 0000 0000 0000 0000 0000 0000 0000 0000 0000 0000 0000 0000 0000 0000 0000 0000 0000 0000 0000 0000 0000 0000 0000 0000 0000 0000 0000 0000 0000 0000 0000 0000 0000 0000 0000 0000 0000 0000 0000 0000 0000 0000 0000 0000 0000 0000 0000 0000 0000 0000 0000 0000 0000 0000 0000 0000 0000 0000 0000 0000 0000 0000 0000 0000 0000 0000 0000 0000 0000 0000 0000 0000 0000 0000 0000 0000 0000 0000 0000 0000 0000 0000 0000 0000 0000 0000 0000 0000 0000 0000 0000 0000 0000 0000 0000 0000 0000 0000 0000 0000 0000 0000 0000 0000 0000 0000 0000 0000 0000 0000 0000 0000 0000 0000 0000 0000 0000 0000 0000 0000 0000 0000 0000 0000 0000 0000 0000 0000 
[0;32mI (66885) SPI_SLAVE: pushed into queue[0m

[0;32mI (66885) MQTT_TASK: Read from queue[0m
[0;32mI (66915) MQTT_CLIENT: MQTT_EVENT_PUBLISHED, msg_id=40813[0m
[0;32mI (67725) SPI_SLAVE: Expected: 720 bytes, Got: 720 bytes[0m
[0;32mI (67725) SPI_SLAVE: Received uint16_t data:[0m
0000 0000 0000 0000 0000 0000 0000 0000 0000 0000 0000 0000 0000 0000 0000 0000 0000 0000 0000 0000 0000 0000 0000 0000 0000 0000 0000 0000 0000 0000 0000 0000 0000 0000 0000 0000 0000 0000 0000 0000 0000 0000 0000 0000 0000 0000 0000 0000 0000 0000 0000 0000 0000 0000 0000 0000 0000 0000 0000 0000 0000 0000 0000 0000 0000 0000 0000 0000 0000 0000 0000 0000 0000 0000 0000 0000 0000 0000 0000 0000 0000 0000 0000 0000 0000 0000 0000 0000 0000 0000 0000 0000 0000 0000 0000 0000 0000 0000 0000 0000 0000 0000 0000 0000 0000 0000 0000 0000 0000 0000 0000 0000 0000 0000 0000 0000 0000 0000 0000 0000 0000 0000 0000 0000 0000 0000 0000 0000 0000 0000 0000 0000 0000 0000 0000 0000 0000 0000 0000 0000 0000 0000 0000 0000 0000 0000 0000 0000 0000 0000 0000 0000 0000 0000 0000 0000 0000 0000 0000 0000 0000 0000 0000 0000 0000 0000 0000 0000 0000 0000 0000 0000 0000 0000 0000 0000 0000 0000 0000 0000 0000 0000 0000 0000 0000 0000 0000 0000 0000 0000 0000 0000 0000 0000 0000 0000 0000 0000 0000 0000 0000 0000 0000 0000 0000 0000 0000 0000 0000 0000 0000 0000 0000 0000 0000 0000 0000 0000 0000 0000 0000 0000 0000 0000 0000 0000 0000 0000 0000 0000 0000 0000 0000 0000 0000 0000 0000 0000 0000 0000 0000 0000 0000 0000 0000 0000 0000 0000 0000 0000 0000 0000 0000 0000 0000 0000 0000 0000 0000 0000 0000 0000 0000 0000 0000 0000 0000 0000 0000 0000 0000 0000 0000 0000 0000 0000 0000 0000 0000 0000 0000 0000 0000 0000 0000 0000 0000 0000 0000 0000 0000 0000 0000 0000 0000 0000 0000 0000 0000 0000 0000 0000 0000 0000 0000 0000 0000 0000 0000 0000 0000 0000 0000 0000 0000 0000 0000 0000 0000 0000 0000 0000 0000 0000 0000 0000 0000 0000 0000 0000 0000 0000 0000 0000 0000 0000 0000 0000 0000 0000 0000 0000 0000 0000 0000 0000 0000 0000 0000 0000 0000 0000 0000 0000 0000 0000 0000 0000 0000 0000 
[0;32mI (67885) SPI_SLAVE: pushed into queue[0m

[0;32mI (67885) MQTT_TASK: Read from queue[0m
[0;32mI (67915) MQTT_CLIENT: MQTT_EVENT_PUBLISHED, msg_id=33653[0m
[0;32mI (68725) SPI_SLAVE: Expected: 720 bytes, Got: 720 bytes[0m
[0;32mI (68725) SPI_SLAVE: Received uint16_t data:[0m
0000 0000 0000 0000 0000 0000 0000 0000 0000 0000 0000 0000 0000 0000 0000 0000 0000 0000 0000 0000 0000 0000 0000 0000 0000 0000 0000 0000 0000 0000 0000 0000 0000 0000 0000 0000 0000 0000 0000 0000 0000 0000 0000 0000 0000 0000 0000 0000 0000 0000 0000 0000 0000 0000 0000 0000 0000 0000 0000 0000 0000 0000 0000 0000 0000 0000 0000 0000 0000 0000 0000 0000 0000 0000 0000 0000 0000 0000 0000 0000 0000 0000 0000 0000 0000 0000 0000 0000 0000 0000 0000 0000 0000 0000 0000 0000 0000 0000 0000 0000 0000 0000 0000 0000 0000 0000 0000 0000 0000 0000 0000 0000 0000 0000 0000 0000 0000 0000 0000 0000 0000 0000 0000 0000 0000 0000 0000 0000 0000 0000 0000 0000 0000 0000 0000 0000 0000 0000 0000 0000 0000 0000 0000 0000 0000 0000 0000 0000 0000 0000 0000 0000 0000 0000 0000 0000 0000 0000 0000 0000 0000 0000 0000 0000 0000 0000 0000 0000 0000 0000 0000 0000 0000 0000 0000 0000 0000 0000 0000 0000 0000 0000 0000 0000 0000 0000 0000 0000 0000 0000 0000 0000 0000 0000 0000 0000 0000 0000 0000 0000 0000 0000 0000 0000 0000 0000 0000 0000 0000 0000 0000 0000 0000 0000 0000 0000 0000 0000 0000 0000 0000 0000 0000 0000 0000 0000 0000 0000 0000 0000 0000 0000 0000 0000 0000 0000 0000 0000 0000 0000 0000 0000 0000 0000 0000 0000 0000 0000 0000 0000 0000 0000 0000 0000 0000 0000 0000 0000 0000 0000 0000 0000 0000 0000 0000 0000 0000 0000 0000 0000 0000 0000 0000 0000 0000 0000 0000 0000 0000 0000 0000 0000 0000 0000 0000 0000 0000 0000 0000 0000 0000 0000 0000 0000 0000 0000 0000 0000 0000 0000 0000 0000 0000 0000 0000 0000 0000 0000 0000 0000 0000 0000 0000 0000 0000 0000 0000 0000 0000 0000 0000 0000 0000 0000 0000 0000 0000 0000 0000 0000 0000 0000 0000 0000 0000 0000 0000 0000 0000 0000 0000 0000 0000 0000 0000 0000 0000 0000 0000 0000 0000 0000 0000 0000 0000 0000 0000 0000 0000 0000 
[0;32mI (68885) SPI_SLAVE: pushed into queue[0m

[0;32mI (68885) MQTT_TASK: Read from queue[0m
[0;32mI (68915) MQTT_CLIENT: MQTT_EVENT_PUBLISHED, msg_id=65315[0m
[0;32mI (69725) SPI_SLAVE: Expected: 720 bytes, Got: 720 bytes[0m
[0;32mI (69725) SPI_SLAVE: Received uint16_t data:[0m
0000 0000 0000 0000 0000 0000 0000 0000 0000 0000 0000 0000 0000 0000 0000 0000 0000 0000 0000 0000 0000 0000 0000 0000 0000 0000 0000 0000 0000 0000 0000 0000 0000 0000 0000 0000 0000 0000 0000 0000 0000 0000 0000 0000 0000 0000 0000 0000 0000 0000 0000 0000 0000 0000 0000 0000 0000 0000 0000 0000 0000 0000 0000 0000 0000 0000 0000 0000 0000 0000 0000 0000 0000 0000 0000 0000 0000 0000 0000 0000 0000 0000 0000 0000 0000 0000 0000 0000 0000 0000 0000 0000 0000 0000 0000 0000 0000 0000 0000 0000 0000 0000 0000 0000 0000 0000 0000 0000 0000 0000 0000 0000 0000 0000 0000 0000 0000 0000 0000 0000 0000 0000 0000 0000 0000 0000 0000 0000 0000 0000 0000 0000 0000 0000 0000 0000 0000 0000 0000 0000 0000 0000 0000 0000 0000 0000 0000 0000 0000 0000 0000 0000 0000 0000 0000 0000 0000 0000 0000 0000 0000 0000 0000 0000 0000 0000 0000 0000 0000 0000 0000 0000 0000 0000 0000 0000 0000 0000 0000 0000 0000 0000 0000 0000 0000 0000 0000 0000 0000 0000 0000 0000 0000 0000 0000 0000 0000 0000 0000 0000 0000 0000 0000 0000 0000 0000 0000 0000 0000 0000 0000 0000 0000 0000 0000 0000 0000 0000 0000 0000 0000 0000 0000 0000 0000 0000 0000 0000 0000 0000 0000 0000 0000 0000 0000 0000 0000 0000 0000 0000 0000 0000 0000 0000 0000 0000 0000 0000 0000 0000 0000 0000 0000 0000 0000 0000 0000 0000 0000 0000 0000 0000 0000 0000 0000 0000 0000 0000 0000 0000 0000 0000 0000 0000 0000 0000 0000 0000 0000 0000 0000 0000 0000 0000 0000 0000 0000 0000 0000 0000 0000 0000 0000 0000 0000 0000 0000 0000 0000 0000 0000 0000 0000 0000 0000 0000 0000 0000 0000 0000 0000 0000 0000 0000 0000 0000 0000 0000 0000 0000 0000 0000 0000 0000 0000 0000 0000 0000 0000 0000 0000 0000 0000 0000 0000 0000 0000 0000 0000 0000 0000 0000 0000 0000 0000 0000 0000 0000 0000 0000 0000 0000 0000 0000 0000 0000 0000 0000 0000 0000 
[0;32mI (69885) SPI_SLAVE: pushed into queue[0m

[0;32mI (69885) MQTT_TASK: Read from queue[0m
[0;32mI (69925) MQTT_CLIENT: MQTT_EVENT_PUBLISHED, msg_id=39323[0m
[0;32mI (70725) SPI_SLAVE: Expected: 720 bytes, Got: 720 bytes[0m
[0;32mI (70725) SPI_SLAVE: Received uint16_t data:[0m
0000 0000 0000 0000 0000 0000 0000 0000 0000 0000 0000 0000 0000 0000 0000 0000 0000 0000 0000 0000 0000 0000 0000 0000 0000 0000 0000 0000 0000 0000 0000 0000 0000 0000 0000 0000 0000 0000 0000 0000 0000 0000 0000 0000 0000 0000 0000 0000 0000 0000 0000 0000 0000 0000 0000 0000 0000 0000 0000 0000 0000 0000 0000 0000 0000 0000 0000 0000 0000 0000 0000 0000 0000 0000 0000 0000 0000 0000 0000 0000 0000 0000 0000 0000 0000 0000 0000 0000 0000 0000 0000 0000 0000 0000 0000 0000 0000 0000 0000 0000 0000 0000 0000 0000 0000 0000 0000 0000 0000 0000 0000 0000 0000 0000 0000 0000 0000 0000 0000 0000 0000 0000 0000 0000 0000 0000 0000 0000 0000 0000 0000 0000 0000 0000 0000 0000 0000 0000 0000 0000 0000 0000 0000 0000 0000 0000 0000 0000 0000 0000 0000 0000 0000 0000 0000 0000 0000 0000 0000 0000 0000 0000 0000 0000 0000 0000 0000 0000 0000 0000 0000 0000 0000 0000 0000 0000 0000 0000 0000 0000 0000 0000 0000 0000 0000 0000 0000 0000 0000 0000 0000 0000 0000 0000 0000 0000 0000 0000 0000 0000 0000 0000 0000 0000 0000 0000 0000 0000 0000 0000 0000 0000 0000 0000 0000 0000 0000 0000 0000 0000 0000 0000 0000 0000 0000 0000 0000 0000 0000 0000 0000 0000 0000 0000 0000 0000 0000 0000 0000 0000 0000 0000 0000 0000 0000 0000 0000 0000 0000 0000 0000 0000 0000 0000 0000 0000 0000 0000 0000 0000 0000 0000 0000 0000 0000 0000 0000 0000 0000 0000 0000 0000 0000 0000 0000 0000 0000 0000 0000 0000 0000 0000 0000 0000 0000 0000 0000 0000 0000 0000 0000 0000 0000 0000 0000 0000 0000 0000 0000 0000 0000 0000 0000 0000 0000 0000 0000 0000 0000 0000 0000 0000 0000 0000 0000 0000 0000 0000 0000 0000 0000 0000 0000 0000 0000 0000 0000 0000 0000 0000 0000 0000 0000 0000 0000 0000 0000 0000 0000 0000 0000 0000 0000 0000 0000 0000 0000 0000 0000 0000 0000 0000 0000 0000 0000 0000 0000 0000 0000 0000 
[0;32mI (70885) SPI_SLAVE: pushed into queue[0m

[0;32mI (70885) MQTT_TASK: Read from queue[0m
[0;32mI (70915) MQTT_CLIENT: MQTT_EVENT_PUBLISHED, msg_id=9140[0m
[0;32mI (71725) SPI_SLAVE: Expected: 720 bytes, Got: 720 bytes[0m
[0;32mI (71725) SPI_SLAVE: Received uint16_t data:[0m
0000 0000 0000 0000 0000 0000 0000 0000 0000 0000 0000 0000 0000 0000 0000 0000 0000 0000 0000 0000 0000 0000 0000 0000 0000 0000 0000 0000 0000 0000 0000 0000 0000 0000 0000 0000 0000 0000 0000 0000 0000 0000 0000 0000 0000 0000 0000 0000 0000 0000 0000 0000 0000 0000 0000 0000 0000 0000 0000 0000 0000 0000 0000 0000 0000 0000 0000 0000 0000 0000 0000 0000 0000 0000 0000 0000 0000 0000 0000 0000 0000 0000 0000 0000 0000 0000 0000 0000 0000 0000 0000 0000 0000 0000 0000 0000 0000 0000 0000 0000 0000 0000 0000 0000 0000 0000 0000 0000 0000 0000 0000 0000 0000 0000 0000 0000 0000 0000 0000 0000 0000 0000 0000 0000 0000 0000 0000 0000 0000 0000 0000 0000 0000 0000 0000 0000 0000 0000 0000 0000 0000 0000 0000 0000 0000 0000 0000 0000 0000 0000 0000 0000 0000 0000 0000 0000 0000 0000 0000 0000 0000 0000 0000 0000 0000 0000 0000 0000 0000 0000 0000 0000 0000 0000 0000 0000 0000 0000 0000 0000 0000 0000 0000 0000 0000 0000 0000 0000 0000 0000 0000 0000 0000 0000 0000 0000 0000 0000 0000 0000 0000 0000 0000 0000 0000 0000 0000 0000 0000 0000 0000 0000 0000 0000 0000 0000 0000 0000 0000 0000 0000 0000 0000 0000 0000 0000 0000 0000 0000 0000 0000 0000 0000 0000 0000 0000 0000 0000 0000 0000 0000 0000 0000 0000 0000 0000 0000 0000 0000 0000 0000 0000 0000 0000 0000 0000 0000 0000 0000 0000 0000 0000 0000 0000 0000 0000 0000 0000 0000 0000 0000 0000 0000 0000 0000 0000 0000 0000 0000 0000 0000 0000 0000 0000 0000 0000 0000 0000 0000 0000 0000 0000 0000 0000 0000 0000 0000 0000 0000 0000 0000 0000 0000 0000 0000 0000 0000 0000 0000 0000 0000 0000 0000 0000 0000 0000 0000 0000 0000 0000 0000 0000 0000 0000 0000 0000 0000 0000 0000 0000 0000 0000 0000 0000 0000 0000 0000 0000 0000 0000 0000 0000 0000 0000 0000 0000 0000 0000 0000 0000 0000 0000 0000 0000 0000 0000 0000 0000 0000 0000 
[0;32mI (71885) SPI_SLAVE: pushed into queue[0m

[0;32mI (71885) MQTT_TASK: Read from queue[0m
[0;32mI (71915) MQTT_CLIENT: MQTT_EVENT_PUBLISHED, msg_id=16755[0m
[0;32mI (72725) SPI_SLAVE: Expected: 720 bytes, Got: 720 bytes[0m
[0;32mI (72725) SPI_SLAVE: Received uint16_t data:[0m
0000 0000 0000 0000 0000 0000 0000 0000 0000 0000 0000 0000 0000 0000 0000 0000 0000 0000 0000 0000 0000 0000 0000 0000 0000 0000 0000 0000 0000 0000 0000 0000 0000 0000 0000 0000 0000 0000 0000 0000 0000 0000 0000 0000 0000 0000 0000 0000 0000 0000 0000 0000 0000 0000 0000 0000 0000 0000 0000 0000 0000 0000 0000 0000 0000 0000 0000 0000 0000 0000 0000 0000 0000 0000 0000 0000 0000 0000 0000 0000 0000 0000 0000 0000 0000 0000 0000 0000 0000 0000 0000 0000 0000 0000 0000 0000 0000 0000 0000 0000 0000 0000 0000 0000 0000 0000 0000 0000 0000 0000 0000 0000 0000 0000 0000 0000 0000 0000 0000 0000 0000 0000 0000 0000 0000 0000 0000 0000 0000 0000 0000 0000 0000 0000 0000 0000 0000 0000 0000 0000 0000 0000 0000 0000 0000 0000 0000 0000 0000 0000 0000 0000 0000 0000 0000 0000 0000 0000 0000 0000 0000 0000 0000 0000 0000 0000 0000 0000 0000 0000 0000 0000 0000 0000 0000 0000 0000 0000 0000 0000 0000 0000 0000 0000 0000 0000 0000 0000 0000 0000 0000 0000 0000 0000 0000 0000 0000 0000 0000 0000 0000 0000 0000 0000 0000 0000 0000 0000 0000 0000 0000 0000 0000 0000 0000 0000 0000 0000 0000 0000 0000 0000 0000 0000 0000 0000 0000 0000 0000 0000 0000 0000 0000 0000 0000 0000 0000 0000 0000 0000 0000 0000 0000 0000 0000 0000 0000 0000 0000 0000 0000 0000 0000 0000 0000 0000 0000 0000 0000 0000 0000 0000 0000 0000 0000 0000 0000 0000 0000 0000 0000 0000 0000 0000 0000 0000 0000 0000 0000 0000 0000 0000 0000 0000 0000 0000 0000 0000 0000 0000 0000 0000 0000 0000 0000 0000 0000 0000 0000 0000 0000 0000 0000 0000 0000 0000 0000 0000 0000 0000 0000 0000 0000 0000 0000 0000 0000 0000 0000 0000 0000 0000 0000 0000 0000 0000 0000 0000 0000 0000 0000 0000 0000 0000 0000 0000 0000 0000 0000 0000 0000 0000 0000 0000 0000 0000 0000 0000 0000 0000 0000 0000 0000 0000 0000 0000 0000 0000 0000 0000 
[0;32mI (72885) SPI_SLAVE: pushed into queue[0m

[0;32mI (72885) MQTT_TASK: Read from queue[0m
[0;32mI (72915) MQTT_CLIENT: MQTT_EVENT_PUBLISHED, msg_id=9696[0m
[0;32mI (73725) SPI_SLAVE: Expected: 720 bytes, Got: 720 bytes[0m
[0;32mI (73725) SPI_SLAVE: Received uint16_t data:[0m
0000 0000 0000 0000 0000 0000 0000 0000 0000 0000 0000 0000 0000 0000 0000 0000 0000 0000 0000 0000 0000 0000 0000 0000 0000 0000 0000 0000 0000 0000 0000 0000 0000 0000 0000 0000 0000 0000 0000 0000 0000 0000 0000 0000 0000 0000 0000 0000 0000 0000 0000 0000 0000 0000 0000 0000 0000 0000 0000 0000 0000 0000 0000 0000 0000 0000 0000 0000 0000 0000 0000 0000 0000 0000 0000 0000 0000 0000 0000 0000 0000 0000 0000 0000 0000 0000 0000 0000 0000 0000 0000 0000 0000 0000 0000 0000 0000 0000 0000 0000 0000 0000 0000 0000 0000 0000 0000 0000 0000 0000 0000 0000 0000 0000 0000 0000 0000 0000 0000 0000 0000 0000 0000 0000 0000 0000 0000 0000 0000 0000 0000 0000 0000 0000 0000 0000 0000 0000 0000 0000 0000 0000 0000 0000 0000 0000 0000 0000 0000 0000 0000 0000 0000 0000 0000 0000 0000 0000 0000 0000 0000 0000 0000 0000 0000 0000 0000 0000 0000 0000 0000 0000 0000 0000 0000 0000 0000 0000 0000 0000 0000 0000 0000 0000 0000 0000 0000 0000 0000 0000 0000 0000 0000 0000 0000 0000 0000 0000 0000 0000 0000 0000 0000 0000 0000 0000 0000 0000 0000 0000 0000 0000 0000 0000 0000 0000 0000 0000 0000 0000 0000 0000 0000 0000 0000 0000 0000 0000 0000 0000 0000 0000 0000 0000 0000 0000 0000 0000 0000 0000 0000 0000 0000 0000 0000 0000 0000 0000 0000 0000 0000 0000 0000 0000 0000 0000 0000 0000 0000 0000 0000 0000 0000 0000 0000 0000 0000 0000 0000 0000 0000 0000 0000 0000 0000 0000 0000 0000 0000 0000 0000 0000 0000 0000 0000 0000 0000 0000 0000 0000 0000 0000 0000 0000 0000 0000 0000 0000 0000 0000 0000 0000 0000 0000 0000 0000 0000 0000 0000 0000 0000 0000 0000 0000 0000 0000 0000 0000 0000 0000 0000 0000 0000 0000 0000 0000 0000 0000 0000 0000 0000 0000 0000 0000 0000 0000 0000 0000 0000 0000 0000 0000 0000 0000 0000 0000 0000 0000 0000 0000 0000 0000 0000 0000 0000 0000 0000 0000 0000 0000 
[0;32mI (73885) SPI_SLAVE: pushed into queue[0m

[0;32mI (73885) MQTT_TASK: Read from queue[0m
[0;32mI (73915) MQTT_CLIENT: MQTT_EVENT_PUBLISHED, msg_id=6777[0m
[0;32mI (74725) SPI_SLAVE: Expected: 720 bytes, Got: 720 bytes[0m
[0;32mI (74725) SPI_SLAVE: Received uint16_t data:[0m
0000 0000 0000 0000 0000 0000 0000 0000 0000 0000 0000 0000 0000 0000 0000 0000 0000 0000 0000 0000 0000 0000 0000 0000 0000 0000 0000 0000 0000 0000 0000 0000 0000 0000 0000 0000 0000 0000 0000 0000 0000 0000 0000 0000 0000 0000 0000 0000 0000 0000 0000 0000 0000 0000 0000 0000 0000 0000 0000 0000 0000 0000 0000 0000 0000 0000 0000 0000 0000 0000 0000 0000 0000 0000 0000 0000 0000 0000 0000 0000 0000 0000 0000 0000 0000 0000 0000 0000 0000 0000 0000 0000 0000 0000 0000 0000 0000 0000 0000 0000 0000 0000 0000 0000 0000 0000 0000 0000 0000 0000 0000 0000 0000 0000 0000 0000 0000 0000 0000 0000 0000 0000 0000 0000 0000 0000 0000 0000 0000 0000 0000 0000 0000 0000 0000 0000 0000 0000 0000 0000 0000 0000 0000 0000 0000 0000 0000 0000 0000 0000 0000 0000 0000 0000 0000 0000 0000 0000 0000 0000 0000 0000 0000 0000 0000 0000 0000 0000 0000 0000 0000 0000 0000 0000 0000 0000 0000 0000 0000 0000 0000 0000 0000 0000 0000 0000 0000 0000 0000 0000 0000 0000 0000 0000 0000 0000 0000 0000 0000 0000 0000 0000 0000 0000 0000 0000 0000 0000 0000 0000 0000 0000 0000 0000 0000 0000 0000 0000 0000 0000 0000 0000 0000 0000 0000 0000 0000 0000 0000 0000 0000 0000 0000 0000 0000 0000 0000 0000 0000 0000 0000 0000 0000 0000 0000 0000 0000 0000 0000 0000 0000 0000 0000 0000 0000 0000 0000 0000 0000 0000 0000 0000 0000 0000 0000 0000 0000 0000 0000 0000 0000 0000 0000 0000 0000 0000 0000 0000 0000 0000 0000 0000 0000 0000 0000 0000 0000 0000 0000 0000 0000 0000 0000 0000 0000 0000 0000 0000 0000 0000 0000 0000 0000 0000 0000 0000 0000 0000 0000 0000 0000 0000 0000 0000 0000 0000 0000 0000 0000 0000 0000 0000 0000 0000 0000 0000 0000 0000 0000 0000 0000 0000 0000 0000 0000 0000 0000 0000 0000 0000 0000 0000 0000 0000 0000 0000 0000 0000 0000 0000 0000 0000 0000 0000 0000 0000 0000 0000 0000 0000 
[0;32mI (74885) SPI_SLAVE: pushed into queue[0m

[0;32mI (74885) MQTT_TASK: Read from queue[0m
[0;32mI (74915) MQTT_CLIENT: MQTT_EVENT_PUBLISHED, msg_id=45113[0m
[0;32mI (75725) SPI_SLAVE: Expected: 720 bytes, Got: 720 bytes[0m
[0;32mI (75725) SPI_SLAVE: Received uint16_t data:[0m
0000 0000 0000 0000 0000 0000 0000 0000 0000 0000 0000 0000 0000 0000 0000 0000 0000 0000 0000 0000 0000 0000 0000 0000 0000 0000 0000 0000 0000 0000 0000 0000 0000 0000 0000 0000 0000 0000 0000 0000 0000 0000 0000 0000 0000 0000 0000 0000 0000 0000 0000 0000 0000 0000 0000 0000 0000 0000 0000 0000 0000 0000 0000 0000 0000 0000 0000 0000 0000 0000 0000 0000 0000 0000 0000 0000 0000 0000 0000 0000 0000 0000 0000 0000 0000 0000 0000 0000 0000 0000 0000 0000 0000 0000 0000 0000 0000 0000 0000 0000 0000 0000 0000 0000 0000 0000 0000 0000 0000 0000 0000 0000 0000 0000 0000 0000 0000 0000 0000 0000 0000 0000 0000 0000 0000 0000 0000 0000 0000 0000 0000 0000 0000 0000 0000 0000 0000 0000 0000 0000 0000 0000 0000 0000 0000 0000 0000 0000 0000 0000 0000 0000 0000 0000 0000 0000 0000 0000 0000 0000 0000 0000 0000 0000 0000 0000 0000 0000 0000 0000 0000 0000 0000 0000 0000 0000 0000 0000 0000 0000 0000 0000 0000 0000 0000 0000 0000 0000 0000 0000 0000 0000 0000 0000 0000 0000 0000 0000 0000 0000 0000 0000 0000 0000 0000 0000 0000 0000 0000 0000 0000 0000 0000 0000 0000 0000 0000 0000 0000 0000 0000 0000 0000 0000 0000 0000 0000 0000 0000 0000 0000 0000 0000 0000 0000 0000 0000 0000 0000 0000 0000 0000 0000 0000 0000 0000 0000 0000 0000 0000 0000 0000 0000 0000 0000 0000 0000 0000 0000 0000 0000 0000 0000 0000 0000 0000 0000 0000 0000 0000 0000 0000 0000 0000 0000 0000 0000 0000 0000 0000 0000 0000 0000 0000 0000 0000 0000 0000 0000 0000 0000 0000 0000 0000 0000 0000 0000 0000 0000 0000 0000 0000 0000 0000 0000 0000 0000 0000 0000 0000 0000 0000 0000 0000 0000 0000 0000 0000 0000 0000 0000 0000 0000 0000 0000 0000 0000 0000 0000 0000 0000 0000 0000 0000 0000 0000 0000 0000 0000 0000 0000 0000 0000 0000 0000 0000 0000 0000 0000 0000 0000 0000 0000 0000 0000 0000 0000 0000 0000 0000 
[0;32mI (75885) SPI_SLAVE: pushed into queue[0m

[0;32mI (75885) MQTT_TASK: Read from queue[0m
[0;32mI (75915) MQTT_CLIENT: MQTT_EVENT_PUBLISHED, msg_id=52844[0m
[0;32mI (76725) SPI_SLAVE: Expected: 720 bytes, Got: 720 bytes[0m
[0;32mI (76725) SPI_SLAVE: Received uint16_t data:[0m
0000 0000 0000 0000 0000 0000 0000 0000 0000 0000 0000 0000 0000 0000 0000 0000 0000 0000 0000 0000 0000 0000 0000 0000 0000 0000 0000 0000 0000 0000 0000 0000 0000 0000 0000 0000 0000 0000 0000 0000 0000 0000 0000 0000 0000 0000 0000 0000 0000 0000 0000 0000 0000 0000 0000 0000 0000 0000 0000 0000 0000 0000 0000 0000 0000 0000 0000 0000 0000 0000 0000 0000 0000 0000 0000 0000 0000 0000 0000 0000 0000 0000 0000 0000 0000 0000 0000 0000 0000 0000 0000 0000 0000 0000 0000 0000 0000 0000 0000 0000 0000 0000 0000 0000 0000 0000 0000 0000 0000 0000 0000 0000 0000 0000 0000 0000 0000 0000 0000 0000 0000 0000 0000 0000 0000 0000 0000 0000 0000 0000 0000 0000 0000 0000 0000 0000 0000 0000 0000 0000 0000 0000 0000 0000 0000 0000 0000 0000 0000 0000 0000 0000 0000 0000 0000 0000 0000 0000 0000 0000 0000 0000 0000 0000 0000 0000 0000 0000 0000 0000 0000 0000 0000 0000 0000 0000 0000 0000 0000 0000 0000 0000 0000 0000 0000 0000 0000 0000 0000 0000 0000 0000 0000 0000 0000 0000 0000 0000 0000 0000 0000 0000 0000 0000 0000 0000 0000 0000 0000 0000 0000 0000 0000 0000 0000 0000 0000 0000 0000 0000 0000 0000 0000 0000 0000 0000 0000 0000 0000 0000 0000 0000 0000 0000 0000 0000 0000 0000 0000 0000 0000 0000 0000 0000 0000 0000 0000 0000 0000 0000 0000 0000 0000 0000 0000 0000 0000 0000 0000 0000 0000 0000 0000 0000 0000 0000 0000 0000 0000 0000 0000 0000 0000 0000 0000 0000 0000 0000 0000 0000 0000 0000 0000 0000 0000 0000 0000 0000 0000 0000 0000 0000 0000 0000 0000 0000 0000 0000 0000 0000 0000 0000 0000 0000 0000 0000 0000 0000 0000 0000 0000 0000 0000 0000 0000 0000 0000 0000 0000 0000 0000 0000 0000 0000 0000 0000 0000 0000 0000 0000 0000 0000 0000 0000 0000 0000 0000 0000 0000 0000 0000 0000 0000 0000 0000 0000 0000 0000 0000 0000 0000 0000 0000 0000 0000 0000 0000 0000 0000 0000 
[0;32mI (76885) SPI_SLAVE: pushed into queue[0m

[0;32mI (76885) MQTT_TASK: Read from queue[0m
[0;32mI (76915) MQTT_CLIENT: MQTT_EVENT_PUBLISHED, msg_id=64054[0m
[0;32mI (77725) SPI_SLAVE: Expected: 720 bytes, Got: 720 bytes[0m
[0;32mI (77725) SPI_SLAVE: Received uint16_t data:[0m
0000 0000 0000 0000 0000 0000 0000 0000 0000 0000 0000 0000 0000 0000 0000 0000 0000 0000 0000 0000 0000 0000 0000 0000 0000 0000 0000 0000 0000 0000 0000 0000 0000 0000 0000 0000 0000 0000 0000 0000 0000 0000 0000 0000 0000 0000 0000 0000 0000 0000 0000 0000 0000 0000 0000 0000 0000 0000 0000 0000 0000 0000 0000 0000 0000 0000 0000 0000 0000 0000 0000 0000 0000 0000 0000 0000 0000 0000 0000 0000 0000 0000 0000 0000 0000 0000 0000 0000 0000 0000 0000 0000 0000 0000 0000 0000 0000 0000 0000 0000 0000 0000 0000 0000 0000 0000 0000 0000 0000 0000 0000 0000 0000 0000 0000 0000 0000 0000 0000 0000 0000 0000 0000 0000 0000 0000 0000 0000 0000 0000 0000 0000 0000 0000 0000 0000 0000 0000 0000 0000 0000 0000 0000 0000 0000 0000 0000 0000 0000 0000 0000 0000 0000 0000 0000 0000 0000 0000 0000 0000 0000 0000 0000 0000 0000 0000 0000 0000 0000 0000 0000 0000 0000 0000 0000 0000 0000 0000 0000 0000 0000 0000 0000 0000 0000 0000 0000 0000 0000 0000 0000 0000 0000 0000 0000 0000 0000 0000 0000 0000 0000 0000 0000 0000 0000 0000 0000 0000 0000 0000 0000 0000 0000 0000 0000 0000 0000 0000 0000 0000 0000 0000 0000 0000 0000 0000 0000 0000 0000 0000 0000 0000 0000 0000 0000 0000 0000 0000 0000 0000 0000 0000 0000 0000 0000 0000 0000 0000 0000 0000 0000 0000 0000 0000 0000 0000 0000 0000 0000 0000 0000 0000 0000 0000 0000 0000 0000 0000 0000 0000 0000 0000 0000 0000 0000 0000 0000 0000 0000 0000 0000 0000 0000 0000 0000 0000 0000 0000 0000 0000 0000 0000 0000 0000 0000 0000 0000 0000 0000 0000 0000 0000 0000 0000 0000 0000 0000 0000 0000 0000 0000 0000 0000 0000 0000 0000 0000 0000 0000 0000 0000 0000 0000 0000 0000 0000 0000 0000 0000 0000 0000 0000 0000 0000 0000 0000 0000 0000 0000 0000 0000 0000 0000 0000 0000 0000 0000 0000 0000 0000 0000 0000 0000 0000 0000 0000 0000 0000 0000 0000 
[0;32mI (77885) SPI_SLAVE: pushed into queue[0m

[0;32mI (77885) MQTT_TASK: Read from queue[0m
[0;32mI (77915) MQTT_CLIENT: MQTT_EVENT_PUBLISHED, msg_id=40128[0m
[0;32mI (78725) SPI_SLAVE: Expected: 720 bytes, Got: 720 bytes[0m
[0;32mI (78725) SPI_SLAVE: Received uint16_t data:[0m
0000 0000 0000 0000 0000 0000 0000 0000 0000 0000 0000 0000 0000 0000 0000 0000 0000 0000 0000 0000 0000 0000 0000 0000 0000 0000 0000 0000 0000 0000 0000 0000 0000 0000 0000 0000 0000 0000 0000 0000 0000 0000 0000 0000 0000 0000 0000 0000 0000 0000 0000 0000 0000 0000 0000 0000 0000 0000 0000 0000 0000 0000 0000 0000 0000 0000 0000 0000 0000 0000 0000 0000 0000 0000 0000 0000 0000 0000 0000 0000 0000 0000 0000 0000 0000 0000 0000 0000 0000 0000 0000 0000 0000 0000 0000 0000 0000 0000 0000 0000 0000 0000 0000 0000 0000 0000 0000 0000 0000 0000 0000 0000 0000 0000 0000 0000 0000 0000 0000 0000 0000 0000 0000 0000 0000 0000 0000 0000 0000 0000 0000 0000 0000 0000 0000 0000 0000 0000 0000 0000 0000 0000 0000 0000 0000 0000 0000 0000 0000 0000 0000 0000 0000 0000 0000 0000 0000 0000 0000 0000 0000 0000 0000 0000 0000 0000 0000 0000 0000 0000 0000 0000 0000 0000 0000 0000 0000 0000 0000 0000 0000 0000 0000 0000 0000 0000 0000 0000 0000 0000 0000 0000 0000 0000 0000 0000 0000 0000 0000 0000 0000 0000 0000 0000 0000 0000 0000 0000 0000 0000 0000 0000 0000 0000 0000 0000 0000 0000 0000 0000 0000 0000 0000 0000 0000 0000 0000 0000 0000 0000 0000 0000 0000 0000 0000 0000 0000 0000 0000 0000 0000 0000 0000 0000 0000 0000 0000 0000 0000 0000 0000 0000 0000 0000 0000 0000 0000 0000 0000 0000 0000 0000 0000 0000 0000 0000 0000 0000 0000 0000 0000 0000 0000 0000 0000 0000 0000 0000 0000 0000 0000 0000 0000 0000 0000 0000 0000 0000 0000 0000 0000 0000 0000 0000 0000 0000 0000 0000 0000 0000 0000 0000 0000 0000 0000 0000 0000 0000 0000 0000 0000 0000 0000 0000 0000 0000 0000 0000 0000 0000 0000 0000 0000 0000 0000 0000 0000 0000 0000 0000 0000 0000 0000 0000 0000 0000 0000 0000 0000 0000 0000 0000 0000 0000 0000 0000 0000 0000 0000 0000 0000 0000 0000 0000 0000 0000 0000 0000 0000 0000 
[0;32mI (78885) SPI_SLAVE: pushed into queue[0m

[0;32mI (78885) MQTT_TASK: Read from queue[0m
[0;32mI (78915) MQTT_CLIENT: MQTT_EVENT_PUBLISHED, msg_id=14461[0m
[0;32mI (79725) SPI_SLAVE: Expected: 720 bytes, Got: 720 bytes[0m
[0;32mI (79725) SPI_SLAVE: Received uint16_t data:[0m
0000 0000 0000 0000 0000 0000 0000 0000 0000 0000 0000 0000 0000 0000 0000 0000 0000 0000 0000 0000 0000 0000 0000 0000 0000 0000 0000 0000 0000 0000 0000 0000 0000 0000 0000 0000 0000 0000 0000 0000 0000 0000 0000 0000 0000 0000 0000 0000 0000 0000 0000 0000 0000 0000 0000 0000 0000 0000 0000 0000 0000 0000 0000 0000 0000 0000 0000 0000 0000 0000 0000 0000 0000 0000 0000 0000 0000 0000 0000 0000 0000 0000 0000 0000 0000 0000 0000 0000 0000 0000 0000 0000 0000 0000 0000 0000 0000 0000 0000 0000 0000 0000 0000 0000 0000 0000 0000 0000 0000 0000 0000 0000 0000 0000 0000 0000 0000 0000 0000 0000 0000 0000 0000 0000 0000 0000 0000 0000 0000 0000 0000 0000 0000 0000 0000 0000 0000 0000 0000 0000 0000 0000 0000 0000 0000 0000 0000 0000 0000 0000 0000 0000 0000 0000 0000 0000 0000 0000 0000 0000 0000 0000 0000 0000 0000 0000 0000 0000 0000 0000 0000 0000 0000 0000 0000 0000 0000 0000 0000 0000 0000 0000 0000 0000 0000 0000 0000 0000 0000 0000 0000 0000 0000 0000 0000 0000 0000 0000 0000 0000 0000 0000 0000 0000 0000 0000 0000 0000 0000 0000 0000 0000 0000 0000 0000 0000 0000 0000 0000 0000 0000 0000 0000 0000 0000 0000 0000 0000 0000 0000 0000 0000 0000 0000 0000 0000 0000 0000 0000 0000 0000 0000 0000 0000 0000 0000 0000 0000 0000 0000 0000 0000 0000 0000 0000 0000 0000 0000 0000 0000 0000 0000 0000 0000 0000 0000 0000 0000 0000 0000 0000 0000 0000 0000 0000 0000 0000 0000 0000 0000 0000 0000 0000 0000 0000 0000 0000 0000 0000 0000 0000 0000 0000 0000 0000 0000 0000 0000 0000 0000 0000 0000 0000 0000 0000 0000 0000 0000 0000 0000 0000 0000 0000 0000 0000 0000 0000 0000 0000 0000 0000 0000 0000 0000 0000 0000 0000 0000 0000 0000 0000 0000 0000 0000 0000 0000 0000 0000 0000 0000 0000 0000 0000 0000 0000 0000 0000 0000 0000 0000 0000 0000 0000 0000 0000 0000 0000 0000 0000 0000 
[0;32mI (79885) SPI_SLAVE: pushed into queue[0m

[0;32mI (79885) MQTT_TASK: Read from queue[0m
[0;32mI (79915) MQTT_CLIENT: MQTT_EVENT_PUBLISHED, msg_id=61225[0m
[0;32mI (80725) SPI_SLAVE: Expected: 720 bytes, Got: 720 bytes[0m
[0;32mI (80725) SPI_SLAVE: Received uint16_t data:[0m
0000 0000 0000 0000 0000 0000 0000 0000 0000 0000 0000 0000 0000 0000 0000 0000 0000 0000 0000 0000 0000 0000 0000 0000 0000 0000 0000 0000 0000 0000 0000 0000 0000 0000 0000 0000 0000 0000 0000 0000 0000 0000 0000 0000 0000 0000 0000 0000 0000 0000 0000 0000 0000 0000 0000 0000 0000 0000 0000 0000 0000 0000 0000 0000 0000 0000 0000 0000 0000 0000 0000 0000 0000 0000 0000 0000 0000 0000 0000 0000 0000 0000 0000 0000 0000 0000 0000 0000 0000 0000 0000 0000 0000 0000 0000 0000 0000 0000 0000 0000 0000 0000 0000 0000 0000 0000 0000 0000 0000 0000 0000 0000 0000 0000 0000 0000 0000 0000 0000 0000 0000 0000 0000 0000 0000 0000 0000 0000 0000 0000 0000 0000 0000 0000 0000 0000 0000 0000 0000 0000 0000 0000 0000 0000 0000 0000 0000 0000 0000 0000 0000 0000 0000 0000 0000 0000 0000 0000 0000 0000 0000 0000 0000 0000 0000 0000 0000 0000 0000 0000 0000 0000 0000 0000 0000 0000 0000 0000 0000 0000 0000 0000 0000 0000 0000 0000 0000 0000 0000 0000 0000 0000 0000 0000 0000 0000 0000 0000 0000 0000 0000 0000 0000 0000 0000 0000 0000 0000 0000 0000 0000 0000 0000 0000 0000 0000 0000 0000 0000 0000 0000 0000 0000 0000 0000 0000 0000 0000 0000 0000 0000 0000 0000 0000 0000 0000 0000 0000 0000 0000 0000 0000 0000 0000 0000 0000 0000 0000 0000 0000 0000 0000 0000 0000 0000 0000 0000 0000 0000 0000 0000 0000 0000 0000 0000 0000 0000 0000 0000 0000 0000 0000 0000 0000 0000 0000 0000 0000 0000 0000 0000 0000 0000 0000 0000 0000 0000 0000 0000 0000 0000 0000 0000 0000 0000 0000 0000 0000 0000 0000 0000 0000 0000 0000 0000 0000 0000 0000 0000 0000 0000 0000 0000 0000 0000 0000 0000 0000 0000 0000 0000 0000 0000 0000 0000 0000 0000 0000 0000 0000 0000 0000 0000 0000 0000 0000 0000 0000 0000 0000 0000 0000 0000 0000 0000 0000 0000 0000 0000 0000 0000 0000 0000 0000 0000 0000 0000 0000 0000 0000 
[0;32mI (80885) SPI_SLAVE: pushed into queue[0m

[0;32mI (80885) MQTT_TASK: Read from queue[0m
[0;32mI (80915) MQTT_CLIENT: MQTT_EVENT_PUBLISHED, msg_id=13329[0m
[0;32mI (81725) SPI_SLAVE: Expected: 720 bytes, Got: 720 bytes[0m
[0;32mI (81725) SPI_SLAVE: Received uint16_t data:[0m
0000 0000 0000 0000 0000 0000 0000 0000 0000 0000 0000 0000 0000 0000 0000 0000 0000 0000 0000 0000 0000 0000 0000 0000 0000 0000 0000 0000 0000 0000 0000 0000 0000 0000 0000 0000 0000 0000 0000 0000 0000 0000 0000 0000 0000 0000 0000 0000 0000 0000 0000 0000 0000 0000 0000 0000 0000 0000 0000 0000 0000 0000 0000 0000 0000 0000 0000 0000 0000 0000 0000 0000 0000 0000 0000 0000 0000 0000 0000 0000 0000 0000 0000 0000 0000 0000 0000 0000 0000 0000 0000 0000 0000 0000 0000 0000 0000 0000 0000 0000 0000 0000 0000 0000 0000 0000 0000 0000 0000 0000 0000 0000 0000 0000 0000 0000 0000 0000 0000 0000 0000 0000 0000 0000 0000 0000 0000 0000 0000 0000 0000 0000 0000 0000 0000 0000 0000 0000 0000 0000 0000 0000 0000 0000 0000 0000 0000 0000 0000 0000 0000 0000 0000 0000 0000 0000 0000 0000 0000 0000 0000 0000 0000 0000 0000 0000 0000 0000 0000 0000 0000 0000 0000 0000 0000 0000 0000 0000 0000 0000 0000 0000 0000 0000 0000 0000 0000 0000 0000 0000 0000 0000 0000 0000 0000 0000 0000 0000 0000 0000 0000 0000 0000 0000 0000 0000 0000 0000 0000 0000 0000 0000 0000 0000 0000 0000 0000 0000 0000 0000 0000 0000 0000 0000 0000 0000 0000 0000 0000 0000 0000 0000 0000 0000 0000 0000 0000 0000 0000 0000 0000 0000 0000 0000 0000 0000 0000 0000 0000 0000 0000 0000 0000 0000 0000 0000 0000 0000 0000 0000 0000 0000 0000 0000 0000 0000 0000 0000 0000 0000 0000 0000 0000 0000 0000 0000 0000 0000 0000 0000 0000 0000 0000 0000 0000 0000 0000 0000 0000 0000 0000 0000 0000 0000 0000 0000 0000 0000 0000 0000 0000 0000 0000 0000 0000 0000 0000 0000 0000 0000 0000 0000 0000 0000 0000 0000 0000 0000 0000 0000 0000 0000 0000 0000 0000 0000 0000 0000 0000 0000 0000 0000 0000 0000 0000 0000 0000 0000 0000 0000 0000 0000 0000 0000 0000 0000 0000 0000 0000 0000 0000 0000 0000 0000 0000 0000 0000 0000 0000 0000 
[0;32mI (81885) SPI_SLAVE: pushed into queue[0m

[0;32mI (81885) MQTT_TASK: Read from queue[0m
[0;32mI (81915) MQTT_CLIENT: MQTT_EVENT_PUBLISHED, msg_id=13709[0m
[0;32mI (82725) SPI_SLAVE: Expected: 720 bytes, Got: 720 bytes[0m
[0;32mI (82725) SPI_SLAVE: Received uint16_t data:[0m
0000 0000 0000 0000 0000 0000 0000 0000 0000 0000 0000 0000 0000 0000 0000 0000 0000 0000 0000 0000 0000 0000 0000 0000 0000 0000 0000 0000 0000 0000 0000 0000 0000 0000 0000 0000 0000 0000 0000 0000 0000 0000 0000 0000 0000 0000 0000 0000 0000 0000 0000 0000 0000 0000 0000 0000 0000 0000 0000 0000 0000 0000 0000 0000 0000 0000 0000 0000 0000 0000 0000 0000 0000 0000 0000 0000 0000 0000 0000 0000 0000 0000 0000 0000 0000 0000 0000 0000 0000 0000 0000 0000 0000 0000 0000 0000 0000 0000 0000 0000 0000 0000 0000 0000 0000 0000 0000 0000 0000 0000 0000 0000 0000 0000 0000 0000 0000 0000 0000 0000 0000 0000 0000 0000 0000 0000 0000 0000 0000 0000 0000 0000 0000 0000 0000 0000 0000 0000 0000 0000 0000 0000 0000 0000 0000 0000 0000 0000 0000 0000 0000 0000 0000 0000 0000 0000 0000 0000 0000 0000 0000 0000 0000 0000 0000 0000 0000 0000 0000 0000 0000 0000 0000 0000 0000 0000 0000 0000 0000 0000 0000 0000 0000 0000 0000 0000 0000 0000 0000 0000 0000 0000 0000 0000 0000 0000 0000 0000 0000 0000 0000 0000 0000 0000 0000 0000 0000 0000 0000 0000 0000 0000 0000 0000 0000 0000 0000 0000 0000 0000 0000 0000 0000 0000 0000 0000 0000 0000 0000 0000 0000 0000 0000 0000 0000 0000 0000 0000 0000 0000 0000 0000 0000 0000 0000 0000 0000 0000 0000 0000 0000 0000 0000 0000 0000 0000 0000 0000 0000 0000 0000 0000 0000 0000 0000 0000 0000 0000 0000 0000 0000 0000 0000 0000 0000 0000 0000 0000 0000 0000 0000 0000 0000 0000 0000 0000 0000 0000 0000 0000 0000 0000 0000 0000 0000 0000 0000 0000 0000 0000 0000 0000 0000 0000 0000 0000 0000 0000 0000 0000 0000 0000 0000 0000 0000 0000 0000 0000 0000 0000 0000 0000 0000 0000 0000 0000 0000 0000 0000 0000 0000 0000 0000 0000 0000 0000 0000 0000 0000 0000 0000 0000 0000 0000 0000 0000 0000 0000 0000 0000 0000 0000 0000 0000 0000 0000 0000 0000 0000 0000 
[0;32mI (82885) SPI_SLAVE: pushed into queue[0m

[0;32mI (82885) MQTT_TASK: Read from queue[0m
[0;32mI (82915) MQTT_CLIENT: MQTT_EVENT_PUBLISHED, msg_id=64616[0m
[0;32mI (83725) SPI_SLAVE: Expected: 720 bytes, Got: 720 bytes[0m
[0;32mI (83725) SPI_SLAVE: Received uint16_t data:[0m
0000 0000 0000 0000 0000 0000 0000 0000 0000 0000 0000 0000 0000 0000 0000 0000 0000 0000 0000 0000 0000 0000 0000 0000 0000 0000 0000 0000 0000 0000 0000 0000 0000 0000 0000 0000 0000 0000 0000 0000 0000 0000 0000 0000 0000 0000 0000 0000 0000 0000 0000 0000 0000 0000 0000 0000 0000 0000 0000 0000 0000 0000 0000 0000 0000 0000 0000 0000 0000 0000 0000 0000 0000 0000 0000 0000 0000 0000 0000 0000 0000 0000 0000 0000 0000 0000 0000 0000 0000 0000 0000 0000 0000 0000 0000 0000 0000 0000 0000 0000 0000 0000 0000 0000 0000 0000 0000 0000 0000 0000 0000 0000 0000 0000 0000 0000 0000 0000 0000 0000 0000 0000 0000 0000 0000 0000 0000 0000 0000 0000 0000 0000 0000 0000 0000 0000 0000 0000 0000 0000 0000 0000 0000 0000 0000 0000 0000 0000 0000 0000 0000 0000 0000 0000 0000 0000 0000 0000 0000 0000 0000 0000 0000 0000 0000 0000 0000 0000 0000 0000 0000 0000 0000 0000 0000 0000 0000 0000 0000 0000 0000 0000 0000 0000 0000 0000 0000 0000 0000 0000 0000 0000 0000 0000 0000 0000 0000 0000 0000 0000 0000 0000 0000 0000 0000 0000 0000 0000 0000 0000 0000 0000 0000 0000 0000 0000 0000 0000 0000 0000 0000 0000 0000 0000 0000 0000 0000 0000 0000 0000 0000 0000 0000 0000 0000 0000 0000 0000 0000 0000 0000 0000 0000 0000 0000 0000 0000 0000 0000 0000 0000 0000 0000 0000 0000 0000 0000 0000 0000 0000 0000 0000 0000 0000 0000 0000 0000 0000 0000 0000 0000 0000 0000 0000 0000 0000 0000 0000 0000 0000 0000 0000 0000 0000 0000 0000 0000 0000 0000 0000 0000 0000 0000 0000 0000 0000 0000 0000 0000 0000 0000 0000 0000 0000 0000 0000 0000 0000 0000 0000 0000 0000 0000 0000 0000 0000 0000 0000 0000 0000 0000 0000 0000 0000 0000 0000 0000 0000 0000 0000 0000 0000 0000 0000 0000 0000 0000 0000 0000 0000 0000 0000 0000 0000 0000 0000 0000 0000 0000 0000 0000 0000 0000 0000 0000 0000 0000 0000 0000 0000 
[0;32mI (83885) SPI_SLAVE: pushed into queue[0m

[0;32mI (83885) MQTT_TASK: Read from queue[0m
[0;32mI (83915) MQTT_CLIENT: MQTT_EVENT_PUBLISHED, msg_id=33818[0m
[0;32mI (84725) SPI_SLAVE: Expected: 720 bytes, Got: 720 bytes[0m
[0;32mI (84725) SPI_SLAVE: Received uint16_t data:[0m
0000 0000 0000 0000 0000 0000 0000 0000 0000 0000 0000 0000 0000 0000 0000 0000 0000 0000 0000 0000 0000 0000 0000 0000 0000 0000 0000 0000 0000 0000 0000 0000 0000 0000 0000 0000 0000 0000 0000 0000 0000 0000 0000 0000 0000 0000 0000 0000 0000 0000 0000 0000 0000 0000 0000 0000 0000 0000 0000 0000 0000 0000 0000 0000 0000 0000 0000 0000 0000 0000 0000 0000 0000 0000 0000 0000 0000 0000 0000 0000 0000 0000 0000 0000 0000 0000 0000 0000 0000 0000 0000 0000 0000 0000 0000 0000 0000 0000 0000 0000 0000 0000 0000 0000 0000 0000 0000 0000 0000 0000 0000 0000 0000 0000 0000 0000 0000 0000 0000 0000 0000 0000 0000 0000 0000 0000 0000 0000 0000 0000 0000 0000 0000 0000 0000 0000 0000 0000 0000 0000 0000 0000 0000 0000 0000 0000 0000 0000 0000 0000 0000 0000 0000 0000 0000 0000 0000 0000 0000 0000 0000 0000 0000 0000 0000 0000 0000 0000 0000 0000 0000 0000 0000 0000 0000 0000 0000 0000 0000 0000 0000 0000 0000 0000 0000 0000 0000 0000 0000 0000 0000 0000 0000 0000 0000 0000 0000 0000 0000 0000 0000 0000 0000 0000 0000 0000 0000 0000 0000 0000 0000 0000 0000 0000 0000 0000 0000 0000 0000 0000 0000 0000 0000 0000 0000 0000 0000 0000 0000 0000 0000 0000 0000 0000 0000 0000 0000 0000 0000 0000 0000 0000 0000 0000 0000 0000 0000 0000 0000 0000 0000 0000 0000 0000 0000 0000 0000 0000 0000 0000 0000 0000 0000 0000 0000 0000 0000 0000 0000 0000 0000 0000 0000 0000 0000 0000 0000 0000 0000 0000 0000 0000 0000 0000 0000 0000 0000 0000 0000 0000 0000 0000 0000 0000 0000 0000 0000 0000 0000 0000 0000 0000 0000 0000 0000 0000 0000 0000 0000 0000 0000 0000 0000 0000 0000 0000 0000 0000 0000 0000 0000 0000 0000 0000 0000 0000 0000 0000 0000 0000 0000 0000 0000 0000 0000 0000 0000 0000 0000 0000 0000 0000 0000 0000 0000 0000 0000 0000 0000 0000 0000 0000 0000 0000 0000 0000 0000 0000 0000 0000 
[0;32mI (84885) SPI_SLAVE: pushed into queue[0m

[0;32mI (84885) MQTT_TASK: Read from queue[0m
[0;32mI (84915) MQTT_CLIENT: MQTT_EVENT_PUBLISHED, msg_id=32673[0m
[0;32mI (85725) SPI_SLAVE: Expected: 720 bytes, Got: 720 bytes[0m
[0;32mI (85725) SPI_SLAVE: Received uint16_t data:[0m
0000 0000 0000 0000 0000 0000 0000 0000 0000 0000 0000 0000 0000 0000 0000 0000 0000 0000 0000 0000 0000 0000 0000 0000 0000 0000 0000 0000 0000 0000 0000 0000 0000 0000 0000 0000 0000 0000 0000 0000 0000 0000 0000 0000 0000 0000 0000 0000 0000 0000 0000 0000 0000 0000 0000 0000 0000 0000 0000 0000 0000 0000 0000 0000 0000 0000 0000 0000 0000 0000 0000 0000 0000 0000 0000 0000 0000 0000 0000 0000 0000 0000 0000 0000 0000 0000 0000 0000 0000 0000 0000 0000 0000 0000 0000 0000 0000 0000 0000 0000 0000 0000 0000 0000 0000 0000 0000 0000 0000 0000 0000 0000 0000 0000 0000 0000 0000 0000 0000 0000 0000 0000 0000 0000 0000 0000 0000 0000 0000 0000 0000 0000 0000 0000 0000 0000 0000 0000 0000 0000 0000 0000 0000 0000 0000 0000 0000 0000 0000 0000 0000 0000 0000 0000 0000 0000 0000 0000 0000 0000 0000 0000 0000 0000 0000 0000 0000 0000 0000 0000 0000 0000 0000 0000 0000 0000 0000 0000 0000 0000 0000 0000 0000 0000 0000 0000 0000 0000 0000 0000 0000 0000 0000 0000 0000 0000 0000 0000 0000 0000 0000 0000 0000 0000 0000 0000 0000 0000 0000 0000 0000 0000 0000 0000 0000 0000 0000 0000 0000 0000 0000 0000 0000 0000 0000 0000 0000 0000 0000 0000 0000 0000 0000 0000 0000 0000 0000 0000 0000 0000 0000 0000 0000 0000 0000 0000 0000 0000 0000 0000 0000 0000 0000 0000 0000 0000 0000 0000 0000 0000 0000 0000 0000 0000 0000 0000 0000 0000 0000 0000 0000 0000 0000 0000 0000 0000 0000 0000 0000 0000 0000 0000 0000 0000 0000 0000 0000 0000 0000 0000 0000 0000 0000 0000 0000 0000 0000 0000 0000 0000 0000 0000 0000 0000 0000 0000 0000 0000 0000 0000 0000 0000 0000 0000 0000 0000 0000 0000 0000 0000 0000 0000 0000 0000 0000 0000 0000 0000 0000 0000 0000 0000 0000 0000 0000 0000 0000 0000 0000 0000 0000 0000 0000 0000 0000 0000 0000 0000 0000 0000 0000 0000 0000 0000 0000 0000 0000 0000 0000 0000 
[0;32mI (85885) SPI_SLAVE: pushed into queue[0m

[0;32mI (85885) MQTT_TASK: Read from queue[0m
[0;32mI (85915) MQTT_CLIENT: MQTT_EVENT_PUBLISHED, msg_id=17803[0m
[0;32mI (86725) SPI_SLAVE: Expected: 720 bytes, Got: 720 bytes[0m
[0;32mI (86725) SPI_SLAVE: Received uint16_t data:[0m
0000 0000 0000 0000 0000 0000 0000 0000 0000 0000 0000 0000 0000 0000 0000 0000 0000 0000 0000 0000 0000 0000 0000 0000 0000 0000 0000 0000 0000 0000 0000 0000 0000 0000 0000 0000 0000 0000 0000 0000 0000 0000 0000 0000 0000 0000 0000 0000 0000 0000 0000 0000 0000 0000 0000 0000 0000 0000 0000 0000 0000 0000 0000 0000 0000 0000 0000 0000 0000 0000 0000 0000 0000 0000 0000 0000 0000 0000 0000 0000 0000 0000 0000 0000 0000 0000 0000 0000 0000 0000 0000 0000 0000 0000 0000 0000 0000 0000 0000 0000 0000 0000 0000 0000 0000 0000 0000 0000 0000 0000 0000 0000 0000 0000 0000 0000 0000 0000 0000 0000 0000 0000 0000 0000 0000 0000 0000 0000 0000 0000 0000 0000 0000 0000 0000 0000 0000 0000 0000 0000 0000 0000 0000 0000 0000 0000 0000 0000 0000 0000 0000 0000 0000 0000 0000 0000 0000 0000 0000 0000 0000 0000 0000 0000 0000 0000 0000 0000 0000 0000 0000 0000 0000 0000 0000 0000 0000 0000 0000 0000 0000 0000 0000 0000 0000 0000 0000 0000 0000 0000 0000 0000 0000 0000 0000 0000 0000 0000 0000 0000 0000 0000 0000 0000 0000 0000 0000 0000 0000 0000 0000 0000 0000 0000 0000 0000 0000 0000 0000 0000 0000 0000 0000 0000 0000 0000 0000 0000 0000 0000 0000 0000 0000 0000 0000 0000 0000 0000 0000 0000 0000 0000 0000 0000 0000 0000 0000 0000 0000 0000 0000 0000 0000 0000 0000 0000 0000 0000 0000 0000 0000 0000 0000 0000 0000 0000 0000 0000 0000 0000 0000 0000 0000 0000 0000 0000 0000 0000 0000 0000 0000 0000 0000 0000 0000 0000 0000 0000 0000 0000 0000 0000 0000 0000 0000 0000 0000 0000 0000 0000 0000 0000 0000 0000 0000 0000 0000 0000 0000 0000 0000 0000 0000 0000 0000 0000 0000 0000 0000 0000 0000 0000 0000 0000 0000 0000 0000 0000 0000 0000 0000 0000 0000 0000 0000 0000 0000 0000 0000 0000 0000 0000 0000 0000 0000 0000 0000 0000 0000 0000 0000 0000 0000 0000 0000 0000 0000 0000 0000 0000 
[0;32mI (86885) SPI_SLAVE: pushed into queue[0m

[0;32mI (86885) MQTT_TASK: Read from queue[0m
[0;32mI (86915) MQTT_CLIENT: MQTT_EVENT_PUBLISHED, msg_id=53242[0m
[0;32mI (87725) SPI_SLAVE: Expected: 720 bytes, Got: 720 bytes[0m
[0;32mI (87725) SPI_SLAVE: Received uint16_t data:[0m
0000 0000 0000 0000 0000 0000 0000 0000 0000 0000 0000 0000 0000 0000 0000 0000 0000 0000 0000 0000 0000 0000 0000 0000 0000 0000 0000 0000 0000 0000 0000 0000 0000 0000 0000 0000 0000 0000 0000 0000 0000 0000 0000 0000 0000 0000 0000 0000 0000 0000 0000 0000 0000 0000 0000 0000 0000 0000 0000 0000 0000 0000 0000 0000 0000 0000 0000 0000 0000 0000 0000 0000 0000 0000 0000 0000 0000 0000 0000 0000 0000 0000 0000 0000 0000 0000 0000 0000 0000 0000 0000 0000 0000 0000 0000 0000 0000 0000 0000 0000 0000 0000 0000 0000 0000 0000 0000 0000 0000 0000 0000 0000 0000 0000 0000 0000 0000 0000 0000 0000 0000 0000 0000 0000 0000 0000 0000 0000 0000 0000 0000 0000 0000 0000 0000 0000 0000 0000 0000 0000 0000 0000 0000 0000 0000 0000 0000 0000 0000 0000 0000 0000 0000 0000 0000 0000 0000 0000 0000 0000 0000 0000 0000 0000 0000 0000 0000 0000 0000 0000 0000 0000 0000 0000 0000 0000 0000 0000 0000 0000 0000 0000 0000 0000 0000 0000 0000 0000 0000 0000 0000 0000 0000 0000 0000 0000 0000 0000 0000 0000 0000 0000 0000 0000 0000 0000 0000 0000 0000 0000 0000 0000 0000 0000 0000 0000 0000 0000 0000 0000 0000 0000 0000 0000 0000 0000 0000 0000 0000 0000 0000 0000 0000 0000 0000 0000 0000 0000 0000 0000 0000 0000 0000 0000 0000 0000 0000 0000 0000 0000 0000 0000 0000 0000 0000 0000 0000 0000 0000 0000 0000 0000 0000 0000 0000 0000 0000 0000 0000 0000 0000 0000 0000 0000 0000 0000 0000 0000 0000 0000 0000 0000 0000 0000 0000 0000 0000 0000 0000 0000 0000 0000 0000 0000 0000 0000 0000 0000 0000 0000 0000 0000 0000 0000 0000 0000 0000 0000 0000 0000 0000 0000 0000 0000 0000 0000 0000 0000 0000 0000 0000 0000 0000 0000 0000 0000 0000 0000 0000 0000 0000 0000 0000 0000 0000 0000 0000 0000 0000 0000 0000 0000 0000 0000 0000 0000 0000 0000 0000 0000 0000 0000 0000 0000 0000 0000 0000 0000 0000 0000 
[0;32mI (87885) SPI_SLAVE: pushed into queue[0m

[0;32mI (87885) MQTT_TASK: Read from queue[0m
[0;32mI (87915) MQTT_CLIENT: MQTT_EVENT_PUBLISHED, msg_id=33898[0m
[0;32mI (88725) SPI_SLAVE: Expected: 720 bytes, Got: 720 bytes[0m
[0;32mI (88725) SPI_SLAVE: Received uint16_t data:[0m
0000 0000 0000 0000 0000 0000 0000 0000 0000 0000 0000 0000 0000 0000 0000 0000 0000 0000 0000 0000 0000 0000 0000 0000 0000 0000 0000 0000 0000 0000 0000 0000 0000 0000 0000 0000 0000 0000 0000 0000 0000 0000 0000 0000 0000 0000 0000 0000 0000 0000 0000 0000 0000 0000 0000 0000 0000 0000 0000 0000 0000 0000 0000 0000 0000 0000 0000 0000 0000 0000 0000 0000 0000 0000 0000 0000 0000 0000 0000 0000 0000 0000 0000 0000 0000 0000 0000 0000 0000 0000 0000 0000 0000 0000 0000 0000 0000 0000 0000 0000 0000 0000 0000 0000 0000 0000 0000 0000 0000 0000 0000 0000 0000 0000 0000 0000 0000 0000 0000 0000 0000 0000 0000 0000 0000 0000 0000 0000 0000 0000 0000 0000 0000 0000 0000 0000 0000 0000 0000 0000 0000 0000 0000 0000 0000 0000 0000 0000 0000 0000 0000 0000 0000 0000 0000 0000 0000 0000 0000 0000 0000 0000 0000 0000 0000 0000 0000 0000 0000 0000 0000 0000 0000 0000 0000 0000 0000 0000 0000 0000 0000 0000 0000 0000 0000 0000 0000 0000 0000 0000 0000 0000 0000 0000 0000 0000 0000 0000 0000 0000 0000 0000 0000 0000 0000 0000 0000 0000 0000 0000 0000 0000 0000 0000 0000 0000 0000 0000 0000 0000 0000 0000 0000 0000 0000 0000 0000 0000 0000 0000 0000 0000 0000 0000 0000 0000 0000 0000 0000 0000 0000 0000 0000 0000 0000 0000 0000 0000 0000 0000 0000 0000 0000 0000 0000 0000 0000 0000 0000 0000 0000 0000 0000 0000 0000 0000 0000 0000 0000 0000 0000 0000 0000 0000 0000 0000 0000 0000 0000 0000 0000 0000 0000 0000 0000 0000 0000 0000 0000 0000 0000 0000 0000 0000 0000 0000 0000 0000 0000 0000 0000 0000 0000 0000 0000 0000 0000 0000 0000 0000 0000 0000 0000 0000 0000 0000 0000 0000 0000 0000 0000 0000 0000 0000 0000 0000 0000 0000 0000 0000 0000 0000 0000 0000 0000 0000 0000 0000 0000 0000 0000 0000 0000 0000 0000 0000 0000 0000 0000 0000 0000 0000 0000 0000 0000 0000 0000 0000 0000 0000 
[0;32mI (88885) SPI_SLAVE: pushed into queue[0m

[0;32mI (88885) MQTT_TASK: Read from queue[0m
[0;32mI (88915) MQTT_CLIENT: MQTT_EVENT_PUBLISHED, msg_id=6894[0m
[0;32mI (89725) SPI_SLAVE: Expected: 720 bytes, Got: 720 bytes[0m
[0;32mI (89725) SPI_SLAVE: Received uint16_t data:[0m
0000 0000 0000 0000 0000 0000 0000 0000 0000 0000 0000 0000 0000 0000 0000 0000 0000 0000 0000 0000 0000 0000 0000 0000 0000 0000 0000 0000 0000 0000 0000 0000 0000 0000 0000 0000 0000 0000 0000 0000 0000 0000 0000 0000 0000 0000 0000 0000 0000 0000 0000 0000 0000 0000 0000 0000 0000 0000 0000 0000 0000 0000 0000 0000 0000 0000 0000 0000 0000 0000 0000 0000 0000 0000 0000 0000 0000 0000 0000 0000 0000 0000 0000 0000 0000 0000 0000 0000 0000 0000 0000 0000 0000 0000 0000 0000 0000 0000 0000 0000 0000 0000 0000 0000 0000 0000 0000 0000 0000 0000 0000 0000 0000 0000 0000 0000 0000 0000 0000 0000 0000 0000 0000 0000 0000 0000 0000 0000 0000 0000 0000 0000 0000 0000 0000 0000 0000 0000 0000 0000 0000 0000 0000 0000 0000 0000 0000 0000 0000 0000 0000 0000 0000 0000 0000 0000 0000 0000 0000 0000 0000 0000 0000 0000 0000 0000 0000 0000 0000 0000 0000 0000 0000 0000 0000 0000 0000 0000 0000 0000 0000 0000 0000 0000 0000 0000 0000 0000 0000 0000 0000 0000 0000 0000 0000 0000 0000 0000 0000 0000 0000 0000 0000 0000 0000 0000 0000 0000 0000 0000 0000 0000 0000 0000 0000 0000 0000 0000 0000 0000 0000 0000 0000 0000 0000 0000 0000 0000 0000 0000 0000 0000 0000 0000 0000 0000 0000 0000 0000 0000 0000 0000 0000 0000 0000 0000 0000 0000 0000 0000 0000 0000 0000 0000 0000 0000 0000 0000 0000 0000 0000 0000 0000 0000 0000 0000 0000 0000 0000 0000 0000 0000 0000 0000 0000 0000 0000 0000 0000 0000 0000 0000 0000 0000 0000 0000 0000 0000 0000 0000 0000 0000 0000 0000 0000 0000 0000 0000 0000 0000 0000 0000 0000 0000 0000 0000 0000 0000 0000 0000 0000 0000 0000 0000 0000 0000 0000 0000 0000 0000 0000 0000 0000 0000 0000 0000 0000 0000 0000 0000 0000 0000 0000 0000 0000 0000 0000 0000 0000 0000 0000 0000 0000 0000 0000 0000 0000 0000 0000 0000 0000 0000 0000 0000 0000 0000 0000 0000 0000 0000 
[0;32mI (89885) SPI_SLAVE: pushed into queue[0m

[0;32mI (89885) MQTT_TASK: Read from queue[0m
[0;32mI (89915) MQTT_CLIENT: MQTT_EVENT_PUBLISHED, msg_id=61408[0m
[0;32mI (90725) SPI_SLAVE: Expected: 720 bytes, Got: 720 bytes[0m
[0;32mI (90725) SPI_SLAVE: Received uint16_t data:[0m
0000 0000 0000 0000 0000 0000 0000 0000 0000 0000 0000 0000 0000 0000 0000 0000 0000 0000 0000 0000 0000 0000 0000 0000 0000 0000 0000 0000 0000 0000 0000 0000 0000 0000 0000 0000 0000 0000 0000 0000 0000 0000 0000 0000 0000 0000 0000 0000 0000 0000 0000 0000 0000 0000 0000 0000 0000 0000 0000 0000 0000 0000 0000 0000 0000 0000 0000 0000 0000 0000 0000 0000 0000 0000 0000 0000 0000 0000 0000 0000 0000 0000 0000 0000 0000 0000 0000 0000 0000 0000 0000 0000 0000 0000 0000 0000 0000 0000 0000 0000 0000 0000 0000 0000 0000 0000 0000 0000 0000 0000 0000 0000 0000 0000 0000 0000 0000 0000 0000 0000 0000 0000 0000 0000 0000 0000 0000 0000 0000 0000 0000 0000 0000 0000 0000 0000 0000 0000 0000 0000 0000 0000 0000 0000 0000 0000 0000 0000 0000 0000 0000 0000 0000 0000 0000 0000 0000 0000 0000 0000 0000 0000 0000 0000 0000 0000 0000 0000 0000 0000 0000 0000 0000 0000 0000 0000 0000 0000 0000 0000 0000 0000 0000 0000 0000 0000 0000 0000 0000 0000 0000 0000 0000 0000 0000 0000 0000 0000 0000 0000 0000 0000 0000 0000 0000 0000 0000 0000 0000 0000 0000 0000 0000 0000 0000 0000 0000 0000 0000 0000 0000 0000 0000 0000 0000 0000 0000 0000 0000 0000 0000 0000 0000 0000 0000 0000 0000 0000 0000 0000 0000 0000 0000 0000 0000 0000 0000 0000 0000 0000 0000 0000 0000 0000 0000 0000 0000 0000 0000 0000 0000 0000 0000 0000 0000 0000 0000 0000 0000 0000 0000 0000 0000 0000 0000 0000 0000 0000 0000 0000 0000 0000 0000 0000 0000 0000 0000 0000 0000 0000 0000 0000 0000 0000 0000 0000 0000 0000 0000 0000 0000 0000 0000 0000 0000 0000 0000 0000 0000 0000 0000 0000 0000 0000 0000 0000 0000 0000 0000 0000 0000 0000 0000 0000 0000 0000 0000 0000 0000 0000 0000 0000 0000 0000 0000 0000 0000 0000 0000 0000 0000 0000 0000 0000 0000 0000 0000 0000 0000 0000 0000 0000 0000 0000 0000 0000 0000 0000 0000 0000 
[0;32mI (90885) SPI_SLAVE: pushed into queue[0m

[0;32mI (90885) MQTT_TASK: Read from queue[0m
[0;32mI (90915) MQTT_CLIENT: MQTT_EVENT_PUBLISHED, msg_id=12279[0m
[0;32mI (91725) SPI_SLAVE: Expected: 720 bytes, Got: 720 bytes[0m
[0;32mI (91725) SPI_SLAVE: Received uint16_t data:[0m
0000 0000 0000 0000 0000 0000 0000 0000 0000 0000 0000 0000 0000 0000 0000 0000 0000 0000 0000 0000 0000 0000 0000 0000 0000 0000 0000 0000 0000 0000 0000 0000 0000 0000 0000 0000 0000 0000 0000 0000 0000 0000 0000 0000 0000 0000 0000 0000 0000 0000 0000 0000 0000 0000 0000 0000 0000 0000 0000 0000 0000 0000 0000 0000 0000 0000 0000 0000 0000 0000 0000 0000 0000 0000 0000 0000 0000 0000 0000 0000 0000 0000 0000 0000 0000 0000 0000 0000 0000 0000 0000 0000 0000 0000 0000 0000 0000 0000 0000 0000 0000 0000 0000 0000 0000 0000 0000 0000 0000 0000 0000 0000 0000 0000 0000 0000 0000 0000 0000 0000 0000 0000 0000 0000 0000 0000 0000 0000 0000 0000 0000 0000 0000 0000 0000 0000 0000 0000 0000 0000 0000 0000 0000 0000 0000 0000 0000 0000 0000 0000 0000 0000 0000 0000 0000 0000 0000 0000 0000 0000 0000 0000 0000 0000 0000 0000 0000 0000 0000 0000 0000 0000 0000 0000 0000 0000 0000 0000 0000 0000 0000 0000 0000 0000 0000 0000 0000 0000 0000 0000 0000 0000 0000 0000 0000 0000 0000 0000 0000 0000 0000 0000 0000 0000 0000 0000 0000 0000 0000 0000 0000 0000 0000 0000 0000 0000 0000 0000 0000 0000 0000 0000 0000 0000 0000 0000 0000 0000 0000 0000 0000 0000 0000 0000 0000 0000 0000 0000 0000 0000 0000 0000 0000 0000 0000 0000 0000 0000 0000 0000 0000 0000 0000 0000 0000 0000 0000 0000 0000 0000 0000 0000 0000 0000 0000 0000 0000 0000 0000 0000 0000 0000 0000 0000 0000 0000 0000 0000 0000 0000 0000 0000 0000 0000 0000 0000 0000 0000 0000 0000 0000 0000 0000 0000 0000 0000 0000 0000 0000 0000 0000 0000 0000 0000 0000 0000 0000 0000 0000 0000 0000 0000 0000 0000 0000 0000 0000 0000 0000 0000 0000 0000 0000 0000 0000 0000 0000 0000 0000 0000 0000 0000 0000 0000 0000 0000 0000 0000 0000 0000 0000 0000 0000 0000 0000 0000 0000 0000 0000 0000 0000 0000 0000 0000 0000 0000 0000 0000 0000 0000 
[0;32mI (91885) SPI_SLAVE: pushed into queue[0m

[0;32mI (91885) MQTT_TASK: Read from queue[0m
[0;32mI (91915) MQTT_CLIENT: MQTT_EVENT_PUBLISHED, msg_id=64748[0m
[0;32mI (92725) SPI_SLAVE: Expected: 720 bytes, Got: 720 bytes[0m
[0;32mI (92725) SPI_SLAVE: Received uint16_t data:[0m
0000 0000 0000 0000 0000 0000 0000 0000 0000 0000 0000 0000 0000 0000 0000 0000 0000 0000 0000 0000 0000 0000 0000 0000 0000 0000 0000 0000 0000 0000 0000 0000 0000 0000 0000 0000 0000 0000 0000 0000 0000 0000 0000 0000 0000 0000 0000 0000 0000 0000 0000 0000 0000 0000 0000 0000 0000 0000 0000 0000 0000 0000 0000 0000 0000 0000 0000 0000 0000 0000 0000 0000 0000 0000 0000 0000 0000 0000 0000 0000 0000 0000 0000 0000 0000 0000 0000 0000 0000 0000 0000 0000 0000 0000 0000 0000 0000 0000 0000 0000 0000 0000 0000 0000 0000 0000 0000 0000 0000 0000 0000 0000 0000 0000 0000 0000 0000 0000 0000 0000 0000 0000 0000 0000 0000 0000 0000 0000 0000 0000 0000 0000 0000 0000 0000 0000 0000 0000 0000 0000 0000 0000 0000 0000 0000 0000 0000 0000 0000 0000 0000 0000 0000 0000 0000 0000 0000 0000 0000 0000 0000 0000 0000 0000 0000 0000 0000 0000 0000 0000 0000 0000 0000 0000 0000 0000 0000 0000 0000 0000 0000 0000 0000 0000 0000 0000 0000 0000 0000 0000 0000 0000 0000 0000 0000 0000 0000 0000 0000 0000 0000 0000 0000 0000 0000 0000 0000 0000 0000 0000 0000 0000 0000 0000 0000 0000 0000 0000 0000 0000 0000 0000 0000 0000 0000 0000 0000 0000 0000 0000 0000 0000 0000 0000 0000 0000 0000 0000 0000 0000 0000 0000 0000 0000 0000 0000 0000 0000 0000 0000 0000 0000 0000 0000 0000 0000 0000 0000 0000 0000 0000 0000 0000 0000 0000 0000 0000 0000 0000 0000 0000 0000 0000 0000 0000 0000 0000 0000 0000 0000 0000 0000 0000 0000 0000 0000 0000 0000 0000 0000 0000 0000 0000 0000 0000 0000 0000 0000 0000 0000 0000 0000 0000 0000 0000 0000 0000 0000 0000 0000 0000 0000 0000 0000 0000 0000 0000 0000 0000 0000 0000 0000 0000 0000 0000 0000 0000 0000 0000 0000 0000 0000 0000 0000 0000 0000 0000 0000 0000 0000 0000 0000 0000 0000 0000 0000 0000 0000 0000 0000 0000 0000 0000 0000 0000 0000 0000 0000 0000 0000 
[0;32mI (92885) SPI_SLAVE: pushed into queue[0m

[0;32mI (92885) MQTT_TASK: Read from queue[0m
[0;32mI (92915) MQTT_CLIENT: MQTT_EVENT_PUBLISHED, msg_id=43992[0m
[0;32mI (93725) SPI_SLAVE: Expected: 720 bytes, Got: 720 bytes[0m
[0;32mI (93725) SPI_SLAVE: Received uint16_t data:[0m
0000 0000 0000 0000 0000 0000 0000 0000 0000 0000 0000 0000 0000 0000 0000 0000 0000 0000 0000 0000 0000 0000 0000 0000 0000 0000 0000 0000 0000 0000 0000 0000 0000 0000 0000 0000 0000 0000 0000 0000 0000 0000 0000 0000 0000 0000 0000 0000 0000 0000 0000 0000 0000 0000 0000 0000 0000 0000 0000 0000 0000 0000 0000 0000 0000 0000 0000 0000 0000 0000 0000 0000 0000 0000 0000 0000 0000 0000 0000 0000 0000 0000 0000 0000 0000 0000 0000 0000 0000 0000 0000 0000 0000 0000 0000 0000 0000 0000 0000 0000 0000 0000 0000 0000 0000 0000 0000 0000 0000 0000 0000 0000 0000 0000 0000 0000 0000 0000 0000 0000 0000 0000 0000 0000 0000 0000 0000 0000 0000 0000 0000 0000 0000 0000 0000 0000 0000 0000 0000 0000 0000 0000 0000 0000 0000 0000 0000 0000 0000 0000 0000 0000 0000 0000 0000 0000 0000 0000 0000 0000 0000 0000 0000 0000 0000 0000 0000 0000 0000 0000 0000 0000 0000 0000 0000 0000 0000 0000 0000 0000 0000 0000 0000 0000 0000 0000 0000 0000 0000 0000 0000 0000 0000 0000 0000 0000 0000 0000 0000 0000 0000 0000 0000 0000 0000 0000 0000 0000 0000 0000 0000 0000 0000 0000 0000 0000 0000 0000 0000 0000 0000 0000 0000 0000 0000 0000 0000 0000 0000 0000 0000 0000 0000 0000 0000 0000 0000 0000 0000 0000 0000 0000 0000 0000 0000 0000 0000 0000 0000 0000 0000 0000 0000 0000 0000 0000 0000 0000 0000 0000 0000 0000 0000 0000 0000 0000 0000 0000 0000 0000 0000 0000 0000 0000 0000 0000 0000 0000 0000 0000 0000 0000 0000 0000 0000 0000 0000 0000 0000 0000 0000 0000 0000 0000 0000 0000 0000 0000 0000 0000 0000 0000 0000 0000 0000 0000 0000 0000 0000 0000 0000 0000 0000 0000 0000 0000 0000 0000 0000 0000 0000 0000 0000 0000 0000 0000 0000 0000 0000 0000 0000 0000 0000 0000 0000 0000 0000 0000 0000 0000 0000 0000 0000 0000 0000 0000 0000 0000 0000 0000 0000 0000 0000 0000 0000 0000 0000 0000 0000 0000 
[0;32mI (93885) SPI_SLAVE: pushed into queue[0m

[0;32mI (93885) MQTT_TASK: Read from queue[0m
[0;32mI (93915) MQTT_CLIENT: MQTT_EVENT_PUBLISHED, msg_id=3469[0m
[0;32mI (94725) SPI_SLAVE: Expected: 720 bytes, Got: 720 bytes[0m
[0;32mI (94725) SPI_SLAVE: Received uint16_t data:[0m
0000 0000 0000 0000 0000 0000 0000 0000 0000 0000 0000 0000 0000 0000 0000 0000 0000 0000 0000 0000 0000 0000 0000 0000 0000 0000 0000 0000 0000 0000 0000 0000 0000 0000 0000 0000 0000 0000 0000 0000 0000 0000 0000 0000 0000 0000 0000 0000 0000 0000 0000 0000 0000 0000 0000 0000 0000 0000 0000 0000 0000 0000 0000 0000 0000 0000 0000 0000 0000 0000 0000 0000 0000 0000 0000 0000 0000 0000 0000 0000 0000 0000 0000 0000 0000 0000 0000 0000 0000 0000 0000 0000 0000 0000 0000 0000 0000 0000 0000 0000 0000 0000 0000 0000 0000 0000 0000 0000 0000 0000 0000 0000 0000 0000 0000 0000 0000 0000 0000 0000 0000 0000 0000 0000 0000 0000 0000 0000 0000 0000 0000 0000 0000 0000 0000 0000 0000 0000 0000 0000 0000 0000 0000 0000 0000 0000 0000 0000 0000 0000 0000 0000 0000 0000 0000 0000 0000 0000 0000 0000 0000 0000 0000 0000 0000 0000 0000 0000 0000 0000 0000 0000 0000 0000 0000 0000 0000 0000 0000 0000 0000 0000 0000 0000 0000 0000 0000 0000 0000 0000 0000 0000 0000 0000 0000 0000 0000 0000 0000 0000 0000 0000 0000 0000 0000 0000 0000 0000 0000 0000 0000 0000 0000 0000 0000 0000 0000 0000 0000 0000 0000 0000 0000 0000 0000 0000 0000 0000 0000 0000 0000 0000 0000 0000 0000 0000 0000 0000 0000 0000 0000 0000 0000 0000 0000 0000 0000 0000 0000 0000 0000 0000 0000 0000 0000 0000 0000 0000 0000 0000 0000 0000 0000 0000 0000 0000 0000 0000 0000 0000 0000 0000 0000 0000 0000 0000 0000 0000 0000 0000 0000 0000 0000 0000 0000 0000 0000 0000 0000 0000 0000 0000 0000 0000 0000 0000 0000 0000 0000 0000 0000 0000 0000 0000 0000 0000 0000 0000 0000 0000 0000 0000 0000 0000 0000 0000 0000 0000 0000 0000 0000 0000 0000 0000 0000 0000 0000 0000 0000 0000 0000 0000 0000 0000 0000 0000 0000 0000 0000 0000 0000 0000 0000 0000 0000 0000 0000 0000 0000 0000 0000 0000 0000 0000 0000 0000 0000 0000 0000 0000 
[0;32mI (94885) SPI_SLAVE: pushed into queue[0m

[0;32mI (94885) MQTT_TASK: Read from queue[0m
[0;32mI (94915) MQTT_CLIENT: MQTT_EVENT_PUBLISHED, msg_id=63387[0m
[0;32mI (95725) SPI_SLAVE: Expected: 720 bytes, Got: 720 bytes[0m
[0;32mI (95725) SPI_SLAVE: Received uint16_t data:[0m
0000 0000 0000 0000 0000 0000 0000 0000 0000 0000 0000 0000 0000 0000 0000 0000 0000 0000 0000 0000 0000 0000 0000 0000 0000 0000 0000 0000 0000 0000 0000 0000 0000 0000 0000 0000 0000 0000 0000 0000 0000 0000 0000 0000 0000 0000 0000 0000 0000 0000 0000 0000 0000 0000 0000 0000 0000 0000 0000 0000 0000 0000 0000 0000 0000 0000 0000 0000 0000 0000 0000 0000 0000 0000 0000 0000 0000 0000 0000 0000 0000 0000 0000 0000 0000 0000 0000 0000 0000 0000 0000 0000 0000 0000 0000 0000 0000 0000 0000 0000 0000 0000 0000 0000 0000 0000 0000 0000 0000 0000 0000 0000 0000 0000 0000 0000 0000 0000 0000 0000 0000 0000 0000 0000 0000 0000 0000 0000 0000 0000 0000 0000 0000 0000 0000 0000 0000 0000 0000 0000 0000 0000 0000 0000 0000 0000 0000 0000 0000 0000 0000 0000 0000 0000 0000 0000 0000 0000 0000 0000 0000 0000 0000 0000 0000 0000 0000 0000 0000 0000 0000 0000 0000 0000 0000 0000 0000 0000 0000 0000 0000 0000 0000 0000 0000 0000 0000 0000 0000 0000 0000 0000 0000 0000 0000 0000 0000 0000 0000 0000 0000 0000 0000 0000 0000 0000 0000 0000 0000 0000 0000 0000 0000 0000 0000 0000 0000 0000 0000 0000 0000 0000 0000 0000 0000 0000 0000 0000 0000 0000 0000 0000 0000 0000 0000 0000 0000 0000 0000 0000 0000 0000 0000 0000 0000 0000 0000 0000 0000 0000 0000 0000 0000 0000 0000 0000 0000 0000 0000 0000 0000 0000 0000 0000 0000 0000 0000 0000 0000 0000 0000 0000 0000 0000 0000 0000 0000 0000 0000 0000 0000 0000 0000 0000 0000 0000 0000 0000 0000 0000 0000 0000 0000 0000 0000 0000 0000 0000 0000 0000 0000 0000 0000 0000 0000 0000 0000 0000 0000 0000 0000 0000 0000 0000 0000 0000 0000 0000 0000 0000 0000 0000 0000 0000 0000 0000 0000 0000 0000 0000 0000 0000 0000 0000 0000 0000 0000 0000 0000 0000 0000 0000 0000 0000 0000 0000 0000 0000 0000 0000 0000 0000 0000 0000 0000 0000 0000 0000 0000 0000 
[0;32mI (95885) SPI_SLAVE: pushed into queue[0m

[0;32mI (95885) MQTT_TASK: Read from queue[0m
[0;32mI (95915) MQTT_CLIENT: MQTT_EVENT_PUBLISHED, msg_id=56146[0m
[0;32mI (96725) SPI_SLAVE: Expected: 720 bytes, Got: 720 bytes[0m
[0;32mI (96725) SPI_SLAVE: Received uint16_t data:[0m
0000 0000 0000 0000 0000 0000 0000 0000 0000 0000 0000 0000 0000 0000 0000 0000 0000 0000 0000 0000 0000 0000 0000 0000 0000 0000 0000 0000 0000 0000 0000 0000 0000 0000 0000 0000 0000 0000 0000 0000 0000 0000 0000 0000 0000 0000 0000 0000 0000 0000 0000 0000 0000 0000 0000 0000 0000 0000 0000 0000 0000 0000 0000 0000 0000 0000 0000 0000 0000 0000 0000 0000 0000 0000 0000 0000 0000 0000 0000 0000 0000 0000 0000 0000 0000 0000 0000 0000 0000 0000 0000 0000 0000 0000 0000 0000 0000 0000 0000 0000 0000 0000 0000 0000 0000 0000 0000 0000 0000 0000 0000 0000 0000 0000 0000 0000 0000 0000 0000 0000 0000 0000 0000 0000 0000 0000 0000 0000 0000 0000 0000 0000 0000 0000 0000 0000 0000 0000 0000 0000 0000 0000 0000 0000 0000 0000 0000 0000 0000 0000 0000 0000 0000 0000 0000 0000 0000 0000 0000 0000 0000 0000 0000 0000 0000 0000 0000 0000 0000 0000 0000 0000 0000 0000 0000 0000 0000 0000 0000 0000 0000 0000 0000 0000 0000 0000 0000 0000 0000 0000 0000 0000 0000 0000 0000 0000 0000 0000 0000 0000 0000 0000 0000 0000 0000 0000 0000 0000 0000 0000 0000 0000 0000 0000 0000 0000 0000 0000 0000 0000 0000 0000 0000 0000 0000 0000 0000 0000 0000 0000 0000 0000 0000 0000 0000 0000 0000 0000 0000 0000 0000 0000 0000 0000 0000 0000 0000 0000 0000 0000 0000 0000 0000 0000 0000 0000 0000 0000 0000 0000 0000 0000 0000 0000 0000 0000 0000 0000 0000 0000 0000 0000 0000 0000 0000 0000 0000 0000 0000 0000 0000 0000 0000 0000 0000 0000 0000 0000 0000 0000 0000 0000 0000 0000 0000 0000 0000 0000 0000 0000 0000 0000 0000 0000 0000 0000 0000 0000 0000 0000 0000 0000 0000 0000 0000 0000 0000 0000 0000 0000 0000 0000 0000 0000 0000 0000 0000 0000 0000 0000 0000 0000 0000 0000 0000 0000 0000 0000 0000 0000 0000 0000 0000 0000 0000 0000 0000 0000 0000 0000 0000 0000 0000 0000 0000 0000 0000 0000 0000 0000 
[0;32mI (96885) SPI_SLAVE: pushed into queue[0m

[0;32mI (96885) MQTT_TASK: Read from queue[0m
[0;32mI (96915) MQTT_CLIENT: MQTT_EVENT_PUBLISHED, msg_id=59501[0m
[0;32mI (97725) SPI_SLAVE: Expected: 720 bytes, Got: 720 bytes[0m
[0;32mI (97725) SPI_SLAVE: Received uint16_t data:[0m
0000 0000 0000 0000 0000 0000 0000 0000 0000 0000 0000 0000 0000 0000 0000 0000 0000 0000 0000 0000 0000 0000 0000 0000 0000 0000 0000 0000 0000 0000 0000 0000 0000 0000 0000 0000 0000 0000 0000 0000 0000 0000 0000 0000 0000 0000 0000 0000 0000 0000 0000 0000 0000 0000 0000 0000 0000 0000 0000 0000 0000 0000 0000 0000 0000 0000 0000 0000 0000 0000 0000 0000 0000 0000 0000 0000 0000 0000 0000 0000 0000 0000 0000 0000 0000 0000 0000 0000 0000 0000 0000 0000 0000 0000 0000 0000 0000 0000 0000 0000 0000 0000 0000 0000 0000 0000 0000 0000 0000 0000 0000 0000 0000 0000 0000 0000 0000 0000 0000 0000 0000 0000 0000 0000 0000 0000 0000 0000 0000 0000 0000 0000 0000 0000 0000 0000 0000 0000 0000 0000 0000 0000 0000 0000 0000 0000 0000 0000 0000 0000 0000 0000 0000 0000 0000 0000 0000 0000 0000 0000 0000 0000 0000 0000 0000 0000 0000 0000 0000 0000 0000 0000 0000 0000 0000 0000 0000 0000 0000 0000 0000 0000 0000 0000 0000 0000 0000 0000 0000 0000 0000 0000 0000 0000 0000 0000 0000 0000 0000 0000 0000 0000 0000 0000 0000 0000 0000 0000 0000 0000 0000 0000 0000 0000 0000 0000 0000 0000 0000 0000 0000 0000 0000 0000 0000 0000 0000 0000 0000 0000 0000 0000 0000 0000 0000 0000 0000 0000 0000 0000 0000 0000 0000 0000 0000 0000 0000 0000 0000 0000 0000 0000 0000 0000 0000 0000 0000 0000 0000 0000 0000 0000 0000 0000 0000 0000 0000 0000 0000 0000 0000 0000 0000 0000 0000 0000 0000 0000 0000 0000 0000 0000 0000 0000 0000 0000 0000 0000 0000 0000 0000 0000 0000 0000 0000 0000 0000 0000 0000 0000 0000 0000 0000 0000 0000 0000 0000 0000 0000 0000 0000 0000 0000 0000 0000 0000 0000 0000 0000 0000 0000 0000 0000 0000 0000 0000 0000 0000 0000 0000 0000 0000 0000 0000 0000 0000 0000 0000 0000 0000 0000 0000 0000 0000 0000 0000 0000 0000 0000 0000 0000 0000 0000 0000 0000 0000 0000 0000 0000 0000 
[0;32mI (97885) SPI_SLAVE: pushed into queue[0m

[0;32mI (97885) MQTT_TASK: Read from queue[0m
[0;32mI (97915) MQTT_CLIENT: MQTT_EVENT_PUBLISHED, msg_id=44515[0m
[0;32mI (98725) SPI_SLAVE: Expected: 720 bytes, Got: 720 bytes[0m
[0;32mI (98725) SPI_SLAVE: Received uint16_t data:[0m
0000 0000 0000 0000 0000 0000 0000 0000 0000 0000 0000 0000 0000 0000 0000 0000 0000 0000 0000 0000 0000 0000 0000 0000 0000 0000 0000 0000 0000 0000 0000 0000 0000 0000 0000 0000 0000 0000 0000 0000 0000 0000 0000 0000 0000 0000 0000 0000 0000 0000 0000 0000 0000 0000 0000 0000 0000 0000 0000 0000 0000 0000 0000 0000 0000 0000 0000 0000 0000 0000 0000 0000 0000 0000 0000 0000 0000 0000 0000 0000 0000 0000 0000 0000 0000 0000 0000 0000 0000 0000 0000 0000 0000 0000 0000 0000 0000 0000 0000 0000 0000 0000 0000 0000 0000 0000 0000 0000 0000 0000 0000 0000 0000 0000 0000 0000 0000 0000 0000 0000 0000 0000 0000 0000 0000 0000 0000 0000 0000 0000 0000 0000 0000 0000 0000 0000 0000 0000 0000 0000 0000 0000 0000 0000 0000 0000 0000 0000 0000 0000 0000 0000 0000 0000 0000 0000 0000 0000 0000 0000 0000 0000 0000 0000 0000 0000 0000 0000 0000 0000 0000 0000 0000 0000 0000 0000 0000 0000 0000 0000 0000 0000 0000 0000 0000 0000 0000 0000 0000 0000 0000 0000 0000 0000 0000 0000 0000 0000 0000 0000 0000 0000 0000 0000 0000 0000 0000 0000 0000 0000 0000 0000 0000 0000 0000 0000 0000 0000 0000 0000 0000 0000 0000 0000 0000 0000 0000 0000 0000 0000 0000 0000 0000 0000 0000 0000 0000 0000 0000 0000 0000 0000 0000 0000 0000 0000 0000 0000 0000 0000 0000 0000 0000 0000 0000 0000 0000 0000 0000 0000 0000 0000 0000 0000 0000 0000 0000 0000 0000 0000 0000 0000 0000 0000 0000 0000 0000 0000 0000 0000 0000 0000 0000 0000 0000 0000 0000 0000 0000 0000 0000 0000 0000 0000 0000 0000 0000 0000 0000 0000 0000 0000 0000 0000 0000 0000 0000 0000 0000 0000 0000 0000 0000 0000 0000 0000 0000 0000 0000 0000 0000 0000 0000 0000 0000 0000 0000 0000 0000 0000 0000 0000 0000 0000 0000 0000 0000 0000 0000 0000 0000 0000 0000 0000 0000 0000 0000 0000 0000 0000 0000 0000 0000 0000 0000 0000 0000 0000 0000 0000 
[0;32mI (98885) SPI_SLAVE: pushed into queue[0m

[0;32mI (98885) MQTT_TASK: Read from queue[0m
[0;32mI (98915) MQTT_CLIENT: MQTT_EVENT_PUBLISHED, msg_id=57180[0m
[0;32mI (99725) SPI_SLAVE: Expected: 720 bytes, Got: 720 bytes[0m
[0;32mI (99725) SPI_SLAVE: Received uint16_t data:[0m
0000 0000 0000 0000 0000 0000 0000 0000 0000 0000 0000 0000 0000 0000 0000 0000 0000 0000 0000 0000 0000 0000 0000 0000 0000 0000 0000 0000 0000 0000 0000 0000 0000 0000 0000 0000 0000 0000 0000 0000 0000 0000 0000 0000 0000 0000 0000 0000 0000 0000 0000 0000 0000 0000 0000 0000 0000 0000 0000 0000 0000 0000 0000 0000 0000 0000 0000 0000 0000 0000 0000 0000 0000 0000 0000 0000 0000 0000 0000 0000 0000 0000 0000 0000 0000 0000 0000 0000 0000 0000 0000 0000 0000 0000 0000 0000 0000 0000 0000 0000 0000 0000 0000 0000 0000 0000 0000 0000 0000 0000 0000 0000 0000 0000 0000 0000 0000 0000 0000 0000 0000 0000 0000 0000 0000 0000 0000 0000 0000 0000 0000 0000 0000 0000 0000 0000 0000 0000 0000 0000 0000 0000 0000 0000 0000 0000 0000 0000 0000 0000 0000 0000 0000 0000 0000 0000 0000 0000 0000 0000 0000 0000 0000 0000 0000 0000 0000 0000 0000 0000 0000 0000 0000 0000 0000 0000 0000 0000 0000 0000 0000 0000 0000 0000 0000 0000 0000 0000 0000 0000 0000 0000 0000 0000 0000 0000 0000 0000 0000 0000 0000 0000 0000 0000 0000 0000 0000 0000 0000 0000 0000 0000 0000 0000 0000 0000 0000 0000 0000 0000 0000 0000 0000 0000 0000 0000 0000 0000 0000 0000 0000 0000 0000 0000 0000 0000 0000 0000 0000 0000 0000 0000 0000 0000 0000 0000 0000 0000 0000 0000 0000 0000 0000 0000 0000 0000 0000 0000 0000 0000 0000 0000 0000 0000 0000 0000 0000 0000 0000 0000 0000 0000 0000 0000 0000 0000 0000 0000 0000 0000 0000 0000 0000 0000 0000 0000 0000 0000 0000 0000 0000 0000 0000 0000 0000 0000 0000 0000 0000 0000 0000 0000 0000 0000 0000 0000 0000 0000 0000 0000 0000 0000 0000 0000 0000 0000 0000 0000 0000 0000 0000 0000 0000 0000 0000 0000 0000 0000 0000 0000 0000 0000 0000 0000 0000 0000 0000 0000 0000 0000 0000 0000 0000 0000 0000 0000 0000 0000 0000 0000 0000 0000 0000 0000 0000 0000 0000 0000 0000 0000 
[0;32mI (99885) SPI_SLAVE: pushed into queue[0m

[0;32mI (99885) MQTT_TASK: Read from queue[0m
[0;32mI (99915) MQTT_CLIENT: MQTT_EVENT_PUBLISHED, msg_id=49276[0m
[0;32mI (100725) SPI_SLAVE: Expected: 720 bytes, Got: 720 bytes[0m
[0;32mI (100725) SPI_SLAVE: Received uint16_t data:[0m
0000 0000 0000 0000 0000 0000 0000 0000 0000 0000 0000 0000 0000 0000 0000 0000 0000 0000 0000 0000 0000 0000 0000 0000 0000 0000 0000 0000 0000 0000 0000 0000 0000 0000 0000 0000 0000 0000 0000 0000 0000 0000 0000 0000 0000 0000 0000 0000 0000 0000 0000 0000 0000 0000 0000 0000 0000 0000 0000 0000 0000 0000 0000 0000 0000 0000 0000 0000 0000 0000 0000 0000 0000 0000 0000 0000 0000 0000 0000 0000 0000 0000 0000 0000 0000 0000 0000 0000 0000 0000 0000 0000 0000 0000 0000 0000 0000 0000 0000 0000 0000 0000 0000 0000 0000 0000 0000 0000 0000 0000 0000 0000 0000 0000 0000 0000 0000 0000 0000 0000 0000 0000 0000 0000 0000 0000 0000 0000 0000 0000 0000 0000 0000 0000 0000 0000 0000 0000 0000 0000 0000 0000 0000 0000 0000 0000 0000 0000 0000 0000 0000 0000 0000 0000 0000 0000 0000 0000 0000 0000 0000 0000 0000 0000 0000 0000 0000 0000 0000 0000 0000 0000 0000 0000 0000 0000 0000 0000 0000 0000 0000 0000 0000 0000 0000 0000 0000 0000 0000 0000 0000 0000 0000 0000 0000 0000 0000 0000 0000 0000 0000 0000 0000 0000 0000 0000 0000 0000 0000 0000 0000 0000 0000 0000 0000 0000 0000 0000 0000 0000 0000 0000 0000 0000 0000 0000 0000 0000 0000 0000 0000 0000 0000 0000 0000 0000 0000 0000 0000 0000 0000 0000 0000 0000 0000 0000 0000 0000 0000 0000 0000 0000 0000 0000 0000 0000 0000 0000 0000 0000 0000 0000 0000 0000 0000 0000 0000 0000 0000 0000 0000 0000 0000 0000 0000 0000 0000 0000 0000 0000 0000 0000 0000 0000 0000 0000 0000 0000 0000 0000 0000 0000 0000 0000 0000 0000 0000 0000 0000 0000 0000 0000 0000 0000 0000 0000 0000 0000 0000 0000 0000 0000 0000 0000 0000 0000 0000 0000 0000 0000 0000 0000 0000 0000 0000 0000 0000 0000 0000 0000 0000 0000 0000 0000 0000 0000 0000 0000 0000 0000 0000 0000 0000 0000 0000 0000 0000 0000 0000 0000 0000 0000 0000 0000 0000 0000 0000 0000 0000 0000 
[0;32mI (100885) SPI_SLAVE: pushed into queue[0m

[0;32mI (100885) MQTT_TASK: Read from queue[0m
[0;32mI (100915) MQTT_CLIENT: MQTT_EVENT_PUBLISHED, msg_id=19978[0m
[0;32mI (101725) SPI_SLAVE: Expected: 720 bytes, Got: 720 bytes[0m
[0;32mI (101725) SPI_SLAVE: Received uint16_t data:[0m
0000 0000 0000 0000 0000 0000 0000 0000 0000 0000 0000 0000 0000 0000 0000 0000 0000 0000 0000 0000 0000 0000 0000 0000 0000 0000 0000 0000 0000 0000 0000 0000 0000 0000 0000 0000 0000 0000 0000 0000 0000 0000 0000 0000 0000 0000 0000 0000 0000 0000 0000 0000 0000 0000 0000 0000 0000 0000 0000 0000 0000 0000 0000 0000 0000 0000 0000 0000 0000 0000 0000 0000 0000 0000 0000 0000 0000 0000 0000 0000 0000 0000 0000 0000 0000 0000 0000 0000 0000 0000 0000 0000 0000 0000 0000 0000 0000 0000 0000 0000 0000 0000 0000 0000 0000 0000 0000 0000 0000 0000 0000 0000 0000 0000 0000 0000 0000 0000 0000 0000 0000 0000 0000 0000 0000 0000 0000 0000 0000 0000 0000 0000 0000 0000 0000 0000 0000 0000 0000 0000 0000 0000 0000 0000 0000 0000 0000 0000 0000 0000 0000 0000 0000 0000 0000 0000 0000 0000 0000 0000 0000 0000 0000 0000 0000 0000 0000 0000 0000 0000 0000 0000 0000 0000 0000 0000 0000 0000 0000 0000 0000 0000 0000 0000 0000 0000 0000 0000 0000 0000 0000 0000 0000 0000 0000 0000 0000 0000 0000 0000 0000 0000 0000 0000 0000 0000 0000 0000 0000 0000 0000 0000 0000 0000 0000 0000 0000 0000 0000 0000 0000 0000 0000 0000 0000 0000 0000 0000 0000 0000 0000 0000 0000 0000 0000 0000 0000 0000 0000 0000 0000 0000 0000 0000 0000 0000 0000 0000 0000 0000 0000 0000 0000 0000 0000 0000 0000 0000 0000 0000 0000 0000 0000 0000 0000 0000 0000 0000 0000 0000 0000 0000 0000 0000 0000 0000 0000 0000 0000 0000 0000 0000 0000 0000 0000 0000 0000 0000 0000 0000 0000 0000 0000 0000 0000 0000 0000 0000 0000 0000 0000 0000 0000 0000 0000 0000 0000 0000 0000 0000 0000 0000 0000 0000 0000 0000 0000 0000 0000 0000 0000 0000 0000 0000 0000 0000 0000 0000 0000 0000 0000 0000 0000 0000 0000 0000 0000 0000 0000 0000 0000 0000 0000 0000 0000 0000 0000 0000 0000 0000 0000 0000 0000 0000 0000 0000 0000 0000 0000 0000 
[0;32mI (101885) SPI_SLAVE: pushed into queue[0m

[0;32mI (101885) MQTT_TASK: Read from queue[0m
[0;32mI (101915) MQTT_CLIENT: MQTT_EVENT_PUBLISHED, msg_id=30420[0m
[0;32mI (102725) SPI_SLAVE: Expected: 720 bytes, Got: 720 bytes[0m
[0;32mI (102725) SPI_SLAVE: Received uint16_t data:[0m
0000 0000 0000 0000 0000 0000 0000 0000 0000 0000 0000 0000 0000 0000 0000 0000 0000 0000 0000 0000 0000 0000 0000 0000 0000 0000 0000 0000 0000 0000 0000 0000 0000 0000 0000 0000 0000 0000 0000 0000 0000 0000 0000 0000 0000 0000 0000 0000 0000 0000 0000 0000 0000 0000 0000 0000 0000 0000 0000 0000 0000 0000 0000 0000 0000 0000 0000 0000 0000 0000 0000 0000 0000 0000 0000 0000 0000 0000 0000 0000 0000 0000 0000 0000 0000 0000 0000 0000 0000 0000 0000 0000 0000 0000 0000 0000 0000 0000 0000 0000 0000 0000 0000 0000 0000 0000 0000 0000 0000 0000 0000 0000 0000 0000 0000 0000 0000 0000 0000 0000 0000 0000 0000 0000 0000 0000 0000 0000 0000 0000 0000 0000 0000 0000 0000 0000 0000 0000 0000 0000 0000 0000 0000 0000 0000 0000 0000 0000 0000 0000 0000 0000 0000 0000 0000 0000 0000 0000 0000 0000 0000 0000 0000 0000 0000 0000 0000 0000 0000 0000 0000 0000 0000 0000 0000 0000 0000 0000 0000 0000 0000 0000 0000 0000 0000 0000 0000 0000 0000 0000 0000 0000 0000 0000 0000 0000 0000 0000 0000 0000 0000 0000 0000 0000 0000 0000 0000 0000 0000 0000 0000 0000 0000 0000 0000 0000 0000 0000 0000 0000 0000 0000 0000 0000 0000 0000 0000 0000 0000 0000 0000 0000 0000 0000 0000 0000 0000 0000 0000 0000 0000 0000 0000 0000 0000 0000 0000 0000 0000 0000 0000 0000 0000 0000 0000 0000 0000 0000 0000 0000 0000 0000 0000 0000 0000 0000 0000 0000 0000 0000 0000 0000 0000 0000 0000 0000 0000 0000 0000 0000 0000 0000 0000 0000 0000 0000 0000 0000 0000 0000 0000 0000 0000 0000 0000 0000 0000 0000 0000 0000 0000 0000 0000 0000 0000 0000 0000 0000 0000 0000 0000 0000 0000 0000 0000 0000 0000 0000 0000 0000 0000 0000 0000 0000 0000 0000 0000 0000 0000 0000 0000 0000 0000 0000 0000 0000 0000 0000 0000 0000 0000 0000 0000 0000 0000 0000 0000 0000 0000 0000 0000 0000 0000 0000 0000 0000 0000 0000 0000 0000 
[0;32mI (102885) SPI_SLAVE: pushed into queue[0m

[0;32mI (102885) MQTT_TASK: Read from queue[0m
[0;32mI (102915) MQTT_CLIENT: MQTT_EVENT_PUBLISHED, msg_id=33448[0m
[0;32mI (103725) SPI_SLAVE: Expected: 720 bytes, Got: 720 bytes[0m
[0;32mI (103725) SPI_SLAVE: Received uint16_t data:[0m
0000 0000 0000 0000 0000 0000 0000 0000 0000 0000 0000 0000 0000 0000 0000 0000 0000 0000 0000 0000 0000 0000 0000 0000 0000 0000 0000 0000 0000 0000 0000 0000 0000 0000 0000 0000 0000 0000 0000 0000 0000 0000 0000 0000 0000 0000 0000 0000 0000 0000 0000 0000 0000 0000 0000 0000 0000 0000 0000 0000 0000 0000 0000 0000 0000 0000 0000 0000 0000 0000 0000 0000 0000 0000 0000 0000 0000 0000 0000 0000 0000 0000 0000 0000 0000 0000 0000 0000 0000 0000 0000 0000 0000 0000 0000 0000 0000 0000 0000 0000 0000 0000 0000 0000 0000 0000 0000 0000 0000 0000 0000 0000 0000 0000 0000 0000 0000 0000 0000 0000 0000 0000 0000 0000 0000 0000 0000 0000 0000 0000 0000 0000 0000 0000 0000 0000 0000 0000 0000 0000 0000 0000 0000 0000 0000 0000 0000 0000 0000 0000 0000 0000 0000 0000 0000 0000 0000 0000 0000 0000 0000 0000 0000 0000 0000 0000 0000 0000 0000 0000 0000 0000 0000 0000 0000 0000 0000 0000 0000 0000 0000 0000 0000 0000 0000 0000 0000 0000 0000 0000 0000 0000 0000 0000 0000 0000 0000 0000 0000 0000 0000 0000 0000 0000 0000 0000 0000 0000 0000 0000 0000 0000 0000 0000 0000 0000 0000 0000 0000 0000 0000 0000 0000 0000 0000 0000 0000 0000 0000 0000 0000 0000 0000 0000 0000 0000 0000 0000 0000 0000 0000 0000 0000 0000 0000 0000 0000 0000 0000 0000 0000 0000 0000 0000 0000 0000 0000 0000 0000 0000 0000 0000 0000 0000 0000 0000 0000 0000 0000 0000 0000 0000 0000 0000 0000 0000 0000 0000 0000 0000 0000 0000 0000 0000 0000 0000 0000 0000 0000 0000 0000 0000 0000 0000 0000 0000 0000 0000 0000 0000 0000 0000 0000 0000 0000 0000 0000 0000 0000 0000 0000 0000 0000 0000 0000 0000 0000 0000 0000 0000 0000 0000 0000 0000 0000 0000 0000 0000 0000 0000 0000 0000 0000 0000 0000 0000 0000 0000 0000 0000 0000 0000 0000 0000 0000 0000 0000 0000 0000 0000 0000 0000 0000 0000 0000 0000 0000 0000 0000 0000 
[0;32mI (103885) SPI_SLAVE: pushed into queue[0m

[0;32mI (103885) MQTT_TASK: Read from queue[0m
[0;32mI (103915) MQTT_CLIENT: MQTT_EVENT_PUBLISHED, msg_id=8229[0m
[0;32mI (104725) SPI_SLAVE: Expected: 720 bytes, Got: 720 bytes[0m
[0;32mI (104725) SPI_SLAVE: Received uint16_t data:[0m
0000 0000 0000 0000 0000 0000 0000 0000 0000 0000 0000 0000 0000 0000 0000 0000 0000 0000 0000 0000 0000 0000 0000 0000 0000 0000 0000 0000 0000 0000 0000 0000 0000 0000 0000 0000 0000 0000 0000 0000 0000 0000 0000 0000 0000 0000 0000 0000 0000 0000 0000 0000 0000 0000 0000 0000 0000 0000 0000 0000 0000 0000 0000 0000 0000 0000 0000 0000 0000 0000 0000 0000 0000 0000 0000 0000 0000 0000 0000 0000 0000 0000 0000 0000 0000 0000 0000 0000 0000 0000 0000 0000 0000 0000 0000 0000 0000 0000 0000 0000 0000 0000 0000 0000 0000 0000 0000 0000 0000 0000 0000 0000 0000 0000 0000 0000 0000 0000 0000 0000 0000 0000 0000 0000 0000 0000 0000 0000 0000 0000 0000 0000 0000 0000 0000 0000 0000 0000 0000 0000 0000 0000 0000 0000 0000 0000 0000 0000 0000 0000 0000 0000 0000 0000 0000 0000 0000 0000 0000 0000 0000 0000 0000 0000 0000 0000 0000 0000 0000 0000 0000 0000 0000 0000 0000 0000 0000 0000 0000 0000 0000 0000 0000 0000 0000 0000 0000 0000 0000 0000 0000 0000 0000 0000 0000 0000 0000 0000 0000 0000 0000 0000 0000 0000 0000 0000 0000 0000 0000 0000 0000 0000 0000 0000 0000 0000 0000 0000 0000 0000 0000 0000 0000 0000 0000 0000 0000 0000 0000 0000 0000 0000 0000 0000 0000 0000 0000 0000 0000 0000 0000 0000 0000 0000 0000 0000 0000 0000 0000 0000 0000 0000 0000 0000 0000 0000 0000 0000 0000 0000 0000 0000 0000 0000 0000 0000 0000 0000 0000 0000 0000 0000 0000 0000 0000 0000 0000 0000 0000 0000 0000 0000 0000 0000 0000 0000 0000 0000 0000 0000 0000 0000 0000 0000 0000 0000 0000 0000 0000 0000 0000 0000 0000 0000 0000 0000 0000 0000 0000 0000 0000 0000 0000 0000 0000 0000 0000 0000 0000 0000 0000 0000 0000 0000 0000 0000 0000 0000 0000 0000 0000 0000 0000 0000 0000 0000 0000 0000 0000 0000 0000 0000 0000 0000 0000 0000 0000 0000 0000 0000 0000 0000 0000 0000 0000 0000 0000 0000 0000 0000 
[0;32mI (104885) SPI_SLAVE: pushed into queue[0m

[0;32mI (104885) MQTT_TASK: Read from queue[0m
[0;32mI (104915) MQTT_CLIENT: MQTT_EVENT_PUBLISHED, msg_id=40647[0m
[0;32mI (105725) SPI_SLAVE: Expected: 720 bytes, Got: 720 bytes[0m
[0;32mI (105725) SPI_SLAVE: Received uint16_t data:[0m
0000 0000 0000 0000 0000 0000 0000 0000 0000 0000 0000 0000 0000 0000 0000 0000 0000 0000 0000 0000 0000 0000 0000 0000 0000 0000 0000 0000 0000 0000 0000 0000 0000 0000 0000 0000 0000 0000 0000 0000 0000 0000 0000 0000 0000 0000 0000 0000 0000 0000 0000 0000 0000 0000 0000 0000 0000 0000 0000 0000 0000 0000 0000 0000 0000 0000 0000 0000 0000 0000 0000 0000 0000 0000 0000 0000 0000 0000 0000 0000 0000 0000 0000 0000 0000 0000 0000 0000 0000 0000 0000 0000 0000 0000 0000 0000 0000 0000 0000 0000 0000 0000 0000 0000 0000 0000 0000 0000 0000 0000 0000 0000 0000 0000 0000 0000 0000 0000 0000 0000 0000 0000 0000 0000 0000 0000 0000 0000 0000 0000 0000 0000 0000 0000 0000 0000 0000 0000 0000 0000 0000 0000 0000 0000 0000 0000 0000 0000 0000 0000 0000 0000 0000 0000 0000 0000 0000 0000 0000 0000 0000 0000 0000 0000 0000 0000 0000 0000 0000 0000 0000 0000 0000 0000 0000 0000 0000 0000 0000 0000 0000 0000 0000 0000 0000 0000 0000 0000 0000 0000 0000 0000 0000 0000 0000 0000 0000 0000 0000 0000 0000 0000 0000 0000 0000 0000 0000 0000 0000 0000 0000 0000 0000 0000 0000 0000 0000 0000 0000 0000 0000 0000 0000 0000 0000 0000 0000 0000 0000 0000 0000 0000 0000 0000 0000 0000 0000 0000 0000 0000 0000 0000 0000 0000 0000 0000 0000 0000 0000 0000 0000 0000 0000 0000 0000 0000 0000 0000 0000 0000 0000 0000 0000 0000 0000 0000 0000 0000 0000 0000 0000 0000 0000 0000 0000 0000 0000 0000 0000 0000 0000 0000 0000 0000 0000 0000 0000 0000 0000 0000 0000 0000 0000 0000 0000 0000 0000 0000 0000 0000 0000 0000 0000 0000 0000 0000 0000 0000 0000 0000 0000 0000 0000 0000 0000 0000 0000 0000 0000 0000 0000 0000 0000 0000 0000 0000 0000 0000 0000 0000 0000 0000 0000 0000 0000 0000 0000 0000 0000 0000 0000 0000 0000 0000 0000 0000 0000 0000 0000 0000 0000 0000 0000 0000 0000 0000 0000 0000 0000 0000 
[0;32mI (105885) SPI_SLAVE: pushed into queue[0m

[0;32mI (105885) MQTT_TASK: Read from queue[0m
[0;32mI (105915) MQTT_CLIENT: MQTT_EVENT_PUBLISHED, msg_id=36607[0m
[0;32mI (106725) SPI_SLAVE: Expected: 720 bytes, Got: 720 bytes[0m
[0;32mI (106725) SPI_SLAVE: Received uint16_t data:[0m
0000 0000 0000 0000 0000 0000 0000 0000 0000 0000 0000 0000 0000 0000 0000 0000 0000 0000 0000 0000 0000 0000 0000 0000 0000 0000 0000 0000 0000 0000 0000 0000 0000 0000 0000 0000 0000 0000 0000 0000 0000 0000 0000 0000 0000 0000 0000 0000 0000 0000 0000 0000 0000 0000 0000 0000 0000 0000 0000 0000 0000 0000 0000 0000 0000 0000 0000 0000 0000 0000 0000 0000 0000 0000 0000 0000 0000 0000 0000 0000 0000 0000 0000 0000 0000 0000 0000 0000 0000 0000 0000 0000 0000 0000 0000 0000 0000 0000 0000 0000 0000 0000 0000 0000 0000 0000 0000 0000 0000 0000 0000 0000 0000 0000 0000 0000 0000 0000 0000 0000 0000 0000 0000 0000 0000 0000 0000 0000 0000 0000 0000 0000 0000 0000 0000 0000 0000 0000 0000 0000 0000 0000 0000 0000 0000 0000 0000 0000 0000 0000 0000 0000 0000 0000 0000 0000 0000 0000 0000 0000 0000 0000 0000 0000 0000 0000 0000 0000 0000 0000 0000 0000 0000 0000 0000 0000 0000 0000 0000 0000 0000 0000 0000 0000 0000 0000 0000 0000 0000 0000 0000 0000 0000 0000 0000 0000 0000 0000 0000 0000 0000 0000 0000 0000 0000 0000 0000 0000 0000 0000 0000 0000 0000 0000 0000 0000 0000 0000 0000 0000 0000 0000 0000 0000 0000 0000 0000 0000 0000 0000 0000 0000 0000 0000 0000 0000 0000 0000 0000 0000 0000 0000 0000 0000 0000 0000 0000 0000 0000 0000 0000 0000 0000 0000 0000 0000 0000 0000 0000 0000 0000 0000 0000 0000 0000 0000 0000 0000 0000 0000 0000 0000 0000 0000 0000 0000 0000 0000 0000 0000 0000 0000 0000 0000 0000 0000 0000 0000 0000 0000 0000 0000 0000 0000 0000 0000 0000 0000 0000 0000 0000 0000 0000 0000 0000 0000 0000 0000 0000 0000 0000 0000 0000 0000 0000 0000 0000 0000 0000 0000 0000 0000 0000 0000 0000 0000 0000 0000 0000 0000 0000 0000 0000 0000 0000 0000 0000 0000 0000 0000 0000 0000 0000 0000 0000 0000 0000 0000 0000 0000 0000 0000 0000 0000 0000 0000 0000 0000 0000 0000 
[0;32mI (106885) SPI_SLAVE: pushed into queue[0m

[0;32mI (106885) MQTT_TASK: Read from queue[0m
[0;32mI (106915) MQTT_CLIENT: MQTT_EVENT_PUBLISHED, msg_id=250[0m
[0;32mI (107725) SPI_SLAVE: Expected: 720 bytes, Got: 720 bytes[0m
[0;32mI (107725) SPI_SLAVE: Received uint16_t data:[0m
0000 0000 0000 0000 0000 0000 0000 0000 0000 0000 0000 0000 0000 0000 0000 0000 0000 0000 0000 0000 0000 0000 0000 0000 0000 0000 0000 0000 0000 0000 0000 0000 0000 0000 0000 0000 0000 0000 0000 0000 0000 0000 0000 0000 0000 0000 0000 0000 0000 0000 0000 0000 0000 0000 0000 0000 0000 0000 0000 0000 0000 0000 0000 0000 0000 0000 0000 0000 0000 0000 0000 0000 0000 0000 0000 0000 0000 0000 0000 0000 0000 0000 0000 0000 0000 0000 0000 0000 0000 0000 0000 0000 0000 0000 0000 0000 0000 0000 0000 0000 0000 0000 0000 0000 0000 0000 0000 0000 0000 0000 0000 0000 0000 0000 0000 0000 0000 0000 0000 0000 0000 0000 0000 0000 0000 0000 0000 0000 0000 0000 0000 0000 0000 0000 0000 0000 0000 0000 0000 0000 0000 0000 0000 0000 0000 0000 0000 0000 0000 0000 0000 0000 0000 0000 0000 0000 0000 0000 0000 0000 0000 0000 0000 0000 0000 0000 0000 0000 0000 0000 0000 0000 0000 0000 0000 0000 0000 0000 0000 0000 0000 0000 0000 0000 0000 0000 0000 0000 0000 0000 0000 0000 0000 0000 0000 0000 0000 0000 0000 0000 0000 0000 0000 0000 0000 0000 0000 0000 0000 0000 0000 0000 0000 0000 0000 0000 0000 0000 0000 0000 0000 0000 0000 0000 0000 0000 0000 0000 0000 0000 0000 0000 0000 0000 0000 0000 0000 0000 0000 0000 0000 0000 0000 0000 0000 0000 0000 0000 0000 0000 0000 0000 0000 0000 0000 0000 0000 0000 0000 0000 0000 0000 0000 0000 0000 0000 0000 0000 0000 0000 0000 0000 0000 0000 0000 0000 0000 0000 0000 0000 0000 0000 0000 0000 0000 0000 0000 0000 0000 0000 0000 0000 0000 0000 0000 0000 0000 0000 0000 0000 0000 0000 0000 0000 0000 0000 0000 0000 0000 0000 0000 0000 0000 0000 0000 0000 0000 0000 0000 0000 0000 0000 0000 0000 0000 0000 0000 0000 0000 0000 0000 0000 0000 0000 0000 0000 0000 0000 0000 0000 0000 0000 0000 0000 0000 0000 0000 0000 0000 0000 0000 0000 0000 0000 0000 0000 0000 0000 0000 0000 
[0;32mI (107885) SPI_SLAVE: pushed into queue[0m

[0;32mI (107885) MQTT_TASK: Read from queue[0m
[0;32mI (107915) MQTT_CLIENT: MQTT_EVENT_PUBLISHED, msg_id=7475[0m
[0;32mI (108725) SPI_SLAVE: Expected: 720 bytes, Got: 720 bytes[0m
[0;32mI (108725) SPI_SLAVE: Received uint16_t data:[0m
0000 0000 0000 0000 0000 0000 0000 0000 0000 0000 0000 0000 0000 0000 0000 0000 0000 0000 0000 0000 0000 0000 0000 0000 0000 0000 0000 0000 0000 0000 0000 0000 0000 0000 0000 0000 0000 0000 0000 0000 0000 0000 0000 0000 0000 0000 0000 0000 0000 0000 0000 0000 0000 0000 0000 0000 0000 0000 0000 0000 0000 0000 0000 0000 0000 0000 0000 0000 0000 0000 0000 0000 0000 0000 0000 0000 0000 0000 0000 0000 0000 0000 0000 0000 0000 0000 0000 0000 0000 0000 0000 0000 0000 0000 0000 0000 0000 0000 0000 0000 0000 0000 0000 0000 0000 0000 0000 0000 0000 0000 0000 0000 0000 0000 0000 0000 0000 0000 0000 0000 0000 0000 0000 0000 0000 0000 0000 0000 0000 0000 0000 0000 0000 0000 0000 0000 0000 0000 0000 0000 0000 0000 0000 0000 0000 0000 0000 0000 0000 0000 0000 0000 0000 0000 0000 0000 0000 0000 0000 0000 0000 0000 0000 0000 0000 0000 0000 0000 0000 0000 0000 0000 0000 0000 0000 0000 0000 0000 0000 0000 0000 0000 0000 0000 0000 0000 0000 0000 0000 0000 0000 0000 0000 0000 0000 0000 0000 0000 0000 0000 0000 0000 0000 0000 0000 0000 0000 0000 0000 0000 0000 0000 0000 0000 0000 0000 0000 0000 0000 0000 0000 0000 0000 0000 0000 0000 0000 0000 0000 0000 0000 0000 0000 0000 0000 0000 0000 0000 0000 0000 0000 0000 0000 0000 0000 0000 0000 0000 0000 0000 0000 0000 0000 0000 0000 0000 0000 0000 0000 0000 0000 0000 0000 0000 0000 0000 0000 0000 0000 0000 0000 0000 0000 0000 0000 0000 0000 0000 0000 0000 0000 0000 0000 0000 0000 0000 0000 0000 0000 0000 0000 0000 0000 0000 0000 0000 0000 0000 0000 0000 0000 0000 0000 0000 0000 0000 0000 0000 0000 0000 0000 0000 0000 0000 0000 0000 0000 0000 0000 0000 0000 0000 0000 0000 0000 0000 0000 0000 0000 0000 0000 0000 0000 0000 0000 0000 0000 0000 0000 0000 0000 0000 0000 0000 0000 0000 0000 0000 0000 0000 0000 0000 0000 0000 0000 0000 0000 0000 0000 0000 
[0;32mI (108885) SPI_SLAVE: pushed into queue[0m

[0;32mI (108885) MQTT_TASK: Read from queue[0m
[0;32mI (109725) SPI_SLAVE: Expected: 720 bytes, Got: 720 bytes[0m
[0;32mI (109725) SPI_SLAVE: Received uint16_t data:[0m
0000 0000 0000 0000 0000 0000 0000 0000 0000 0000 0000 0000 0000 0000 0000 0000 0000 0000 0000 0000 0000 0000 0000 0000 0000 0000 0000 0000 0000 0000 0000 0000 0000 0000 0000 0000 0000 0000 0000 0000 0000 0000 0000 0000 0000 0000 0000 0000 0000 0000 0000 0000 0000 0000 0000 0000 0000 0000 0000 0000 0000 0000 0000 0000 0000 0000 0000 0000 0000 0000 0000 0000 0000 0000 0000 0000 0000 0000 0000 0000 0000 0000 0000 0000 0000 0000 0000 0000 0000 0000 0000 0000 0000 0000 0000 0000 0000 0000 0000 0000 0000 0000 0000 0000 0000 0000 0000 0000 0000 0000 0000 0000 0000 0000 0000 0000 0000 0000 0000 0000 0000 0000 0000 0000 0000 0000 0000 0000 0000 0000 0000 0000 0000 0000 0000 0000 0000 0000 0000 0000 0000 0000 0000 0000 0000 0000 0000 0000 0000 0000 0000 0000 0000 0000 0000 0000 0000 0000 0000 0000 0000 0000 0000 0000 0000 0000 0000 0000 0000 0000 0000 0000 0000 0000 0000 0000 0000 0000 0000 0000 0000 0000 0000 0000 0000 0000 0000 0000 0000 0000 0000 0000 0000 0000 0000 0000 0000 0000 0000 0000 0000 0000 0000 0000 0000 0000 0000 0000 0000 0000 0000 0000 0000 0000 0000 0000 0000 0000 0000 0000 0000 0000 0000 0000 0000 0000 0000 0000 0000 0000 0000 0000 0000 0000 0000 0000 0000 0000 0000 0000 0000 0000 0000 0000 0000 0000 0000 0000 0000 0000 0000 0000 0000 0000 0000 0000 0000 0000 0000 0000 0000 0000 0000 0000 0000 0000 0000 0000 0000 0000 0000 0000 0000 0000 0000 0000 0000 0000 0000 0000 0000 0000 0000 0000 0000 0000 0000 0000 0000 0000 0000 0000 0000 0000 0000 0000 0000 0000 0000 0000 0000 0000 0000 0000 0000 0000 0000 0000 0000 0000 0000 0000 0000 0000 0000 0000 0000 0000 0000 0000 0000 0000 0000 0000 0000 0000 0000 0000 0000 0000 0000 0000 0000 0000 0000 0000 0000 0000 0000 0000 0000 0000 0000 0000 0000 0000 0000 0000 0000 0000 0000 0000 0000 0000 0000 0000 0000 0000 0000 0000 
[0;32mI (109885) SPI_SLAVE: pushed into queue[0m

[0;32mI (109885) MQTT_TASK: Read from queue[0m
[0;32mI (110725) SPI_SLAVE: Expected: 720 bytes, Got: 720 bytes[0m
[0;32mI (110725) SPI_SLAVE: Received uint16_t data:[0m
0000 0000 0000 0000 0000 0000 0000 0000 0000 0000 0000 0000 0000 0000 0000 0000 0000 0000 0000 0000 0000 0000 0000 0000 0000 0000 0000 0000 0000 0000 0000 0000 0000 0000 0000 0000 0000 0000 0000 0000 0000 0000 0000 0000 0000 0000 0000 0000 0000 0000 0000 0000 0000 0000 0000 0000 0000 0000 0000 0000 0000 0000 0000 0000 0000 0000 0000 0000 0000 0000 0000 0000 0000 0000 0000 0000 0000 0000 0000 0000 0000 0000 0000 0000 0000 0000 0000 0000 0000 0000 0000 0000 0000 0000 0000 0000 0000 0000 0000 0000 0000 0000 0000 0000 0000 0000 0000 0000 0000 0000 0000 0000 0000 0000 0000 0000 0000 0000 0000 0000 0000 0000 0000 0000 0000 0000 0000 0000 0000 0000 0000 0000 0000 0000 0000 0000 0000 0000 0000 0000 0000 0000 0000 0000 0000 0000 0000 0000 0000 0000 0000 0000 0000 0000 0000 0000 0000 0000 0000 0000 0000 0000 0000 0000 0000 0000 0000 0000 0000 0000 0000 0000 0000 0000 0000 0000 0000 0000 0000 0000 0000 0000 0000 0000 0000 0000 0000 0000 0000 0000 0000 0000 0000 0000 0000 0000 0000 0000 0000 0000 0000 0000 0000 0000 0000 0000 0000 0000 0000 0000 0000 0000 0000 0000 0000 0000 0000 0000 0000 0000 0000 0000 0000 0000 0000 0000 0000 0000 0000 0000 0000 0000 0000 0000 0000 0000 0000 0000 0000 0000 0000 0000 0000 0000 0000 0000 0000 0000 0000 0000 0000 0000 0000 0000 0000 0000 0000 0000 0000 0000 0000 0000 0000 0000 0000 0000 0000 0000 0000 0000 0000 0000 0000 0000 0000 0000 0000 0000 0000 0000 0000 0000 0000 0000 0000 0000 0000 0000 0000 0000 0000 0000 0000 0000 0000 0000 0000 0000 0000 0000 0000 0000 0000 0000 0000 0000 0000 0000 0000 0000 0000 0000 0000 0000 0000 0000 0000 0000 0000 0000 0000 0000 0000 0000 0000 0000 0000 0000 0000 0000 0000 0000 0000 0000 0000 0000 0000 0000 0000 0000 0000 0000 0000 0000 0000 0000 0000 0000 0000 0000 0000 0000 0000 0000 0000 0000 0000 0000 0000 0000 
[0;32mI (110885) SPI_SLAVE: pushed into queue[0m

[0;32mI (110885) MQTT_TASK: Read from queue[0m
[0;32mI (111725) SPI_SLAVE: Expected: 720 bytes, Got: 720 bytes[0m
[0;32mI (111725) SPI_SLAVE: Received uint16_t data:[0m
0000 0000 0000 0000 0000 0000 0000 0000 0000 0000 0000 0000 0000 0000 0000 0000 0000 0000 0000 0000 0000 0000 0000 0000 0000 0000 0000 0000 0000 0000 0000 0000 0000 0000 0000 0000 0000 0000 0000 0000 0000 0000 0000 0000 0000 0000 0000 0000 0000 0000 0000 0000 0000 0000 0000 0000 0000 0000 0000 0000 0000 0000 0000 0000 0000 0000 0000 0000 0000 0000 0000 0000 0000 0000 0000 0000 0000 0000 0000 0000 0000 0000 0000 0000 0000 0000 0000 0000 0000 0000 0000 0000 0000 0000 0000 0000 0000 0000 0000 0000 0000 0000 0000 0000 0000 0000 0000 0000 0000 0000 0000 0000 0000 0000 0000 0000 0000 0000 0000 0000 0000 0000 0000 0000 0000 0000 0000 0000 0000 0000 0000 0000 0000 0000 0000 0000 0000 0000 0000 0000 0000 0000 0000 0000 0000 0000 0000 0000 0000 0000 0000 0000 0000 0000 0000 0000 0000 0000 0000 0000 0000 0000 0000 0000 0000 0000 0000 0000 0000 0000 0000 0000 0000 0000 0000 0000 0000 0000 0000 0000 0000 0000 0000 0000 0000 0000 0000 0000 0000 0000 0000 0000 0000 0000 0000 0000 0000 0000 0000 0000 0000 0000 0000 0000 0000 0000 0000 0000 0000 0000 0000 0000 0000 0000 0000 0000 0000 0000 0000 0000 0000 0000 0000 0000 0000 0000 0000 0000 0000 0000 0000 0000 0000 0000 0000 0000 0000 0000 0000 0000 0000 0000 0000 0000 0000 0000 0000 0000 0000 0000 0000 0000 0000 0000 0000 0000 0000 0000 0000 0000 0000 0000 0000 0000 0000 0000 0000 0000 0000 0000 0000 0000 0000 0000 0000 0000 0000 0000 0000 0000 0000 0000 0000 0000 0000 0000 0000 0000 0000 0000 0000 0000 0000 0000 0000 0000 0000 0000 0000 0000 0000 0000 0000 0000 0000 0000 0000 0000 0000 0000 0000 0000 0000 0000 0000 0000 0000 0000 0000 0000 0000 0000 0000 0000 0000 0000 0000 0000 0000 0000 0000 0000 0000 0000 0000 0000 0000 0000 0000 0000 0000 0000 0000 0000 0000 0000 0000 0000 0000 0000 0000 0000 0000 0000 0000 0000 0000 0000 0000 0000 
[0;32mI (111885) SPI_SLAVE: pushed into queue[0m

[0;32mI (111885) MQTT_TASK: Read from queue[0m
[0;32mI (112725) SPI_SLAVE: Expected: 720 bytes, Got: 720 bytes[0m
[0;32mI (112725) SPI_SLAVE: Received uint16_t data:[0m
0000 0000 0000 0000 0000 0000 0000 0000 0000 0000 0000 0000 0000 0000 0000 0000 0000 0000 0000 0000 0000 0000 0000 0000 0000 0000 0000 0000 0000 0000 0000 0000 0000 0000 0000 0000 0000 0000 0000 0000 0000 0000 0000 0000 0000 0000 0000 0000 0000 0000 0000 0000 0000 0000 0000 0000 0000 0000 0000 0000 0000 0000 0000 0000 0000 0000 0000 0000 0000 0000 0000 0000 0000 0000 0000 0000 0000 0000 0000 0000 0000 0000 0000 0000 0000 0000 0000 0000 0000 0000 0000 0000 0000 0000 0000 0000 0000 0000 0000 0000 0000 0000 0000 0000 0000 0000 0000 0000 0000 0000 0000 0000 0000 0000 0000 0000 0000 0000 0000 0000 0000 0000 0000 0000 0000 0000 0000 0000 0000 0000 0000 0000 0000 0000 0000 0000 0000 0000 0000 0000 0000 0000 0000 0000 0000 0000 0000 0000 0000 0000 0000 0000 0000 0000 0000 0000 0000 0000 0000 0000 0000 0000 0000 0000 0000 0000 0000 0000 0000 0000 0000 0000 0000 0000 0000 0000 0000 0000 0000 0000 0000 0000 0000 0000 0000 0000 0000 0000 0000 0000 0000 0000 0000 0000 0000 0000 0000 0000 0000 0000 0000 0000 0000 0000 0000 0000 0000 0000 0000 0000 0000 0000 0000 0000 0000 0000 0000 0000 0000 0000 0000 0000 0000 0000 0000 0000 0000 0000 0000 0000 0000 0000 0000 0000 0000 0000 0000 0000 0000 0000 0000 0000 0000 0000 0000 0000 0000 0000 0000 0000 0000 0000 0000 0000 0000 0000 0000 0000 0000 0000 0000 0000 0000 0000 0000 0000 0000 0000 0000 0000 0000 0000 0000 0000 0000 0000 0000 0000 0000 0000 0000 0000 0000 0000 0000 0000 0000 0000 0000 0000 0000 0000 0000 0000 0000 0000 0000 0000 0000 0000 0000 0000 0000 0000 0000 0000 0000 0000 0000 0000 0000 0000 0000 0000 0000 0000 0000 0000 0000 0000 0000 0000 0000 0000 0000 0000 0000 0000 0000 0000 0000 0000 0000 0000 0000 0000 0000 0000 0000 0000 0000 0000 0000 0000 0000 0000 0000 0000 0000 0000 0000 0000 0000 0000 0000 0000 0000 0000 0000 0000 
[0;32mI (112885) SPI_SLAVE: pushed into queue[0m

[0;32mI (113725) SPI_SLAVE: Expected: 720 bytes, Got: 720 bytes[0m
[0;32mI (113725) SPI_SLAVE: Received uint16_t data:[0m
0000 0000 0000 0000 0000 0000 0000 0000 0000 0000 0000 0000 0000 0000 0000 0000 0000 0000 0000 0000 0000 0000 0000 0000 0000 0000 0000 0000 0000 0000 0000 0000 0000 0000 0000 0000 0000 0000 0000 0000 0000 0000 0000 0000 0000 0000 0000 0000 0000 0000 0000 0000 0000 0000 0000 0000 0000 0000 0000 0000 0000 0000 0000 0000 0000 0000 0000 0000 0000 0000 0000 0000 0000 0000 0000 0000 0000 0000 0000 0000 0000 0000 0000 0000 0000 0000 0000 0000 0000 0000 0000 0000 0000 0000 0000 0000 0000 0000 0000 0000 0000 0000 0000 0000 0000 0000 0000 0000 0000 0000 0000 0000 0000 0000 0000 0000 0000 0000 0000 0000 0000 0000 0000 0000 0000 0000 0000 0000 0000 0000 0000 0000 0000 0000 0000 0000 0000 0000 0000 0000 0000 0000 0000 0000 0000 0000 0000 0000 0000 0000 0000 0000 0000 0000 0000 0000 0000 0000 0000 0000 0000 0000 0000 0000 0000 0000 0000 0000 0000 0000 0000 0000 0000 0000 0000 0000 0000 0000 0000 0000 0000 0000 0000 0000 0000 0000 0000 0000 0000 0000 0000 0000 0000 0000 0000 0000 0000 0000 0000 0000 0000 0000 0000 0000 0000 0000 0000 0000 0000 0000 0000 0000 0000 0000 0000 0000 0000 0000 0000 0000 0000 0000 0000 0000 0000 0000 0000 0000 0000 0000 0000 0000 0000 0000 0000 0000 0000 0000 0000 0000 0000 0000 0000 0000 0000 0000 0000 0000 0000 0000 0000 0000 0000 0000 0000 0000 0000 0000 0000 0000 0000 0000 0000 0000 0000 0000 0000 0000 0000 0000 0000 0000 0000 0000 0000 0000 0000 0000 0000 0000 0000 0000 0000 0000 0000 0000 0000 0000 0000 0000 0000 0000 0000 0000 0000 0000 0000 0000 0000 0000 0000 0000 0000 0000 0000 0000 0000 0000 0000 0000 0000 0000 0000 0000 0000 0000 0000 0000 0000 0000 0000 0000 0000 0000 0000 0000 0000 0000 0000 0000 0000 0000 0000 0000 0000 0000 0000 0000 0000 0000 0000 0000 0000 0000 0000 0000 0000 0000 0000 0000 0000 0000 0000 0000 0000 0000 0000 0000 0000 0000 
[0;32mI (113885) SPI_SLAVE: pushed into queue[0m

[0;32mI (114525) wifi:bcn_timeout,ap_probe_send_start[0m
[0;32mI (114725) SPI_SLAVE: Expected: 720 bytes, Got: 720 bytes[0m
[0;32mI (114725) SPI_SLAVE: Received uint16_t data:[0m
0000 0000 0000 0000 0000 0000 0000 0000 0000 0000 0000 0000 0000 0000 0000 0000 0000 0000 0000 0000 0000 0000 0000 0000 0000 0000 0000 0000 0000 0000 0000 0000 0000 0000 0000 0000 0000 0000 0000 0000 0000 0000 0000 0000 0000 0000 0000 0000 0000 0000 0000 0000 0000 0000 0000 0000 0000 0000 0000 0000 0000 0000 0000 0000 0000 0000 0000 0000 0000 0000 0000 0000 0000 0000 0000 0000 0000 0000 0000 0000 0000 0000 0000 0000 0000 0000 0000 0000 0000 0000 0000 0000 0000 0000 0000 0000 0000 0000 0000 0000 0000 0000 0000 0000 0000 0000 0000 0000 0000 0000 0000 0000 0000 0000 0000 0000 0000 0000 0000 0000 0000 0000 0000 0000 0000 0000 0000 0000 0000 0000 0000 0000 0000 0000 0000 0000 0000 0000 0000 0000 0000 0000 0000 0000 0000 0000 0000 0000 0000 0000 0000 0000 0000 0000 0000 0000 0000 0000 0000 0000 0000 0000 0000 0000 0000 0000 0000 0000 0000 0000 0000 0000 0000 0000 0000 0000 0000 0000 0000 0000 0000 0000 0000 0000 0000 0000 0000 0000 0000 0000 0000 0000 0000 0000 0000 0000 0000 0000 0000 0000 0000 0000 0000 0000 0000 0000 0000 0000 0000 0000 0000 0000 0000 0000 0000 0000 0000 0000 0000 0000 0000 0000 0000 0000 0000 0000 0000 0000 0000 0000 0000 0000 0000 0000 0000 0000 0000 0000 0000 0000 0000 0000 0000 0000 0000 0000 0000 0000 0000 0000 0000 0000 0000 0000 0000 0000 0000 0000 0000 0000 0000 0000 0000 0000 0000 0000 0000 0000 0000 0000 0000 0000 0000 0000 0000 0000 0000 0000 0000 0000 0000 0000 0000 0000 0000 0000 0000 0000 0000 0000 0000 0000 0000 0000 0000 0000 0000 0000 0000 0000 0000 0000 0000 0000 0000 0000 0000 0000 0000 0000 0000 0000 0000 0000 0000 0000 0000 0000 0000 0000 0000 0000 0000 0000 0000 0000 0000 0000 0000 0000 0000 0000 0000 0000 0000 0000 0000 0000 0000 0000 0000 0000 0000 0000 0000 0000 0000 0000 0000 0000 0000 0000 0000 0000 0000 0000 0000 0000 0000 0000 
[0;32mI (114885) SPI_SLAVE: pushed into queue[0m

[0;32mI (115725) SPI_SLAVE: Expected: 720 bytes, Got: 720 bytes[0m
[0;32mI (115725) SPI_SLAVE: Received uint16_t data:[0m
0000 0000 0000 0000 0000 0000 0000 0000 0000 0000 0000 0000 0000 0000 0000 0000 0000 0000 0000 0000 0000 0000 0000 0000 0000 0000 0000 0000 0000 0000 0000 0000 0000 0000 0000 0000 0000 0000 0000 0000 0000 0000 0000 0000 0000 0000 0000 0000 0000 0000 0000 0000 0000 0000 0000 0000 0000 0000 0000 0000 0000 0000 0000 0000 0000 0000 0000 0000 0000 0000 0000 0000 0000 0000 0000 0000 0000 0000 0000 0000 0000 0000 0000 0000 0000 0000 0000 0000 0000 0000 0000 0000 0000 0000 0000 0000 0000 0000 0000 0000 0000 0000 0000 0000 0000 0000 0000 0000 0000 0000 0000 0000 0000 0000 0000 0000 0000 0000 0000 0000 0000 0000 0000 0000 0000 0000 0000 0000 0000 0000 0000 0000 0000 0000 0000 0000 0000 0000 0000 0000 0000 0000 0000 0000 0000 0000 0000 0000 0000 0000 0000 0000 0000 0000 0000 0000 0000 0000 0000 0000 0000 0000 0000 0000 0000 0000 0000 0000 0000 0000 0000 0000 0000 0000 0000 0000 0000 0000 0000 0000 0000 0000 0000 0000 0000 0000 0000 0000 0000 0000 0000 0000 0000 0000 0000 0000 0000 0000 0000 0000 0000 0000 0000 0000 0000 0000 0000 0000 0000 0000 0000 0000 0000 0000 0000 0000 0000 0000 0000 0000 0000 0000 0000 0000 0000 0000 0000 0000 0000 0000 0000 0000 0000 0000 0000 0000 0000 0000 0000 0000 0000 0000 0000 0000 0000 0000 0000 0000 0000 0000 0000 0000 0000 0000 0000 0000 0000 0000 0000 0000 0000 0000 0000 0000 0000 0000 0000 0000 0000 0000 0000 0000 0000 0000 0000 0000 0000 0000 0000 0000 0000 0000 0000 0000 0000 0000 0000 0000 0000 0000 0000 0000 0000 0000 0000 0000 0000 0000 0000 0000 0000 0000 0000 0000 0000 0000 0000 0000 0000 0000 0000 0000 0000 0000 0000 0000 0000 0000 0000 0000 0000 0000 0000 0000 0000 0000 0000 0000 0000 0000 0000 0000 0000 0000 0000 0000 0000 0000 0000 0000 0000 0000 0000 0000 0000 0000 0000 0000 0000 0000 0000 0000 0000 0000 0000 0000 0000 0000 0000 0000 
[0;32mI (115885) SPI_SLAVE: pushed into queue[0m

[0;32mI (116725) SPI_SLAVE: Expected: 720 bytes, Got: 720 bytes[0m
[0;32mI (116725) SPI_SLAVE: Received uint16_t data:[0m
0000 0000 0000 0000 0000 0000 0000 0000 0000 0000 0000 0000 0000 0000 0000 0000 0000 0000 0000 0000 0000 0000 0000 0000 0000 0000 0000 0000 0000 0000 0000 0000 0000 0000 0000 0000 0000 0000 0000 0000 0000 0000 0000 0000 0000 0000 0000 0000 0000 0000 0000 0000 0000 0000 0000 0000 0000 0000 0000 0000 0000 0000 0000 0000 0000 0000 0000 0000 0000 0000 0000 0000 0000 0000 0000 0000 0000 0000 0000 0000 0000 0000 0000 0000 0000 0000 0000 0000 0000 0000 0000 0000 0000 0000 0000 0000 0000 0000 0000 0000 0000 0000 0000 0000 0000 0000 0000 0000 0000 0000 0000 0000 0000 0000 0000 0000 0000 0000 0000 0000 0000 0000 0000 0000 0000 0000 0000 0000 0000 0000 0000 0000 0000 0000 0000 0000 0000 0000 0000 0000 0000 0000 0000 0000 0000 0000 0000 0000 0000 0000 0000 0000 0000 0000 0000 0000 0000 0000 0000 0000 0000 0000 0000 0000 0000 0000 0000 0000 0000 0000 0000 0000 0000 0000 0000 0000 0000 0000 0000 0000 0000 0000 0000 0000 0000 0000 0000 0000 0000 0000 0000 0000 0000 0000 0000 0000 0000 0000 0000 0000 0000 0000 0000 0000 0000 0000 0000 0000 0000 0000 0000 0000 0000 0000 0000 0000 0000 0000 0000 0000 0000 0000 0000 0000 0000 0000 0000 0000 0000 0000 0000 0000 0000 0000 0000 0000 0000 0000 0000 0000 0000 0000 0000 0000 0000 0000 0000 0000 0000 0000 0000 0000 0000 0000 0000 0000 0000 0000 0000 0000 0000 0000 0000 0000 0000 0000 0000 0000 0000 0000 0000 0000 0000 0000 0000 0000 0000 0000 0000 0000 0000 0000 0000 0000 0000 0000 0000 0000 0000 0000 0000 0000 0000 0000 0000 0000 0000 0000 0000 0000 0000 0000 0000 0000 0000 0000 0000 0000 0000 0000 0000 0000 0000 0000 0000 0000 0000 0000 0000 0000 0000 0000 0000 0000 0000 0000 0000 0000 0000 0000 0000 0000 0000 0000 0000 0000 0000 0000 0000 0000 0000 0000 0000 0000 0000 0000 0000 0000 0000 0000 0000 0000 0000 0000 0000 0000 0000 0000 0000 0000 
[0;32mI (116885) SPI_SLAVE: pushed into queue[0m

[0;32mI (117025) wifi:ap_probe_send over, reset wifi status to disassoc[0m
[0;32mI (117025) wifi:state: run -> init (0xc800)[0m
[0;32mI (117045) wifi:pm stop, total sleep time: 83941379 us / 101743163 us[0m

[0;32mI (117045) wifi:<ba-del>idx:0, tid:0[0m
[0;32mI (117045) wifi:new:<1,0>, old:<1,0>, ap:<255,255>, sta:<1,0>, prof:1, snd_ch_cfg:0x0[0m
[1;31mE (117055) transport_base: poll_write select error 113, errno = Software caused connection abort, fd = 54[0m
[0;32mI (117055) WIFI: retry to connect to the AP[0m
[0;33mW (117055) transport_base: Poll timeout or error, errno=Connection already in progress, fd=54, timeout_ms=10000[0m
[0;32mI (117065) WIFI: connect to the AP fail[0m
[1;31mE (117075) mqtt_client: Writing failed: errno=119[0m
[0;32mI (117075) MQTT_CLIENT: MQTT_EVENT_ERROR[0m
[1;31mE (117085) mqtt_client: Error to resend data [0m
[0;32mI (117085) MQTT_CLIENT: MQTT_EVENT_DISCONNECTED[0m
[0;32mI (117105) MQTT_TASK: Read from queue[0m
[0;32mI (117125) MQTT_TASK: Read from queue[0m
[0;32mI (117145) MQTT_TASK: Read from queue[0m
[0;32mI (117165) MQTT_TASK: Read from queue[0m
[0;32mI (117185) MQTT_TASK: Read from queue[0m
[0;32mI (117725) SPI_SLAVE: Expected: 720 bytes, Got: 720 bytes[0m
[0;32mI (117725) SPI_SLAVE: Received uint16_t data:[0m
0000 0000 0000 0000 0000 0000 0000 0000 0000 0000 0000 0000 0000 0000 0000 0000 0000 0000 0000 0000 0000 0000 0000 0000 0000 0000 0000 0000 0000 0000 0000 0000 0000 0000 0000 0000 0000 0000 0000 0000 0000 0000 0000 0000 0000 0000 0000 0000 0000 0000 0000 0000 0000 0000 0000 0000 0000 0000 0000 0000 0000 0000 0000 0000 0000 0000 0000 0000 0000 0000 0000 0000 0000 0000 0000 0000 0000 0000 0000 0000 0000 0000 0000 0000 0000 0000 0000 0000 0000 0000 0000 0000 0000 0000 0000 0000 0000 0000 0000 0000 0000 0000 0000 0000 0000 0000 0000 0000 0000 0000 0000 0000 0000 0000 0000 0000 0000 0000 0000 0000 0000 0000 0000 0000 0000 0000 0000 0000 0000 0000 0000 0000 0000 0000 0000 0000 0000 0000 0000 0000 0000 0000 0000 0000 0000 0000 0000 0000 0000 0000 0000 0000 0000 0000 0000 0000 0000 0000 0000 0000 0000 0000 0000 0000 0000 0000 0000 0000 0000 0000 0000 0000 0000 0000 0000 0000 0000 0000 0000 0000 0000 0000 0000 0000 0000 0000 0000 0000 0000 0000 0000 0000 0000 0000 0000 0000 0000 0000 0000 0000 0000 0000 0000 0000 0000 0000 0000 0000 0000 0000 0000 0000 0000 0000 0000 0000 0000 0000 0000 0000 0000 0000 0000 0000 0000 0000 0000 0000 0000 0000 0000 0000 0000 0000 0000 0000 0000 0000 0000 0000 0000 0000 0000 0000 0000 0000 0000 0000 0000 0000 0000 0000 0000 0000 0000 0000 0000 0000 0000 0000 0000 0000 0000 0000 0000 0000 0000 0000 0000 0000 0000 0000 0000 0000 0000 0000 0000 0000 0000 0000 0000 0000 0000 0000 0000 0000 0000 0000 0000 0000 0000 0000 0000 0000 0000 0000 0000 0000 0000 0000 0000 0000 0000 0000 0000 0000 0000 0000 0000 0000 0000 0000 0000 0000 0000 0000 0000 0000 0000 0000 0000 0000 0000 0000 0000 0000 0000 0000 0000 0000 0000 0000 0000 0000 0000 0000 0000 0000 0000 0000 0000 0000 0000 0000 0000 0000 0000 0000 0000 0000 0000 0000 0000 0000 0000 0000 0000 0000 0000 0000 
[0;32mI (117885) SPI_SLAVE: pushed into queue[0m

[0;32mI (117885) MQTT_TASK: Read from queue[0m
[0;32mI (118725) SPI_SLAVE: Expected: 720 bytes, Got: 720 bytes[0m
[0;32mI (118725) SPI_SLAVE: Received uint16_t data:[0m
0000 0000 0000 0000 0000 0000 0000 0000 0000 0000 0000 0000 0000 0000 0000 0000 0000 0000 0000 0000 0000 0000 0000 0000 0000 0000 0000 0000 0000 0000 0000 0000 0000 0000 0000 0000 0000 0000 0000 0000 0000 0000 0000 0000 0000 0000 0000 0000 0000 0000 0000 0000 0000 0000 0000 0000 0000 0000 0000 0000 0000 0000 0000 0000 0000 0000 0000 0000 0000 0000 0000 0000 0000 0000 0000 0000 0000 0000 0000 0000 0000 0000 0000 0000 0000 0000 0000 0000 0000 0000 0000 0000 0000 0000 0000 0000 0000 0000 0000 0000 0000 0000 0000 0000 0000 0000 0000 0000 0000 0000 0000 0000 0000 0000 0000 0000 0000 0000 0000 0000 0000 0000 0000 0000 0000 0000 0000 0000 0000 0000 0000 0000 0000 0000 0000 0000 0000 0000 0000 0000 0000 0000 0000 0000 0000 0000 0000 0000 0000 0000 0000 0000 0000 0000 0000 0000 0000 0000 0000 0000 0000 0000 0000 0000 0000 0000 0000 0000 0000 0000 0000 0000 0000 0000 0000 0000 0000 0000 0000 0000 0000 0000 0000 0000 0000 0000 0000 0000 0000 0000 0000 0000 0000 0000 0000 0000 0000 0000 0000 0000 0000 0000 0000 0000 0000 0000 0000 0000 0000 0000 0000 0000 0000 0000 0000 0000 0000 0000 0000 0000 0000 0000 0000 0000 0000 0000 0000 0000 0000 0000 0000 0000 0000 0000 0000 0000 0000 0000 0000 0000 0000 0000 0000 0000 0000 0000 0000 0000 0000 0000 0000 0000 0000 0000 0000 0000 0000 0000 0000 0000 0000 0000 0000 0000 0000 0000 0000 0000 0000 0000 0000 0000 0000 0000 0000 0000 0000 0000 0000 0000 0000 0000 0000 0000 0000 0000 0000 0000 0000 0000 0000 0000 0000 0000 0000 0000 0000 0000 0000 0000 0000 0000 0000 0000 0000 0000 0000 0000 0000 0000 0000 0000 0000 0000 0000 0000 0000 0000 0000 0000 0000 0000 0000 0000 0000 0000 0000 0000 0000 0000 0000 0000 0000 0000 0000 0000 0000 0000 0000 0000 0000 0000 0000 0000 0000 0000 0000 0000 0000 0000 0000 0000 0000 0000 0000 0000 0000 0000 0000 0000 
[0;32mI (118885) SPI_SLAVE: pushed into queue[0m

[0;32mI (118885) MQTT_TASK: Read from queue[0m
[0;32mI (119475) WIFI: retry to connect to the AP[0m
[0;32mI (119475) WIFI: connect to the AP fail[0m
[0;32mI (119725) SPI_SLAVE: Expected: 720 bytes, Got: 720 bytes[0m
[0;32mI (119725) SPI_SLAVE: Received uint16_t data:[0m
0000 0000 0000 0000 0000 0000 0000 0000 0000 0000 0000 0000 0000 0000 0000 0000 0000 0000 0000 0000 0000 0000 0000 0000 0000 0000 0000 0000 0000 0000 0000 0000 0000 0000 0000 0000 0000 0000 0000 0000 0000 0000 0000 0000 0000 0000 0000 0000 0000 0000 0000 0000 0000 0000 0000 0000 0000 0000 0000 0000 0000 0000 0000 0000 0000 0000 0000 0000 0000 0000 0000 0000 0000 0000 0000 0000 0000 0000 0000 0000 0000 0000 0000 0000 0000 0000 0000 0000 0000 0000 0000 0000 0000 0000 0000 0000 0000 0000 0000 0000 0000 0000 0000 0000 0000 0000 0000 0000 0000 0000 0000 0000 0000 0000 0000 0000 0000 0000 0000 0000 0000 0000 0000 0000 0000 0000 0000 0000 0000 0000 0000 0000 0000 0000 0000 0000 0000 0000 0000 0000 0000 0000 0000 0000 0000 0000 0000 0000 0000 0000 0000 0000 0000 0000 0000 0000 0000 0000 0000 0000 0000 0000 0000 0000 0000 0000 0000 0000 0000 0000 0000 0000 0000 0000 0000 0000 0000 0000 0000 0000 0000 0000 0000 0000 0000 0000 0000 0000 0000 0000 0000 0000 0000 0000 0000 0000 0000 0000 0000 0000 0000 0000 0000 0000 0000 0000 0000 0000 0000 0000 0000 0000 0000 0000 0000 0000 0000 0000 0000 0000 0000 0000 0000 0000 0000 0000 0000 0000 0000 0000 0000 0000 0000 0000 0000 0000 0000 0000 0000 0000 0000 0000 0000 0000 0000 0000 0000 0000 0000 0000 0000 0000 0000 0000 0000 0000 0000 0000 0000 0000 0000 0000 0000 0000 0000 0000 0000 0000 0000 0000 0000 0000 0000 0000 0000 0000 0000 0000 0000 0000 0000 0000 0000 0000 0000 0000 0000 0000 0000 0000 0000 0000 0000 0000 0000 0000 0000 0000 0000 0000 0000 0000 0000 0000 0000 0000 0000 0000 0000 0000 0000 0000 0000 0000 0000 0000 0000 0000 0000 0000 0000 0000 0000 0000 0000 0000 0000 0000 0000 0000 0000 0000 0000 0000 0000 0000 0000 0000 0000 0000 0000 0000 0000 0000 0000 0000 0000 0000 0000 0000 0000 0000 0000 0000 0000 0000 0000 0000 0000 0000 
[0;32mI (119885) MQTT_TASK: Read from queue[0m
[0;32mI (119885) SPI_SLAVE: pushed into queue[0m

[0;32mI (120725) SPI_SLAVE: Expected: 720 bytes, Got: 720 bytes[0m
[0;32mI (120725) SPI_SLAVE: Received uint16_t data:[0m
0000 0000 0000 0000 0000 0000 0000 0000 0000 0000 0000 0000 0000 0000 0000 0000 0000 0000 0000 0000 0000 0000 0000 0000 0000 0000 0000 0000 0000 0000 0000 0000 0000 0000 0000 0000 0000 0000 0000 0000 0000 0000 0000 0000 0000 0000 0000 0000 0000 0000 0000 0000 0000 0000 0000 0000 0000 0000 0000 0000 0000 0000 0000 0000 0000 0000 0000 0000 0000 0000 0000 0000 0000 0000 0000 0000 0000 0000 0000 0000 0000 0000 0000 0000 0000 0000 0000 0000 0000 0000 0000 0000 0000 0000 0000 0000 0000 0000 0000 0000 0000 0000 0000 0000 0000 0000 0000 0000 0000 0000 0000 0000 0000 0000 0000 0000 0000 0000 0000 0000 0000 0000 0000 0000 0000 0000 0000 0000 0000 0000 0000 0000 0000 0000 0000 0000 0000 0000 0000 0000 0000 0000 0000 0000 0000 0000 0000 0000 0000 0000 0000 0000 0000 0000 0000 0000 0000 0000 0000 0000 0000 0000 0000 0000 0000 0000 0000 0000 0000 0000 0000 0000 0000 0000 0000 0000 0000 0000 0000 0000 0000 0000 0000 0000 0000 0000 0000 0000 0000 0000 0000 0000 0000 0000 0000 0000 0000 0000 0000 0000 0000 0000 0000 0000 0000 0000 0000 0000 0000 0000 0000 0000 0000 0000 0000 0000 0000 0000 0000 0000 0000 0000 0000 0000 0000 0000 0000 0000 0000 0000 0000 0000 0000 0000 0000 0000 0000 0000 0000 0000 0000 0000 0000 0000 0000 0000 0000 0000 0000 0000 0000 0000 0000 0000 0000 0000 0000 0000 0000 0000 0000 0000 0000 0000 0000 0000 0000 0000 0000 0000 0000 0000 0000 0000 0000 0000 0000 0000 0000 0000 0000 0000 0000 0000 0000 0000 0000 0000 0000 0000 0000 0000 0000 0000 0000 0000 0000 0000 0000 0000 0000 0000 0000 0000 0000 0000 0000 0000 0000 0000 0000 0000 0000 0000 0000 0000 0000 0000 0000 0000 0000 0000 0000 0000 0000 0000 0000 0000 0000 0000 0000 0000 0000 0000 0000 0000 0000 0000 0000 0000 0000 0000 0000 0000 0000 0000 0000 0000 0000 0000 0000 0000 0000 0000 0000 0000 0000 0000 0000 0000 
[0;32mI (120885) SPI_SLAVE: pushed into queue[0m

[0;32mI (120885) MQTT_TASK: Read from queue[0m
[0;32mI (121725) SPI_SLAVE: Expected: 720 bytes, Got: 720 bytes[0m
[0;32mI (121725) SPI_SLAVE: Received uint16_t data:[0m
0000 0000 0000 0000 0000 0000 0000 0000 0000 0000 0000 0000 0000 0000 0000 0000 0000 0000 0000 0000 0000 0000 0000 0000 0000 0000 0000 0000 0000 0000 0000 0000 0000 0000 0000 0000 0000 0000 0000 0000 0000 0000 0000 0000 0000 0000 0000 0000 0000 0000 0000 0000 0000 0000 0000 0000 0000 0000 0000 0000 0000 0000 0000 0000 0000 0000 0000 0000 0000 0000 0000 0000 0000 0000 0000 0000 0000 0000 0000 0000 0000 0000 0000 0000 0000 0000 0000 0000 0000 0000 0000 0000 0000 0000 0000 0000 0000 0000 0000 0000 0000 0000 0000 0000 0000 0000 0000 0000 0000 0000 0000 0000 0000 0000 0000 0000 0000 0000 0000 0000 0000 0000 0000 0000 0000 0000 0000 0000 0000 0000 0000 0000 0000 0000 0000 0000 0000 0000 0000 0000 0000 0000 0000 0000 0000 0000 0000 0000 0000 0000 0000 0000 0000 0000 0000 0000 0000 0000 0000 0000 0000 0000 0000 0000 0000 0000 0000 0000 0000 0000 0000 0000 0000 0000 0000 0000 0000 0000 0000 0000 0000 0000 0000 0000 0000 0000 0000 0000 0000 0000 0000 0000 0000 0000 0000 0000 0000 0000 0000 0000 0000 0000 0000 0000 0000 0000 0000 0000 0000 0000 0000 0000 0000 0000 0000 0000 0000 0000 0000 0000 0000 0000 0000 0000 0000 0000 0000 0000 0000 0000 0000 0000 0000 0000 0000 0000 0000 0000 0000 0000 0000 0000 0000 0000 0000 0000 0000 0000 0000 0000 0000 0000 0000 0000 0000 0000 0000 0000 0000 0000 0000 0000 0000 0000 0000 0000 0000 0000 0000 0000 0000 0000 0000 0000 0000 0000 0000 0000 0000 0000 0000 0000 0000 0000 0000 0000 0000 0000 0000 0000 0000 0000 0000 0000 0000 0000 0000 0000 0000 0000 0000 0000 0000 0000 0000 0000 0000 0000 0000 0000 0000 0000 0000 0000 0000 0000 0000 0000 0000 0000 0000 0000 0000 0000 0000 0000 0000 0000 0000 0000 0000 0000 0000 0000 0000 0000 0000 0000 0000 0000 0000 0000 0000 0000 0000 0000 0000 0000 0000 0000 0000 0000 0000 0000 0000 0000 0000 0000 0000 0000 
[0;32mI (121885) SPI_SLAVE: pushed into queue[0m

[0;32mI (121885) MQTT_TASK: Read from queue[0m
[0;32mI (121885) WIFI: retry to connect to the AP[0m
[0;32mI (121895) WIFI: connect to the AP fail[0m
[0;32mI (122725) SPI_SLAVE: Expected: 720 bytes, Got: 720 bytes[0m
[0;32mI (122725) SPI_SLAVE: Received uint16_t data:[0m
0000 0000 0000 0000 0000 0000 0000 0000 0000 0000 0000 0000 0000 0000 0000 0000 0000 0000 0000 0000 0000 0000 0000 0000 0000 0000 0000 0000 0000 0000 0000 0000 0000 0000 0000 0000 0000 0000 0000 0000 0000 0000 0000 0000 0000 0000 0000 0000 0000 0000 0000 0000 0000 0000 0000 0000 0000 0000 0000 0000 0000 0000 0000 0000 0000 0000 0000 0000 0000 0000 0000 0000 0000 0000 0000 0000 0000 0000 0000 0000 0000 0000 0000 0000 0000 0000 0000 0000 0000 0000 0000 0000 0000 0000 0000 0000 0000 0000 0000 0000 0000 0000 0000 0000 0000 0000 0000 0000 0000 0000 0000 0000 0000 0000 0000 0000 0000 0000 0000 0000 0000 0000 0000 0000 0000 0000 0000 0000 0000 0000 0000 0000 0000 0000 0000 0000 0000 0000 0000 0000 0000 0000 0000 0000 0000 0000 0000 0000 0000 0000 0000 0000 0000 0000 0000 0000 0000 0000 0000 0000 0000 0000 0000 0000 0000 0000 0000 0000 0000 0000 0000 0000 0000 0000 0000 0000 0000 0000 0000 0000 0000 0000 0000 0000 0000 0000 0000 0000 0000 0000 0000 0000 0000 0000 0000 0000 0000 0000 0000 0000 0000 0000 0000 0000 0000 0000 0000 0000 0000 0000 0000 0000 0000 0000 0000 0000 0000 0000 0000 0000 0000 0000 0000 0000 0000 0000 0000 0000 0000 0000 0000 0000 0000 0000 0000 0000 0000 0000 0000 0000 0000 0000 0000 0000 0000 0000 0000 0000 0000 0000 0000 0000 0000 0000 0000 0000 0000 0000 0000 0000 0000 0000 0000 0000 0000 0000 0000 0000 0000 0000 0000 0000 0000 0000 0000 0000 0000 0000 0000 0000 0000 0000 0000 0000 0000 0000 0000 0000 0000 0000 0000 0000 0000 0000 0000 0000 0000 0000 0000 0000 0000 0000 0000 0000 0000 0000 0000 0000 0000 0000 0000 0000 0000 0000 0000 0000 0000 0000 0000 0000 0000 0000 0000 0000 0000 0000 0000 0000 0000 0000 0000 0000 0000 0000 0000 0000 0000 0000 0000 0000 0000 0000 0000 0000 0000 0000 0000 0000 0000 0000 0000 0000 0000 0000 0000 0000 0000 0000 0000 0000 
[0;32mI (122885) MQTT_TASK: Read from queue[0m
[0;32mI (122885) SPI_SLAVE: pushed into queue[0m

[0;32mI (123725) SPI_SLAVE: Expected: 720 bytes, Got: 720 bytes[0m
[0;32mI (123725) SPI_SLAVE: Received uint16_t data:[0m
0000 0000 0000 0000 0000 0000 0000 0000 0000 0000 0000 0000 0000 0000 0000 0000 0000 0000 0000 0000 0000 0000 0000 0000 0000 0000 0000 0000 0000 0000 0000 0000 0000 0000 0000 0000 0000 0000 0000 0000 0000 0000 0000 0000 0000 0000 0000 0000 0000 0000 0000 0000 0000 0000 0000 0000 0000 0000 0000 0000 0000 0000 0000 0000 0000 0000 0000 0000 0000 0000 0000 0000 0000 0000 0000 0000 0000 0000 0000 0000 0000 0000 0000 0000 0000 0000 0000 0000 0000 0000 0000 0000 0000 0000 0000 0000 0000 0000 0000 0000 0000 0000 0000 0000 0000 0000 0000 0000 0000 0000 0000 0000 0000 0000 0000 0000 0000 0000 0000 0000 0000 0000 0000 0000 0000 0000 0000 0000 0000 0000 0000 0000 0000 0000 0000 0000 0000 0000 0000 0000 0000 0000 0000 0000 0000 0000 0000 0000 0000 0000 0000 0000 0000 0000 0000 0000 0000 0000 0000 0000 0000 0000 0000 0000 0000 0000 0000 0000 0000 0000 0000 0000 0000 0000 0000 0000 0000 0000 0000 0000 0000 0000 0000 0000 0000 0000 0000 0000 0000 0000 0000 0000 0000 0000 0000 0000 0000 0000 0000 0000 0000 0000 0000 0000 0000 0000 0000 0000 0000 0000 0000 0000 0000 0000 0000 0000 0000 0000 0000 0000 0000 0000 0000 0000 0000 0000 0000 0000 0000 0000 0000 0000 0000 0000 0000 0000 0000 0000 0000 0000 0000 0000 0000 0000 0000 0000 0000 0000 0000 0000 0000 0000 0000 0000 0000 0000 0000 0000 0000 0000 0000 0000 0000 0000 0000 0000 0000 0000 0000 0000 0000 0000 0000 0000 0000 0000 0000 0000 0000 0000 0000 0000 0000 0000 0000 0000 0000 0000 0000 0000 0000 0000 0000 0000 0000 0000 0000 0000 0000 0000 0000 0000 0000 0000 0000 0000 0000 0000 0000 0000 0000 0000 0000 0000 0000 0000 0000 0000 0000 0000 0000 0000 0000 0000 0000 0000 0000 0000 0000 0000 0000 0000 0000 0000 0000 0000 0000 0000 0000 0000 0000 0000 0000 0000 0000 0000 0000 0000 0000 0000 0000 0000 0000 0000 0000 0000 0000 0000 0000 0000 
[0;32mI (123885) SPI_SLAVE: pushed into queue[0m

[0;32mI (123885) MQTT_TASK: Read from queue[0m
[0;32mI (124305) WIFI: retry to connect to the AP[0m
[0;32mI (124305) WIFI: connect to the AP fail[0m
[0;32mI (124725) SPI_SLAVE: Expected: 720 bytes, Got: 720 bytes[0m
[0;32mI (124725) SPI_SLAVE: Received uint16_t data:[0m
0000 0000 0000 0000 0000 0000 0000 0000 0000 0000 0000 0000 0000 0000 0000 0000 0000 0000 0000 0000 0000 0000 0000 0000 0000 0000 0000 0000 0000 0000 0000 0000 0000 0000 0000 0000 0000 0000 0000 0000 0000 0000 0000 0000 0000 0000 0000 0000 0000 0000 0000 0000 0000 0000 0000 0000 0000 0000 0000 0000 0000 0000 0000 0000 0000 0000 0000 0000 0000 0000 0000 0000 0000 0000 0000 0000 0000 0000 0000 0000 0000 0000 0000 0000 0000 0000 0000 0000 0000 0000 0000 0000 0000 0000 0000 0000 0000 0000 0000 0000 0000 0000 0000 0000 0000 0000 0000 0000 0000 0000 0000 0000 0000 0000 0000 0000 0000 0000 0000 0000 0000 0000 0000 0000 0000 0000 0000 0000 0000 0000 0000 0000 0000 0000 0000 0000 0000 0000 0000 0000 0000 0000 0000 0000 0000 0000 0000 0000 0000 0000 0000 0000 0000 0000 0000 0000 0000 0000 0000 0000 0000 0000 0000 0000 0000 0000 0000 0000 0000 0000 0000 0000 0000 0000 0000 0000 0000 0000 0000 0000 0000 0000 0000 0000 0000 0000 0000 0000 0000 0000 0000 0000 0000 0000 0000 0000 0000 0000 0000 0000 0000 0000 0000 0000 0000 0000 0000 0000 0000 0000 0000 0000 0000 0000 0000 0000 0000 0000 0000 0000 0000 0000 0000 0000 0000 0000 0000 0000 0000 0000 0000 0000 0000 0000 0000 0000 0000 0000 0000 0000 0000 0000 0000 0000 0000 0000 0000 0000 0000 0000 0000 0000 0000 0000 0000 0000 0000 0000 0000 0000 0000 0000 0000 0000 0000 0000 0000 0000 0000 0000 0000 0000 0000 0000 0000 0000 0000 0000 0000 0000 0000 0000 0000 0000 0000 0000 0000 0000 0000 0000 0000 0000 0000 0000 0000 0000 0000 0000 0000 0000 0000 0000 0000 0000 0000 0000 0000 0000 0000 0000 0000 0000 0000 0000 0000 0000 0000 0000 0000 0000 0000 0000 0000 0000 0000 0000 0000 0000 0000 0000 0000 0000 0000 0000 0000 0000 0000 0000 0000 0000 0000 0000 0000 0000 0000 0000 0000 0000 0000 0000 0000 0000 0000 0000 0000 0000 0000 0000 0000 0000 
[0;32mI (124885) MQTT_TASK: Read from queue[0m
[0;32mI (124885) SPI_SLAVE: pushed into queue[0m

[0;32mI (125725) SPI_SLAVE: Expected: 720 bytes, Got: 720 bytes[0m
[0;32mI (125725) SPI_SLAVE: Received uint16_t data:[0m
0000 0000 0000 0000 0000 0000 0000 0000 0000 0000 0000 0000 0000 0000 0000 0000 0000 0000 0000 0000 0000 0000 0000 0000 0000 0000 0000 0000 0000 0000 0000 0000 0000 0000 0000 0000 0000 0000 0000 0000 0000 0000 0000 0000 0000 0000 0000 0000 0000 0000 0000 0000 0000 0000 0000 0000 0000 0000 0000 0000 0000 0000 0000 0000 0000 0000 0000 0000 0000 0000 0000 0000 0000 0000 0000 0000 0000 0000 0000 0000 0000 0000 0000 0000 0000 0000 0000 0000 0000 0000 0000 0000 0000 0000 0000 0000 0000 0000 0000 0000 0000 0000 0000 0000 0000 0000 0000 0000 0000 0000 0000 0000 0000 0000 0000 0000 0000 0000 0000 0000 0000 0000 0000 0000 0000 0000 0000 0000 0000 0000 0000 0000 0000 0000 0000 0000 0000 0000 0000 0000 0000 0000 0000 0000 0000 0000 0000 0000 0000 0000 0000 0000 0000 0000 0000 0000 0000 0000 0000 0000 0000 0000 0000 0000 0000 0000 0000 0000 0000 0000 0000 0000 0000 0000 0000 0000 0000 0000 0000 0000 0000 0000 0000 0000 0000 0000 0000 0000 0000 0000 0000 0000 0000 0000 0000 0000 0000 0000 0000 0000 0000 0000 0000 0000 0000 0000 0000 0000 0000 0000 0000 0000 0000 0000 0000 0000 0000 0000 0000 0000 0000 0000 0000 0000 0000 0000 0000 0000 0000 0000 0000 0000 0000 0000 0000 0000 0000 0000 0000 0000 0000 0000 0000 0000 0000 0000 0000 0000 0000 0000 0000 0000 0000 0000 0000 0000 0000 0000 0000 0000 0000 0000 0000 0000 0000 0000 0000 0000 0000 0000 0000 0000 0000 0000 0000 0000 0000 0000 0000 0000 0000 0000 0000 0000 0000 0000 0000 0000 0000 0000 0000 0000 0000 0000 0000 0000 0000 0000 0000 0000 0000 0000 0000 0000 0000 0000 0000 0000 0000 0000 0000 0000 0000 0000 0000 0000 0000 0000 0000 0000 0000 0000 0000 0000 0000 0000 0000 0000 0000 0000 0000 0000 0000 0000 0000 0000 0000 0000 0000 0000 0000 0000 0000 0000 0000 0000 0000 0000 0000 0000 0000 0000 0000 0000 0000 0000 0000 0000 0000 0000 
[0;32mI (125885) SPI_SLAVE: pushed into queue[0m

[0;32mI (125885) MQTT_TASK: Read from queue[0m
[0;32mI (126725) WIFI: retry to connect to the AP[0m
[0;32mI (126725) WIFI: connect to the AP fail[0m
[0;32mI (126725) SPI_SLAVE: Expected: 720 bytes, Got: 720 bytes[0m
[0;32mI (126725) SPI_SLAVE: Received uint16_t data:[0m
0000 0000 0000 0000 0000 0000 0000 0000 0000 0000 0000 0000 0000 0000 0000 0000 0000 0000 0000 0000 0000 0000 0000 0000 0000 0000 0000 0000 0000 0000 0000 0000 0000 0000 0000 0000 0000 0000 0000 0000 0000 0000 0000 0000 0000 0000 0000 0000 0000 0000 0000 0000 0000 0000 0000 0000 0000 0000 0000 0000 0000 0000 0000 0000 0000 0000 0000 0000 0000 0000 0000 0000 0000 0000 0000 0000 0000 0000 0000 0000 0000 0000 0000 0000 0000 0000 0000 0000 0000 0000 0000 0000 0000 0000 0000 0000 0000 0000 0000 0000 0000 0000 0000 0000 0000 0000 0000 0000 0000 0000 0000 0000 0000 0000 0000 0000 0000 0000 0000 0000 0000 0000 0000 0000 0000 0000 0000 0000 0000 0000 0000 0000 0000 0000 0000 0000 0000 0000 0000 0000 0000 0000 0000 0000 0000 0000 0000 0000 0000 0000 0000 0000 0000 0000 0000 0000 0000 0000 0000 0000 0000 0000 0000 0000 0000 0000 0000 0000 0000 0000 0000 0000 0000 0000 0000 0000 0000 0000 0000 0000 0000 0000 0000 0000 0000 0000 0000 0000 0000 0000 0000 0000 0000 0000 0000 0000 0000 0000 0000 0000 0000 0000 0000 0000 0000 0000 0000 0000 0000 0000 0000 0000 0000 0000 0000 0000 0000 0000 0000 0000 0000 0000 0000 0000 0000 0000 0000 0000 0000 0000 0000 0000 0000 0000 0000 0000 0000 0000 0000 0000 0000 0000 0000 0000 0000 0000 0000 0000 0000 0000 0000 0000 0000 0000 0000 0000 0000 0000 0000 0000 0000 0000 0000 0000 0000 0000 0000 0000 0000 0000 0000 0000 0000 0000 0000 0000 0000 0000 0000 0000 0000 0000 0000 0000 0000 0000 0000 0000 0000 0000 0000 0000 0000 0000 0000 0000 0000 0000 0000 0000 0000 0000 0000 0000 0000 0000 0000 0000 0000 0000 0000 0000 0000 0000 0000 0000 0000 0000 0000 0000 0000 0000 0000 0000 0000 0000 0000 0000 0000 0000 0000 0000 0000 0000 0000 0000 0000 0000 0000 0000 0000 0000 0000 0000 0000 0000 0000 0000 0000 0000 0000 0000 0000 0000 0000 0000 0000 0000 0000 0000 
[0;32mI (126885) MQTT_TASK: Read from queue[0m
[0;32mI (126885) SPI_SLAVE: pushed into queue[0m

[0;32mI (127095) MQTT_CLIENT: Unhandled event id: 7[0m
[1;31mE (127095) esp-tls: [sock=54] connect() error: Host is unreachable[0m
[1;31mE (127095) transport_base: Failed to open a new connection: 32772[0m
[1;31mE (127095) mqtt_client: Error transport connect[0m
[0;32mI (127095) MQTT_CLIENT: MQTT_EVENT_ERROR[0m
[0;32mI (127105) MQTT_CLIENT: MQTT_EVENT_DISCONNECTED[0m
[0;32mI (127725) SPI_SLAVE: Expected: 720 bytes, Got: 720 bytes[0m
[0;32mI (127725) SPI_SLAVE: Received uint16_t data:[0m
0000 0000 0000 0000 0000 0000 0000 0000 0000 0000 0000 0000 0000 0000 0000 0000 0000 0000 0000 0000 0000 0000 0000 0000 0000 0000 0000 0000 0000 0000 0000 0000 0000 0000 0000 0000 0000 0000 0000 0000 0000 0000 0000 0000 0000 0000 0000 0000 0000 0000 0000 0000 0000 0000 0000 0000 0000 0000 0000 0000 0000 0000 0000 0000 0000 0000 0000 0000 0000 0000 0000 0000 0000 0000 0000 0000 0000 0000 0000 0000 0000 0000 0000 0000 0000 0000 0000 0000 0000 0000 0000 0000 0000 0000 0000 0000 0000 0000 0000 0000 0000 0000 0000 0000 0000 0000 0000 0000 0000 0000 0000 0000 0000 0000 0000 0000 0000 0000 0000 0000 0000 0000 0000 0000 0000 0000 0000 0000 0000 0000 0000 0000 0000 0000 0000 0000 0000 0000 0000 0000 0000 0000 0000 0000 0000 0000 0000 0000 0000 0000 0000 0000 0000 0000 0000 0000 0000 0000 0000 0000 0000 0000 0000 0000 0000 0000 0000 0000 0000 0000 0000 0000 0000 0000 0000 0000 0000 0000 0000 0000 0000 0000 0000 0000 0000 0000 0000 0000 0000 0000 0000 0000 0000 0000 0000 0000 0000 0000 0000 0000 0000 0000 0000 0000 0000 0000 0000 0000 0000 0000 0000 0000 0000 0000 0000 0000 0000 0000 0000 0000 0000 0000 0000 0000 0000 0000 0000 0000 0000 0000 0000 0000 0000 0000 0000 0000 0000 0000 0000 0000 0000 0000 0000 0000 0000 0000 0000 0000 0000 0000 0000 0000 0000 0000 0000 0000 0000 0000 0000 0000 0000 0000 0000 0000 0000 0000 0000 0000 0000 0000 0000 0000 0000 0000 0000 0000 0000 0000 0000 0000 0000 0000 0000 0000 0000 0000 0000 0000 0000 0000 0000 0000 0000 0000 0000 0000 0000 0000 0000 0000 0000 0000 0000 0000 0000 0000 0000 0000 0000 0000 0000 0000 0000 0000 0000 0000 0000 0000 0000 0000 0000 0000 0000 0000 0000 0000 0000 0000 0000 0000 0000 0000 0000 0000 0000 0000 0000 0000 0000 0000 0000 0000 0000 0000 0000 0000 0000 0000 0000 0000 0000 0000 0000 0000 0000 0000 0000 0000 0000 0000 
[0;32mI (127885) MQTT_TASK: Read from queue[0m
[0;32mI (127885) SPI_SLAVE: pushed into queue[0m

[0;32mI (128725) SPI_SLAVE: Expected: 720 bytes, Got: 720 bytes[0m
[0;32mI (128725) SPI_SLAVE: Received uint16_t data:[0m
0000 0000 0000 0000 0000 0000 0000 0000 0000 0000 0000 0000 0000 0000 0000 0000 0000 0000 0000 0000 0000 0000 0000 0000 0000 0000 0000 0000 0000 0000 0000 0000 0000 0000 0000 0000 0000 0000 0000 0000 0000 0000 0000 0000 0000 0000 0000 0000 0000 0000 0000 0000 0000 0000 0000 0000 0000 0000 0000 0000 0000 0000 0000 0000 0000 0000 0000 0000 0000 0000 0000 0000 0000 0000 0000 0000 0000 0000 0000 0000 0000 0000 0000 0000 0000 0000 0000 0000 0000 0000 0000 0000 0000 0000 0000 0000 0000 0000 0000 0000 0000 0000 0000 0000 0000 0000 0000 0000 0000 0000 0000 0000 0000 0000 0000 0000 0000 0000 0000 0000 0000 0000 0000 0000 0000 0000 0000 0000 0000 0000 0000 0000 0000 0000 0000 0000 0000 0000 0000 0000 0000 0000 0000 0000 0000 0000 0000 0000 0000 0000 0000 0000 0000 0000 0000 0000 0000 0000 0000 0000 0000 0000 0000 0000 0000 0000 0000 0000 0000 0000 0000 0000 0000 0000 0000 0000 0000 0000 0000 0000 0000 0000 0000 0000 0000 0000 0000 0000 0000 0000 0000 0000 0000 0000 0000 0000 0000 0000 0000 0000 0000 0000 0000 0000 0000 0000 0000 0000 0000 0000 0000 0000 0000 0000 0000 0000 0000 0000 0000 0000 0000 0000 0000 0000 0000 0000 0000 0000 0000 0000 0000 0000 0000 0000 0000 0000 0000 0000 0000 0000 0000 0000 0000 0000 0000 0000 0000 0000 0000 0000 0000 0000 0000 0000 0000 0000 0000 0000 0000 0000 0000 0000 0000 0000 0000 0000 0000 0000 0000 0000 0000 0000 0000 0000 0000 0000 0000 0000 0000 0000 0000 0000 0000 0000 0000 0000 0000 0000 0000 0000 0000 0000 0000 0000 0000 0000 0000 0000 0000 0000 0000 0000 0000 0000 0000 0000 0000 0000 0000 0000 0000 0000 0000 0000 0000 0000 0000 0000 0000 0000 0000 0000 0000 0000 0000 0000 0000 0000 0000 0000 0000 0000 0000 0000 0000 0000 0000 0000 0000 0000 0000 0000 0000 0000 0000 0000 0000 0000 0000 0000 0000 0000 0000 0000 0000 0000 0000 0000 0000 0000 
[0;32mI (128885) SPI_SLAVE: pushed into queue[0m

[0;32mI (128885) MQTT_TASK: Read from queue[0m
[0;32mI (129135) WIFI: retry to connect to the AP[0m
[0;32mI (129145) WIFI: connect to the AP fail[0m
[0;32mI (129725) SPI_SLAVE: Expected: 720 bytes, Got: 720 bytes[0m
[0;32mI (129725) SPI_SLAVE: Received uint16_t data:[0m
0000 0000 0000 0000 0000 0000 0000 0000 0000 0000 0000 0000 0000 0000 0000 0000 0000 0000 0000 0000 0000 0000 0000 0000 0000 0000 0000 0000 0000 0000 0000 0000 0000 0000 0000 0000 0000 0000 0000 0000 0000 0000 0000 0000 0000 0000 0000 0000 0000 0000 0000 0000 0000 0000 0000 0000 0000 0000 0000 0000 0000 0000 0000 0000 0000 0000 0000 0000 0000 0000 0000 0000 0000 0000 0000 0000 0000 0000 0000 0000 0000 0000 0000 0000 0000 0000 0000 0000 0000 0000 0000 0000 0000 0000 0000 0000 0000 0000 0000 0000 0000 0000 0000 0000 0000 0000 0000 0000 0000 0000 0000 0000 0000 0000 0000 0000 0000 0000 0000 0000 0000 0000 0000 0000 0000 0000 0000 0000 0000 0000 0000 0000 0000 0000 0000 0000 0000 0000 0000 0000 0000 0000 0000 0000 0000 0000 0000 0000 0000 0000 0000 0000 0000 0000 0000 0000 0000 0000 0000 0000 0000 0000 0000 0000 0000 0000 0000 0000 0000 0000 0000 0000 0000 0000 0000 0000 0000 0000 0000 0000 0000 0000 0000 0000 0000 0000 0000 0000 0000 0000 0000 0000 0000 0000 0000 0000 0000 0000 0000 0000 0000 0000 0000 0000 0000 0000 0000 0000 0000 0000 0000 0000 0000 0000 0000 0000 0000 0000 0000 0000 0000 0000 0000 0000 0000 0000 0000 0000 0000 0000 0000 0000 0000 0000 0000 0000 0000 0000 0000 0000 0000 0000 0000 0000 0000 0000 0000 0000 0000 0000 0000 0000 0000 0000 0000 0000 0000 0000 0000 0000 0000 0000 0000 0000 0000 0000 0000 0000 0000 0000 0000 0000 0000 0000 0000 0000 0000 0000 0000 0000 0000 0000 0000 0000 0000 0000 0000 0000 0000 0000 0000 0000 0000 0000 0000 0000 0000 0000 0000 0000 0000 0000 0000 0000 0000 0000 0000 0000 0000 0000 0000 0000 0000 0000 0000 0000 0000 0000 0000 0000 0000 0000 0000 0000 0000 0000 0000 0000 0000 0000 0000 0000 0000 0000 0000 0000 0000 0000 0000 0000 0000 0000 0000 0000 0000 0000 0000 0000 0000 0000 0000 0000 0000 0000 0000 0000 0000 0000 0000 0000 
[0;32mI (129885) MQTT_TASK: Read from queue[0m
[0;32mI (129885) SPI_SLAVE: pushed into queue[0m

[0;32mI (130725) SPI_SLAVE: Expected: 720 bytes, Got: 720 bytes[0m
[0;32mI (130725) SPI_SLAVE: Received uint16_t data:[0m
0000 0000 0000 0000 0000 0000 0000 0000 0000 0000 0000 0000 0000 0000 0000 0000 0000 0000 0000 0000 0000 0000 0000 0000 0000 0000 0000 0000 0000 0000 0000 0000 0000 0000 0000 0000 0000 0000 0000 0000 0000 0000 0000 0000 0000 0000 0000 0000 0000 0000 0000 0000 0000 0000 0000 0000 0000 0000 0000 0000 0000 0000 0000 0000 0000 0000 0000 0000 0000 0000 0000 0000 0000 0000 0000 0000 0000 0000 0000 0000 0000 0000 0000 0000 0000 0000 0000 0000 0000 0000 0000 0000 0000 0000 0000 0000 0000 0000 0000 0000 0000 0000 0000 0000 0000 0000 0000 0000 0000 0000 0000 0000 0000 0000 0000 0000 0000 0000 0000 0000 0000 0000 0000 0000 0000 0000 0000 0000 0000 0000 0000 0000 0000 0000 0000 0000 0000 0000 0000 0000 0000 0000 0000 0000 0000 0000 0000 0000 0000 0000 0000 0000 0000 0000 0000 0000 0000 0000 0000 0000 0000 0000 0000 0000 0000 0000 0000 0000 0000 0000 0000 0000 0000 0000 0000 0000 0000 0000 0000 0000 0000 0000 0000 0000 0000 0000 0000 0000 0000 0000 0000 0000 0000 0000 0000 0000 0000 0000 0000 0000 0000 0000 0000 0000 0000 0000 0000 0000 0000 0000 0000 0000 0000 0000 0000 0000 0000 0000 0000 0000 0000 0000 0000 0000 0000 0000 0000 0000 0000 0000 0000 0000 0000 0000 0000 0000 0000 0000 0000 0000 0000 0000 0000 0000 0000 0000 0000 0000 0000 0000 0000 0000 0000 0000 0000 0000 0000 0000 0000 0000 0000 0000 0000 0000 0000 0000 0000 0000 0000 0000 0000 0000 0000 0000 0000 0000 0000 0000 0000 0000 0000 0000 0000 0000 0000 0000 0000 0000 0000 0000 0000 0000 0000 0000 0000 0000 0000 0000 0000 0000 0000 0000 0000 0000 0000 0000 0000 0000 0000 0000 0000 0000 0000 0000 0000 0000 0000 0000 0000 0000 0000 0000 0000 0000 0000 0000 0000 0000 0000 0000 0000 0000 0000 0000 0000 0000 0000 0000 0000 0000 0000 0000 0000 0000 0000 0000 0000 0000 0000 0000 0000 0000 0000 0000 0000 0000 0000 0000 0000 0000 
[0;32mI (130885) SPI_SLAVE: pushed into queue[0m

[0;32mI (130885) MQTT_TASK: Read from queue[0m
[0;32mI (131555) WIFI: retry to connect to the AP[0m
[0;32mI (131555) WIFI: connect to the AP fail[0m
[0;32mI (131725) SPI_SLAVE: Expected: 720 bytes, Got: 720 bytes[0m
[0;32mI (131725) SPI_SLAVE: Received uint16_t data:[0m
0000 0000 0000 0000 0000 0000 0000 0000 0000 0000 0000 0000 0000 0000 0000 0000 0000 0000 0000 0000 0000 0000 0000 0000 0000 0000 0000 0000 0000 0000 0000 0000 0000 0000 0000 0000 0000 0000 0000 0000 0000 0000 0000 0000 0000 0000 0000 0000 0000 0000 0000 0000 0000 0000 0000 0000 0000 0000 0000 0000 0000 0000 0000 0000 0000 0000 0000 0000 0000 0000 0000 0000 0000 0000 0000 0000 0000 0000 0000 0000 0000 0000 0000 0000 0000 0000 0000 0000 0000 0000 0000 0000 0000 0000 0000 0000 0000 0000 0000 0000 0000 0000 0000 0000 0000 0000 0000 0000 0000 0000 0000 0000 0000 0000 0000 0000 0000 0000 0000 0000 0000 0000 0000 0000 0000 0000 0000 0000 0000 0000 0000 0000 0000 0000 0000 0000 0000 0000 0000 0000 0000 0000 0000 0000 0000 0000 0000 0000 0000 0000 0000 0000 0000 0000 0000 0000 0000 0000 0000 0000 0000 0000 0000 0000 0000 0000 0000 0000 0000 0000 0000 0000 0000 0000 0000 0000 0000 0000 0000 0000 0000 0000 0000 0000 0000 0000 0000 0000 0000 0000 0000 0000 0000 0000 0000 0000 0000 0000 0000 0000 0000 0000 0000 0000 0000 0000 0000 0000 0000 0000 0000 0000 0000 0000 0000 0000 0000 0000 0000 0000 0000 0000 0000 0000 0000 0000 0000 0000 0000 0000 0000 0000 0000 0000 0000 0000 0000 0000 0000 0000 0000 0000 0000 0000 0000 0000 0000 0000 0000 0000 0000 0000 0000 0000 0000 0000 0000 0000 0000 0000 0000 0000 0000 0000 0000 0000 0000 0000 0000 0000 0000 0000 0000 0000 0000 0000 0000 0000 0000 0000 0000 0000 0000 0000 0000 0000 0000 0000 0000 0000 0000 0000 0000 0000 0000 0000 0000 0000 0000 0000 0000 0000 0000 0000 0000 0000 0000 0000 0000 0000 0000 0000 0000 0000 0000 0000 0000 0000 0000 0000 0000 0000 0000 0000 0000 0000 0000 0000 0000 0000 0000 0000 0000 0000 0000 0000 0000 0000 0000 0000 0000 0000 0000 0000 0000 0000 0000 0000 0000 0000 0000 0000 0000 0000 0000 0000 0000 0000 0000 0000 
[0;32mI (131885) MQTT_TASK: Read from queue[0m
[0;32mI (131885) SPI_SLAVE: pushed into queue[0m

[0;32mI (132725) SPI_SLAVE: Expected: 720 bytes, Got: 720 bytes[0m
[0;32mI (132725) SPI_SLAVE: Received uint16_t data:[0m
0000 0000 0000 0000 0000 0000 0000 0000 0000 0000 0000 0000 0000 0000 0000 0000 0000 0000 0000 0000 0000 0000 0000 0000 0000 0000 0000 0000 0000 0000 0000 0000 0000 0000 0000 0000 0000 0000 0000 0000 0000 0000 0000 0000 0000 0000 0000 0000 0000 0000 0000 0000 0000 0000 0000 0000 0000 0000 0000 0000 0000 0000 0000 0000 0000 0000 0000 0000 0000 0000 0000 0000 0000 0000 0000 0000 0000 0000 0000 0000 0000 0000 0000 0000 0000 0000 0000 0000 0000 0000 0000 0000 0000 0000 0000 0000 0000 0000 0000 0000 0000 0000 0000 0000 0000 0000 0000 0000 0000 0000 0000 0000 0000 0000 0000 0000 0000 0000 0000 0000 0000 0000 0000 0000 0000 0000 0000 0000 0000 0000 0000 0000 0000 0000 0000 0000 0000 0000 0000 0000 0000 0000 0000 0000 0000 0000 0000 0000 0000 0000 0000 0000 0000 0000 0000 0000 0000 0000 0000 0000 0000 0000 0000 0000 0000 0000 0000 0000 0000 0000 0000 0000 0000 0000 0000 0000 0000 0000 0000 0000 0000 0000 0000 0000 0000 0000 0000 0000 0000 0000 0000 0000 0000 0000 0000 0000 0000 0000 0000 0000 0000 0000 0000 0000 0000 0000 0000 0000 0000 0000 0000 0000 0000 0000 0000 0000 0000 0000 0000 0000 0000 0000 0000 0000 0000 0000 0000 0000 0000 0000 0000 0000 0000 0000 0000 0000 0000 0000 0000 0000 0000 0000 0000 0000 0000 0000 0000 0000 0000 0000 0000 0000 0000 0000 0000 0000 0000 0000 0000 0000 0000 0000 0000 0000 0000 0000 0000 0000 0000 0000 0000 0000 0000 0000 0000 0000 0000 0000 0000 0000 0000 0000 0000 0000 0000 0000 0000 0000 0000 0000 0000 0000 0000 0000 0000 0000 0000 0000 0000 0000 0000 0000 0000 0000 0000 0000 0000 0000 0000 0000 0000 0000 0000 0000 0000 0000 0000 0000 0000 0000 0000 0000 0000 0000 0000 0000 0000 0000 0000 0000 0000 0000 0000 0000 0000 0000 0000 0000 0000 0000 0000 0000 0000 0000 0000 0000 0000 0000 0000 0000 0000 0000 0000 0000 0000 0000 0000 0000 0000 0000 
[0;32mI (132885) MQTT_TASK: Read from queue[0m
[0;32mI (132885) SPI_SLAVE: pushed into queue[0m

[0;32mI (133725) SPI_SLAVE: Expected: 720 bytes, Got: 720 bytes[0m
[0;32mI (133725) SPI_SLAVE: Received uint16_t data:[0m
0000 0000 0000 0000 0000 0000 0000 0000 0000 0000 0000 0000 0000 0000 0000 0000 0000 0000 0000 0000 0000 0000 0000 0000 0000 0000 0000 0000 0000 0000 0000 0000 0000 0000 0000 0000 0000 0000 0000 0000 0000 0000 0000 0000 0000 0000 0000 0000 0000 0000 0000 0000 0000 0000 0000 0000 0000 0000 0000 0000 0000 0000 0000 0000 0000 0000 0000 0000 0000 0000 0000 0000 0000 0000 0000 0000 0000 0000 0000 0000 0000 0000 0000 0000 0000 0000 0000 0000 0000 0000 0000 0000 0000 0000 0000 0000 0000 0000 0000 0000 0000 0000 0000 0000 0000 0000 0000 0000 0000 0000 0000 0000 0000 0000 0000 0000 0000 0000 0000 0000 0000 0000 0000 0000 0000 0000 0000 0000 0000 0000 0000 0000 0000 0000 0000 0000 0000 0000 0000 0000 0000 0000 0000 0000 0000 0000 0000 0000 0000 0000 0000 0000 0000 0000 0000 0000 0000 0000 0000 0000 0000 0000 0000 0000 0000 0000 0000 0000 0000 0000 0000 0000 0000 0000 0000 0000 0000 0000 0000 0000 0000 0000 0000 0000 0000 0000 0000 0000 0000 0000 0000 0000 0000 0000 0000 0000 0000 0000 0000 0000 0000 0000 0000 0000 0000 0000 0000 0000 0000 0000 0000 0000 0000 0000 0000 0000 0000 0000 0000 0000 0000 0000 0000 0000 0000 0000 0000 0000 0000 0000 0000 0000 0000 0000 0000 0000 0000 0000 0000 0000 0000 0000 0000 0000 0000 0000 0000 0000 0000 0000 0000 0000 0000 0000 0000 0000 0000 0000 0000 0000 0000 0000 0000 0000 0000 0000 0000 0000 0000 0000 0000 0000 0000 0000 0000 0000 0000 0000 0000 0000 0000 0000 0000 0000 0000 0000 0000 0000 0000 0000 0000 0000 0000 0000 0000 0000 0000 0000 0000 0000 0000 0000 0000 0000 0000 0000 0000 0000 0000 0000 0000 0000 0000 0000 0000 0000 0000 0000 0000 0000 0000 0000 0000 0000 0000 0000 0000 0000 0000 0000 0000 0000 0000 0000 0000 0000 0000 0000 0000 0000 0000 0000 0000 0000 0000 0000 0000 0000 0000 0000 0000 0000 0000 0000 0000 0000 0000 0000 0000 0000 
[0;32mI (133885) SPI_SLAVE: pushed into queue[0m

[0;32mI (133885) MQTT_TASK: Read from queue[0m
[0;32mI (133975) WIFI: retry to connect to the AP[0m
[0;32mI (133975) WIFI: connect to the AP fail[0m
[0;32mI (134725) SPI_SLAVE: Expected: 720 bytes, Got: 720 bytes[0m
[0;32mI (134725) SPI_SLAVE: Received uint16_t data:[0m
0000 0000 0000 0000 0000 0000 0000 0000 0000 0000 0000 0000 0000 0000 0000 0000 0000 0000 0000 0000 0000 0000 0000 0000 0000 0000 0000 0000 0000 0000 0000 0000 0000 0000 0000 0000 0000 0000 0000 0000 0000 0000 0000 0000 0000 0000 0000 0000 0000 0000 0000 0000 0000 0000 0000 0000 0000 0000 0000 0000 0000 0000 0000 0000 0000 0000 0000 0000 0000 0000 0000 0000 0000 0000 0000 0000 0000 0000 0000 0000 0000 0000 0000 0000 0000 0000 0000 0000 0000 0000 0000 0000 0000 0000 0000 0000 0000 0000 0000 0000 0000 0000 0000 0000 0000 0000 0000 0000 0000 0000 0000 0000 0000 0000 0000 0000 0000 0000 0000 0000 0000 0000 0000 0000 0000 0000 0000 0000 0000 0000 0000 0000 0000 0000 0000 0000 0000 0000 0000 0000 0000 0000 0000 0000 0000 0000 0000 0000 0000 0000 0000 0000 0000 0000 0000 0000 0000 0000 0000 0000 0000 0000 0000 0000 0000 0000 0000 0000 0000 0000 0000 0000 0000 0000 0000 0000 0000 0000 0000 0000 0000 0000 0000 0000 0000 0000 0000 0000 0000 0000 0000 0000 0000 0000 0000 0000 0000 0000 0000 0000 0000 0000 0000 0000 0000 0000 0000 0000 0000 0000 0000 0000 0000 0000 0000 0000 0000 0000 0000 0000 0000 0000 0000 0000 0000 0000 0000 0000 0000 0000 0000 0000 0000 0000 0000 0000 0000 0000 0000 0000 0000 0000 0000 0000 0000 0000 0000 0000 0000 0000 0000 0000 0000 0000 0000 0000 0000 0000 0000 0000 0000 0000 0000 0000 0000 0000 0000 0000 0000 0000 0000 0000 0000 0000 0000 0000 0000 0000 0000 0000 0000 0000 0000 0000 0000 0000 0000 0000 0000 0000 0000 0000 0000 0000 0000 0000 0000 0000 0000 0000 0000 0000 0000 0000 0000 0000 0000 0000 0000 0000 0000 0000 0000 0000 0000 0000 0000 0000 0000 0000 0000 0000 0000 0000 0000 0000 0000 0000 0000 0000 0000 0000 0000 0000 0000 0000 0000 0000 0000 0000 0000 0000 0000 0000 0000 0000 0000 0000 0000 0000 0000 0000 0000 0000 0000 0000 0000 0000 0000 0000 
[0;32mI (134885) MQTT_TASK: Read from queue[0m
[0;32mI (134885) SPI_SLAVE: pushed into queue[0m

[0;32mI (135725) SPI_SLAVE: Expected: 720 bytes, Got: 720 bytes[0m
[0;32mI (135725) SPI_SLAVE: Received uint16_t data:[0m
0000 0000 0000 0000 0000 0000 0000 0000 0000 0000 0000 0000 0000 0000 0000 0000 0000 0000 0000 0000 0000 0000 0000 0000 0000 0000 0000 0000 0000 0000 0000 0000 0000 0000 0000 0000 0000 0000 0000 0000 0000 0000 0000 0000 0000 0000 0000 0000 0000 0000 0000 0000 0000 0000 0000 0000 0000 0000 0000 0000 0000 0000 0000 0000 0000 0000 0000 0000 0000 0000 0000 0000 0000 0000 0000 0000 0000 0000 0000 0000 0000 0000 0000 0000 0000 0000 0000 0000 0000 0000 0000 0000 0000 0000 0000 0000 0000 0000 0000 0000 0000 0000 0000 0000 0000 0000 0000 0000 0000 0000 0000 0000 0000 0000 0000 0000 0000 0000 0000 0000 0000 0000 0000 0000 0000 0000 0000 0000 0000 0000 0000 0000 0000 0000 0000 0000 0000 0000 0000 0000 0000 0000 0000 0000 0000 0000 0000 0000 0000 0000 0000 0000 0000 0000 0000 0000 0000 0000 0000 0000 0000 0000 0000 0000 0000 0000 0000 0000 0000 0000 0000 0000 0000 0000 0000 0000 0000 0000 0000 0000 0000 0000 0000 0000 0000 0000 0000 0000 0000 0000 0000 0000 0000 0000 0000 0000 0000 0000 0000 0000 0000 0000 0000 0000 0000 0000 0000 0000 0000 0000 0000 0000 0000 0000 0000 0000 0000 0000 0000 0000 0000 0000 0000 0000 0000 0000 0000 0000 0000 0000 0000 0000 0000 0000 0000 0000 0000 0000 0000 0000 0000 0000 0000 0000 0000 0000 0000 0000 0000 0000 0000 0000 0000 0000 0000 0000 0000 0000 0000 0000 0000 0000 0000 0000 0000 0000 0000 0000 0000 0000 0000 0000 0000 0000 0000 0000 0000 0000 0000 0000 0000 0000 0000 0000 0000 0000 0000 0000 0000 0000 0000 0000 0000 0000 0000 0000 0000 0000 0000 0000 0000 0000 0000 0000 0000 0000 0000 0000 0000 0000 0000 0000 0000 0000 0000 0000 0000 0000 0000 0000 0000 0000 0000 0000 0000 0000 0000 0000 0000 0000 0000 0000 0000 0000 0000 0000 0000 0000 0000 0000 0000 0000 0000 0000 0000 0000 0000 0000 0000 0000 0000 0000 0000 0000 0000 0000 0000 0000 0000 0000 
[0;32mI (135885) SPI_SLAVE: pushed into queue[0m

[0;32mI (135885) MQTT_TASK: Read from queue[0m
[0;32mI (136385) WIFI: retry to connect to the AP[0m
[0;32mI (136385) WIFI: connect to the AP fail[0m
[0;32mI (136725) SPI_SLAVE: Expected: 720 bytes, Got: 720 bytes[0m
[0;32mI (136725) SPI_SLAVE: Received uint16_t data:[0m
0000 0000 0000 0000 0000 0000 0000 0000 0000 0000 0000 0000 0000 0000 0000 0000 0000 0000 0000 0000 0000 0000 0000 0000 0000 0000 0000 0000 0000 0000 0000 0000 0000 0000 0000 0000 0000 0000 0000 0000 0000 0000 0000 0000 0000 0000 0000 0000 0000 0000 0000 0000 0000 0000 0000 0000 0000 0000 0000 0000 0000 0000 0000 0000 0000 0000 0000 0000 0000 0000 0000 0000 0000 0000 0000 0000 0000 0000 0000 0000 0000 0000 0000 0000 0000 0000 0000 0000 0000 0000 0000 0000 0000 0000 0000 0000 0000 0000 0000 0000 0000 0000 0000 0000 0000 0000 0000 0000 0000 0000 0000 0000 0000 0000 0000 0000 0000 0000 0000 0000 0000 0000 0000 0000 0000 0000 0000 0000 0000 0000 0000 0000 0000 0000 0000 0000 0000 0000 0000 0000 0000 0000 0000 0000 0000 0000 0000 0000 0000 0000 0000 0000 0000 0000 0000 0000 0000 0000 0000 0000 0000 0000 0000 0000 0000 0000 0000 0000 0000 0000 0000 0000 0000 0000 0000 0000 0000 0000 0000 0000 0000 0000 0000 0000 0000 0000 0000 0000 0000 0000 0000 0000 0000 0000 0000 0000 0000 0000 0000 0000 0000 0000 0000 0000 0000 0000 0000 0000 0000 0000 0000 0000 0000 0000 0000 0000 0000 0000 0000 0000 0000 0000 0000 0000 0000 0000 0000 0000 0000 0000 0000 0000 0000 0000 0000 0000 0000 0000 0000 0000 0000 0000 0000 0000 0000 0000 0000 0000 0000 0000 0000 0000 0000 0000 0000 0000 0000 0000 0000 0000 0000 0000 0000 0000 0000 0000 0000 0000 0000 0000 0000 0000 0000 0000 0000 0000 0000 0000 0000 0000 0000 0000 0000 0000 0000 0000 0000 0000 0000 0000 0000 0000 0000 0000 0000 0000 0000 0000 0000 0000 0000 0000 0000 0000 0000 0000 0000 0000 0000 0000 0000 0000 0000 0000 0000 0000 0000 0000 0000 0000 0000 0000 0000 0000 0000 0000 0000 0000 0000 0000 0000 0000 0000 0000 0000 0000 0000 0000 0000 0000 0000 0000 0000 0000 0000 0000 0000 0000 0000 0000 0000 0000 0000 0000 0000 0000 0000 0000 0000 0000 
[0;32mI (136885) MQTT_TASK: Read from queue[0m
[0;32mI (136885) SPI_SLAVE: pushed into queue[0m

[0;32mI (137725) SPI_SLAVE: Expected: 720 bytes, Got: 720 bytes[0m
[0;32mI (137725) SPI_SLAVE: Received uint16_t data:[0m
0000 0000 0000 0000 0000 0000 0000 0000 0000 0000 0000 0000 0000 0000 0000 0000 0000 0000 0000 0000 0000 0000 0000 0000 0000 0000 0000 0000 0000 0000 0000 0000 0000 0000 0000 0000 0000 0000 0000 0000 0000 0000 0000 0000 0000 0000 0000 0000 0000 0000 0000 0000 0000 0000 0000 0000 0000 0000 0000 0000 0000 0000 0000 0000 0000 0000 0000 0000 0000 0000 0000 0000 0000 0000 0000 0000 0000 0000 0000 0000 0000 0000 0000 0000 0000 0000 0000 0000 0000 0000 0000 0000 0000 0000 0000 0000 0000 0000 0000 0000 0000 0000 0000 0000 0000 0000 0000 0000 0000 0000 0000 0000 0000 0000 0000 0000 0000 0000 0000 0000 0000 0000 0000 0000 0000 0000 0000 0000 0000 0000 0000 0000 0000 0000 0000 0000 0000 0000 0000 0000 0000 0000 0000 0000 0000 0000 0000 0000 0000 0000 0000 0000 0000 0000 0000 0000 0000 0000 0000 0000 0000 0000 0000 0000 0000 0000 0000 0000 0000 0000 0000 0000 0000 0000 0000 0000 0000 0000 0000 0000 0000 0000 0000 0000 0000 0000 0000 0000 0000 0000 0000 0000 0000 0000 0000 0000 0000 0000 0000 0000 0000 0000 0000 0000 0000 0000 0000 0000 0000 0000 0000 0000 0000 0000 0000 0000 0000 0000 0000 0000 0000 0000 0000 0000 0000 0000 0000 0000 0000 0000 0000 0000 0000 0000 0000 0000 0000 0000 0000 0000 0000 0000 0000 0000 0000 0000 0000 0000 0000 0000 0000 0000 0000 0000 0000 0000 0000 0000 0000 0000 0000 0000 0000 0000 0000 0000 0000 0000 0000 0000 0000 0000 0000 0000 0000 0000 0000 0000 0000 0000 0000 0000 0000 0000 0000 0000 0000 0000 0000 0000 0000 0000 0000 0000 0000 0000 0000 0000 0000 0000 0000 0000 0000 0000 0000 0000 0000 0000 0000 0000 0000 0000 0000 0000 0000 0000 0000 0000 0000 0000 0000 0000 0000 0000 0000 0000 0000 0000 0000 0000 0000 0000 0000 0000 0000 0000 0000 0000 0000 0000 0000 0000 0000 0000 0000 0000 0000 0000 0000 0000 0000 0000 0000 0000 0000 0000 0000 0000 0000 0000 
[0;32mI (137885) SPI_SLAVE: pushed into queue[0m

[0;32mI (137885) MQTT_TASK: Read from queue[0m
[0;32mI (138725) SPI_SLAVE: Expected: 720 bytes, Got: 720 bytes[0m
[0;32mI (138725) SPI_SLAVE: Received uint16_t data:[0m
0000 0000 0000 0000 0000 0000 0000 0000 0000 0000 0000 0000 0000 0000 0000 0000 0000 0000 0000 0000 0000 0000 0000 0000 0000 0000 0000 0000 0000 0000 0000 0000 0000 0000 0000 0000 0000 0000 0000 0000 0000 0000 0000 0000 0000 0000 0000 0000 0000 0000 0000 0000 0000 0000 0000 0000 0000 0000 0000 0000 0000 0000 0000 0000 0000 0000 0000 0000 0000 0000 0000 0000 0000 0000 0000 0000 0000 0000 0000 0000 0000 0000 0000 0000 0000 0000 0000 0000 0000 0000 0000 0000 0000 0000 0000 0000 0000 0000 0000 0000 0000 0000 0000 0000 0000 0000 0000 0000 0000 0000 0000 0000 0000 0000 0000 0000 0000 0000 0000 0000 0000 0000 0000 0000 0000 0000 0000 0000 0000 0000 0000 0000 0000 0000 0000 0000 0000 0000 0000 0000 0000 0000 0000 0000 0000 0000 0000 0000 0000 0000 0000 0000 0000 0000 0000 0000 0000 0000 0000 0000 0000 0000 0000 0000 0000 0000 0000 0000 0000 0000 0000 0000 0000 0000 0000 0000 0000 0000 0000 0000 0000 0000 0000 0000 0000 0000 0000 0000 0000 0000 0000 0000 0000 0000 0000 0000 0000 0000 0000 0000 0000 0000 0000 0000 0000 I (138805) WIFI: retry to connect to the AP
0000 0000 I (138815) WIFI: connect to the AP fail
0000 0000 0000 0000 0000 0000 0000 0000 0000 0000 0000 0000 0000 0000 0000 0000 0000 0000 0000 0000 0000 0000 0000 0000 0000 0000 0000 0000 0000 0000 0000 0000 0000 0000 0000 0000 0000 0000 0000 0000 0000 0000 0000 0000 0000 0000 0000 0000 0000 0000 0000 0000 0000 0000 0000 0000 0000 0000 0000 0000 0000 0000 0000 0000 0000 0000 0000 0000 0000 0000 0000 0000 0000 0000 0000 0000 0000 0000 0000 0000 0000 0000 0000 0000 0000 0000 0000 0000 0000 0000 0000 0000 0000 0000 0000 0000 0000 0000 0000 0000 0000 0000 0000 0000 0000 0000 0000 0000 0000 0000 0000 0000 0000 0000 0000 0000 0000 0000 0000 0000 0000 0000 0000 0000 0000 0000 0000 0000 0000 0000 0000 0000 0000 0000 0000 0000 0000 0000 0000 0000 0000 0000 0000 0000 0000 0000 0000 0000 0000 0000 0000 0000 0000 
[0;32mI (138885) SPI_SLAVE: pushed into queue[0m

[0;32mI (138885) MQTT_TASK: Read from queue[0m
[0;32mI (139725) SPI_SLAVE: Expected: 720 bytes, Got: 720 bytes[0m
[0;32mI (139725) SPI_SLAVE: Received uint16_t data:[0m
0000 0000 0000 0000 0000 0000 0000 0000 0000 0000 0000 0000 0000 0000 0000 0000 0000 0000 0000 0000 0000 0000 0000 0000 0000 0000 0000 0000 0000 0000 0000 0000 0000 0000 0000 0000 0000 0000 0000 0000 0000 0000 0000 0000 0000 0000 0000 0000 0000 0000 0000 0000 0000 0000 0000 0000 0000 0000 0000 0000 0000 0000 0000 0000 0000 0000 0000 0000 0000 0000 0000 0000 0000 0000 0000 0000 0000 0000 0000 0000 0000 0000 0000 0000 0000 0000 0000 0000 0000 0000 0000 0000 0000 0000 0000 0000 0000 0000 0000 0000 0000 0000 0000 0000 0000 0000 0000 0000 0000 0000 0000 0000 0000 0000 0000 0000 0000 0000 0000 0000 0000 0000 0000 0000 0000 0000 0000 0000 0000 0000 0000 0000 0000 0000 0000 0000 0000 0000 0000 0000 0000 0000 0000 0000 0000 0000 0000 0000 0000 0000 0000 0000 0000 0000 0000 0000 0000 0000 0000 0000 0000 0000 0000 0000 0000 0000 0000 0000 0000 0000 0000 0000 0000 0000 0000 0000 0000 0000 0000 0000 0000 0000 0000 0000 0000 0000 0000 0000 0000 0000 0000 0000 0000 0000 0000 0000 0000 0000 0000 0000 0000 0000 0000 0000 0000 0000 0000 0000 0000 0000 0000 0000 0000 0000 0000 0000 0000 0000 0000 0000 0000 0000 0000 0000 0000 0000 0000 0000 0000 0000 0000 0000 0000 0000 0000 0000 0000 0000 0000 0000 0000 0000 0000 0000 0000 0000 0000 0000 0000 0000 0000 0000 0000 0000 0000 0000 0000 0000 0000 0000 0000 0000 0000 0000 0000 0000 0000 0000 0000 0000 0000 0000 0000 0000 0000 0000 0000 0000 0000 0000 0000 0000 0000 0000 0000 0000 0000 0000 0000 0000 0000 0000 0000 0000 0000 0000 0000 0000 0000 0000 0000 0000 0000 0000 0000 0000 0000 0000 0000 0000 0000 0000 0000 0000 0000 0000 0000 0000 0000 0000 0000 0000 0000 0000 0000 0000 0000 0000 0000 0000 0000 0000 0000 0000 0000 0000 0000 0000 0000 0000 0000 0000 0000 0000 0000 0000 0000 0000 0000 0000 0000 0000 0000 0000 0000 0000 0000 0000 0000 0000 
[0;32mI (139885) SPI_SLAVE: pushed into queue[0m

[0;32mI (139885) MQTT_TASK: Read from queue[0m
[0;32mI (140725) SPI_SLAVE: Expected: 720 bytes, Got: 720 bytes[0m
[0;32mI (140725) SPI_SLAVE: Received uint16_t data:[0m
0000 0000 0000 0000 0000 0000 0000 0000 0000 0000 0000 0000 0000 0000 0000 0000 0000 0000 0000 0000 0000 0000 0000 0000 0000 0000 0000 0000 0000 0000 0000 0000 0000 0000 0000 0000 0000 0000 0000 0000 0000 0000 0000 0000 0000 0000 0000 0000 0000 0000 0000 0000 0000 0000 0000 0000 0000 0000 0000 0000 0000 0000 0000 0000 0000 0000 0000 0000 0000 0000 0000 0000 0000 0000 0000 0000 0000 0000 0000 0000 0000 0000 0000 0000 0000 0000 0000 0000 0000 0000 0000 0000 0000 0000 0000 0000 0000 0000 0000 0000 0000 0000 0000 0000 0000 0000 0000 0000 0000 0000 0000 0000 0000 0000 0000 0000 0000 0000 0000 0000 0000 0000 0000 0000 0000 0000 0000 0000 0000 0000 0000 0000 0000 0000 0000 0000 0000 0000 0000 0000 0000 0000 0000 0000 0000 0000 0000 0000 0000 0000 0000 0000 0000 0000 0000 0000 0000 0000 0000 0000 0000 0000 0000 0000 0000 0000 0000 0000 0000 0000 0000 0000 0000 0000 0000 0000 0000 0000 0000 0000 0000 0000 0000 0000 0000 0000 0000 0000 0000 0000 0000 0000 0000 0000 0000 0000 0000 0000 0000 0000 0000 0000 0000 0000 0000 0000 0000 0000 0000 0000 0000 0000 0000 0000 0000 0000 0000 0000 0000 0000 0000 0000 0000 0000 0000 0000 0000 0000 0000 0000 0000 0000 0000 0000 0000 0000 0000 0000 0000 0000 0000 0000 0000 0000 0000 0000 0000 0000 0000 0000 0000 0000 0000 0000 0000 0000 0000 0000 0000 0000 0000 0000 0000 0000 0000 0000 0000 0000 0000 0000 0000 0000 0000 0000 0000 0000 0000 0000 0000 0000 0000 0000 0000 0000 0000 0000 0000 0000 0000 0000 0000 0000 0000 0000 0000 0000 0000 0000 0000 0000 0000 0000 0000 0000 0000 0000 0000 0000 0000 0000 0000 0000 0000 0000 0000 0000 0000 0000 0000 0000 0000 0000 0000 0000 0000 0000 0000 0000 0000 0000 0000 0000 0000 0000 0000 0000 0000 0000 0000 0000 0000 0000 0000 0000 0000 0000 0000 0000 0000 0000 0000 0000 0000 0000 0000 0000 0000 0000 0000 0000 
[0;32mI (140885) SPI_SLAVE: pushed into queue[0m

[0;32mI (140885) MQTT_TASK: Read from queue[0m
[0;32mI (141225) WIFI: connect to the AP fail[0m
[0;32mI (141725) SPI_SLAVE: Expected: 720 bytes, Got: 720 bytes[0m
[0;32mI (141725) SPI_SLAVE: Received uint16_t data:[0m
0000 0000 0000 0000 0000 0000 0000 0000 0000 0000 0000 0000 0000 0000 0000 0000 0000 0000 0000 0000 0000 0000 0000 0000 0000 0000 0000 0000 0000 0000 0000 0000 0000 0000 0000 0000 0000 0000 0000 0000 0000 0000 0000 0000 0000 0000 0000 0000 0000 0000 0000 0000 0000 0000 0000 0000 0000 0000 0000 0000 0000 0000 0000 0000 0000 0000 0000 0000 0000 0000 0000 0000 0000 0000 0000 0000 0000 0000 0000 0000 0000 0000 0000 0000 0000 0000 0000 0000 0000 0000 0000 0000 0000 0000 0000 0000 0000 0000 0000 0000 0000 0000 0000 0000 0000 0000 0000 0000 0000 0000 0000 0000 0000 0000 0000 0000 0000 0000 0000 0000 0000 0000 0000 0000 0000 0000 0000 0000 0000 0000 0000 0000 0000 0000 0000 0000 0000 0000 0000 0000 0000 0000 0000 0000 0000 0000 0000 0000 0000 0000 0000 0000 0000 0000 0000 0000 0000 0000 0000 0000 0000 0000 0000 0000 0000 0000 0000 0000 0000 0000 0000 0000 0000 0000 0000 0000 0000 0000 0000 0000 0000 0000 0000 0000 0000 0000 0000 0000 0000 0000 0000 0000 0000 0000 0000 0000 0000 0000 0000 0000 0000 0000 0000 0000 0000 0000 0000 0000 0000 0000 0000 0000 0000 0000 0000 0000 0000 0000 0000 0000 0000 0000 0000 0000 0000 0000 0000 0000 0000 0000 0000 0000 0000 0000 0000 0000 0000 0000 0000 0000 0000 0000 0000 0000 0000 0000 0000 0000 0000 0000 0000 0000 0000 0000 0000 0000 0000 0000 0000 0000 0000 0000 0000 0000 0000 0000 0000 0000 0000 0000 0000 0000 0000 0000 0000 0000 0000 0000 0000 0000 0000 0000 0000 0000 0000 0000 0000 0000 0000 0000 0000 0000 0000 0000 0000 0000 0000 0000 0000 0000 0000 0000 0000 0000 0000 0000 0000 0000 0000 0000 0000 0000 0000 0000 0000 0000 0000 0000 0000 0000 0000 0000 0000 0000 0000 0000 0000 0000 0000 0000 0000 0000 0000 0000 0000 0000 0000 0000 0000 0000 0000 0000 0000 0000 0000 0000 0000 0000 0000 0000 0000 0000 0000 0000 0000 0000 0000 0000 0000 0000 
[0;32mI (141885) SPI_SLAVE: pushed into queue[0m

[0;32mI (141885) MQTT_TASK: Read from queue[0m
[0;32mI (142105) MQTT_CLIENT: Unhandled event id: 7[0m
[1;31mE (142105) esp-tls: [sock=54] connect() error: Host is unreachable[0m
[1;31mE (142105) transport_base: Failed to open a new connection: 32772[0m
[1;31mE (142105) mqtt_client: Error transport connect[0m
[0;32mI (142105) MQTT_CLIENT: MQTT_EVENT_ERROR[0m
[0;32mI (142115) MQTT_CLIENT: MQTT_EVENT_DISCONNECTED[0m
[0;32mI (142725) SPI_SLAVE: Expected: 720 bytes, Got: 720 bytes[0m
[0;32mI (142725) SPI_SLAVE: Received uint16_t data:[0m
0000 0000 0000 0000 0000 0000 0000 0000 0000 0000 0000 0000 0000 0000 0000 0000 0000 0000 0000 0000 0000 0000 0000 0000 0000 0000 0000 0000 0000 0000 0000 0000 0000 0000 0000 0000 0000 0000 0000 0000 0000 0000 0000 0000 0000 0000 0000 0000 0000 0000 0000 0000 0000 0000 0000 0000 0000 0000 0000 0000 0000 0000 0000 0000 0000 0000 0000 0000 0000 0000 0000 0000 0000 0000 0000 0000 0000 0000 0000 0000 0000 0000 0000 0000 0000 0000 0000 0000 0000 0000 0000 0000 0000 0000 0000 0000 0000 0000 0000 0000 0000 0000 0000 0000 0000 0000 0000 0000 0000 0000 0000 0000 0000 0000 0000 0000 0000 0000 0000 0000 0000 0000 0000 0000 0000 0000 0000 0000 0000 0000 0000 0000 0000 0000 0000 0000 0000 0000 0000 0000 0000 0000 0000 0000 0000 0000 0000 0000 0000 0000 0000 0000 0000 0000 0000 0000 0000 0000 0000 0000 0000 0000 0000 0000 0000 0000 0000 0000 0000 0000 0000 0000 0000 0000 0000 0000 0000 0000 0000 0000 0000 0000 0000 0000 0000 0000 0000 0000 0000 0000 0000 0000 0000 0000 0000 0000 0000 0000 0000 0000 0000 0000 0000 0000 0000 0000 0000 0000 0000 0000 0000 0000 0000 0000 0000 0000 0000 0000 0000 0000 0000 0000 0000 0000 0000 0000 0000 0000 0000 0000 0000 0000 0000 0000 0000 0000 0000 0000 0000 0000 0000 0000 0000 0000 0000 0000 0000 0000 0000 0000 0000 0000 0000 0000 0000 0000 0000 0000 0000 0000 0000 0000 0000 0000 0000 0000 0000 0000 0000 0000 0000 0000 0000 0000 0000 0000 0000 0000 0000 0000 0000 0000 0000 0000 0000 0000 0000 0000 0000 0000 0000 0000 0000 0000 0000 0000 0000 0000 0000 0000 0000 0000 0000 0000 0000 0000 0000 0000 0000 0000 0000 0000 0000 0000 0000 0000 0000 0000 0000 0000 0000 0000 0000 0000 0000 0000 0000 0000 0000 0000 0000 0000 0000 0000 0000 0000 0000 0000 0000 0000 0000 0000 0000 0000 0000 0000 0000 0000 0000 0000 0000 0000 0000 0000 0000 0000 0000 0000 0000 0000 
[0;32mI (142885) SPI_SLAVE: pushed into queue[0m

[0;32mI (142885) MQTT_TASK: Read from queue[0m
[0;32mI (143725) SPI_SLAVE: Expected: 720 bytes, Got: 720 bytes[0m
[0;32mI (143725) SPI_SLAVE: Received uint16_t data:[0m
0000 0000 0000 0000 0000 0000 0000 0000 0000 0000 0000 0000 0000 0000 0000 0000 0000 0000 0000 0000 0000 0000 0000 0000 0000 0000 0000 0000 0000 0000 0000 0000 0000 0000 0000 0000 0000 0000 0000 0000 0000 0000 0000 0000 0000 0000 0000 0000 0000 0000 0000 0000 0000 0000 0000 0000 0000 0000 0000 0000 0000 0000 0000 0000 0000 0000 0000 0000 0000 0000 0000 0000 0000 0000 0000 0000 0000 0000 0000 0000 0000 0000 0000 0000 0000 0000 0000 0000 0000 0000 0000 0000 0000 0000 0000 0000 0000 0000 0000 0000 0000 0000 0000 0000 0000 0000 0000 0000 0000 0000 0000 0000 0000 0000 0000 0000 0000 0000 0000 0000 0000 0000 0000 0000 0000 0000 0000 0000 0000 0000 0000 0000 0000 0000 0000 0000 0000 0000 0000 0000 0000 0000 0000 0000 0000 0000 0000 0000 0000 0000 0000 0000 0000 0000 0000 0000 0000 0000 0000 0000 0000 0000 0000 0000 0000 0000 0000 0000 0000 0000 0000 0000 0000 0000 0000 0000 0000 0000 0000 0000 0000 0000 0000 0000 0000 0000 0000 0000 0000 0000 0000 0000 0000 0000 0000 0000 0000 0000 0000 0000 0000 0000 0000 0000 0000 0000 0000 0000 0000 0000 0000 0000 0000 0000 0000 0000 0000 0000 0000 0000 0000 0000 0000 0000 0000 0000 0000 0000 0000 0000 0000 0000 0000 0000 0000 0000 0000 0000 0000 0000 0000 0000 0000 0000 0000 0000 0000 0000 0000 0000 0000 0000 0000 0000 0000 0000 0000 0000 0000 0000 0000 0000 0000 0000 0000 0000 0000 0000 0000 0000 0000 0000 0000 0000 0000 0000 0000 0000 0000 0000 0000 0000 0000 0000 0000 0000 0000 0000 0000 0000 0000 0000 0000 0000 0000 0000 0000 0000 0000 0000 0000 0000 0000 0000 0000 0000 0000 0000 0000 0000 0000 0000 0000 0000 0000 0000 0000 0000 0000 0000 0000 0000 0000 0000 0000 0000 0000 0000 0000 0000 0000 0000 0000 0000 0000 0000 0000 0000 0000 0000 0000 0000 0000 0000 0000 0000 0000 0000 0000 0000 0000 0000 0000 0000 0000 0000 0000 0000 0000 0000 
[0;32mI (143885) SPI_SLAVE: pushed into queue[0m

[0;32mI (143885) MQTT_TASK: Read from queue[0m
[0;32mI (144725) SPI_SLAVE: Expected: 720 bytes, Got: 720 bytes[0m
[0;32mI (144725) SPI_SLAVE: Received uint16_t data:[0m
0000 0000 0000 0000 0000 0000 0000 0000 0000 0000 0000 0000 0000 0000 0000 0000 0000 0000 0000 0000 0000 0000 0000 0000 0000 0000 0000 0000 0000 0000 0000 0000 0000 0000 0000 0000 0000 0000 0000 0000 0000 0000 0000 0000 0000 0000 0000 0000 0000 0000 0000 0000 0000 0000 0000 0000 0000 0000 0000 0000 0000 0000 0000 0000 0000 0000 0000 0000 0000 0000 0000 0000 0000 0000 0000 0000 0000 0000 0000 0000 0000 0000 0000 0000 0000 0000 0000 0000 0000 0000 0000 0000 0000 0000 0000 0000 0000 0000 0000 0000 0000 0000 0000 0000 0000 0000 0000 0000 0000 0000 0000 0000 0000 0000 0000 0000 0000 0000 0000 0000 0000 0000 0000 0000 0000 0000 0000 0000 0000 0000 0000 0000 0000 0000 0000 0000 0000 0000 0000 0000 0000 0000 0000 0000 0000 0000 0000 0000 0000 0000 0000 0000 0000 0000 0000 0000 0000 0000 0000 0000 0000 0000 0000 0000 0000 0000 0000 0000 0000 0000 0000 0000 0000 0000 0000 0000 0000 0000 0000 0000 0000 0000 0000 0000 0000 0000 0000 0000 0000 0000 0000 0000 0000 0000 0000 0000 0000 0000 0000 0000 0000 0000 0000 0000 0000 0000 0000 0000 0000 0000 0000 0000 0000 0000 0000 0000 0000 0000 0000 0000 0000 0000 0000 0000 0000 0000 0000 0000 0000 0000 0000 0000 0000 0000 0000 0000 0000 0000 0000 0000 0000 0000 0000 0000 0000 0000 0000 0000 0000 0000 0000 0000 0000 0000 0000 0000 0000 0000 0000 0000 0000 0000 0000 0000 0000 0000 0000 0000 0000 0000 0000 0000 0000 0000 0000 0000 0000 0000 0000 0000 0000 0000 0000 0000 0000 0000 0000 0000 0000 0000 0000 0000 0000 0000 0000 0000 0000 0000 0000 0000 0000 0000 0000 0000 0000 0000 0000 0000 0000 0000 0000 0000 0000 0000 0000 0000 0000 0000 0000 0000 0000 0000 0000 0000 0000 0000 0000 0000 0000 0000 0000 0000 0000 0000 0000 0000 0000 0000 0000 0000 0000 0000 0000 0000 0000 0000 0000 0000 0000 0000 0000 0000 0000 0000 0000 0000 0000 0000 0000 0000 
[0;32mI (144885) SPI_SLAVE: pushed into queue[0m

[0;32mI (144885) MQTT_TASK: Read from queue[0m
[0;32mI (145725) SPI_SLAVE: Expected: 720 bytes, Got: 720 bytes[0m
[0;32mI (145725) SPI_SLAVE: Received uint16_t data:[0m
0000 0000 0000 0000 0000 0000 0000 0000 0000 0000 0000 0000 0000 0000 0000 0000 0000 0000 0000 0000 0000 0000 0000 0000 0000 0000 0000 0000 0000 0000 0000 0000 0000 0000 0000 0000 0000 0000 0000 0000 0000 0000 0000 0000 0000 0000 0000 0000 0000 0000 0000 0000 0000 0000 0000 0000 0000 0000 0000 0000 0000 0000 0000 0000 0000 0000 0000 0000 0000 0000 0000 0000 0000 0000 0000 0000 0000 0000 0000 0000 0000 0000 0000 0000 0000 0000 0000 0000 0000 0000 0000 0000 0000 0000 0000 0000 0000 0000 0000 0000 0000 0000 0000 0000 0000 0000 0000 0000 0000 0000 0000 0000 0000 0000 0000 0000 0000 0000 0000 0000 0000 0000 0000 0000 0000 0000 0000 0000 0000 0000 0000 0000 0000 0000 0000 0000 0000 0000 0000 0000 0000 0000 0000 0000 0000 0000 0000 0000 0000 0000 0000 0000 0000 0000 0000 0000 0000 0000 0000 0000 0000 0000 0000 0000 0000 0000 0000 0000 0000 0000 0000 0000 0000 0000 0000 0000 0000 0000 0000 0000 0000 0000 0000 0000 0000 0000 0000 0000 0000 0000 0000 0000 0000 0000 0000 0000 0000 0000 0000 0000 0000 0000 0000 0000 0000 0000 0000 0000 0000 0000 0000 0000 0000 0000 0000 0000 0000 0000 0000 0000 0000 0000 0000 0000 0000 0000 0000 0000 0000 0000 0000 0000 0000 0000 0000 0000 0000 0000 0000 0000 0000 0000 0000 0000 0000 0000 0000 0000 0000 0000 0000 0000 0000 0000 0000 0000 0000 0000 0000 0000 0000 0000 0000 0000 0000 0000 0000 0000 0000 0000 0000 0000 0000 0000 0000 0000 0000 0000 0000 0000 0000 0000 0000 0000 0000 0000 0000 0000 0000 0000 0000 0000 0000 0000 0000 0000 0000 0000 0000 0000 0000 0000 0000 0000 0000 0000 0000 0000 0000 0000 0000 0000 0000 0000 0000 0000 0000 0000 0000 0000 0000 0000 0000 0000 0000 0000 0000 0000 0000 0000 0000 0000 0000 0000 0000 0000 0000 0000 0000 0000 0000 0000 0000 0000 0000 0000 0000 0000 0000 0000 0000 0000 0000 0000 0000 0000 0000 0000 0000 0000 
[0;32mI (145885) SPI_SLAVE: pushed into queue[0m

[0;32mI (145885) MQTT_TASK: Read from queue[0m
[0;32mI (146725) SPI_SLAVE: Expected: 720 bytes, Got: 720 bytes[0m
[0;32mI (146725) SPI_SLAVE: Received uint16_t data:[0m
0000 0000 0000 0000 0000 0000 0000 0000 0000 0000 0000 0000 0000 0000 0000 0000 0000 0000 0000 0000 0000 0000 0000 0000 0000 0000 0000 0000 0000 0000 0000 0000 0000 0000 0000 0000 0000 0000 0000 0000 0000 0000 0000 0000 0000 0000 0000 0000 0000 0000 0000 0000 0000 0000 0000 0000 0000 0000 0000 0000 0000 0000 0000 0000 0000 0000 0000 0000 0000 0000 0000 0000 0000 0000 0000 0000 0000 0000 0000 0000 0000 0000 0000 0000 0000 0000 0000 0000 0000 0000 0000 0000 0000 0000 0000 0000 0000 0000 0000 0000 0000 0000 0000 0000 0000 0000 0000 0000 0000 0000 0000 0000 0000 0000 0000 0000 0000 0000 0000 0000 0000 0000 0000 0000 0000 0000 0000 0000 0000 0000 0000 0000 0000 0000 0000 0000 0000 0000 0000 0000 0000 0000 0000 0000 0000 0000 0000 0000 0000 0000 0000 0000 0000 0000 0000 0000 0000 0000 0000 0000 0000 0000 0000 0000 0000 0000 0000 0000 0000 0000 0000 0000 0000 0000 0000 0000 0000 0000 0000 0000 0000 0000 0000 0000 0000 0000 0000 0000 0000 0000 0000 0000 0000 0000 0000 0000 0000 0000 0000 0000 0000 0000 0000 0000 0000 0000 0000 0000 0000 0000 0000 0000 0000 0000 0000 0000 0000 0000 0000 0000 0000 0000 0000 0000 0000 0000 0000 0000 0000 0000 0000 0000 0000 0000 0000 0000 0000 0000 0000 0000 0000 0000 0000 0000 0000 0000 0000 0000 0000 0000 0000 0000 0000 0000 0000 0000 0000 0000 0000 0000 0000 0000 0000 0000 0000 0000 0000 0000 0000 0000 0000 0000 0000 0000 0000 0000 0000 0000 0000 0000 0000 0000 0000 0000 0000 0000 0000 0000 0000 0000 0000 0000 0000 0000 0000 0000 0000 0000 0000 0000 0000 0000 0000 0000 0000 0000 0000 0000 0000 0000 0000 0000 0000 0000 0000 0000 0000 0000 0000 0000 0000 0000 0000 0000 0000 0000 0000 0000 0000 0000 0000 0000 0000 0000 0000 0000 0000 0000 0000 0000 0000 0000 0000 0000 0000 0000 0000 0000 0000 0000 0000 0000 0000 0000 0000 0000 0000 0000 0000 0000 
[0;32mI (146885) SPI_SLAVE: pushed into queue[0m

[0;32mI (146885) MQTT_TASK: Read from queue[0m
[0;32mI (147725) SPI_SLAVE: Expected: 720 bytes, Got: 720 bytes[0m
[0;32mI (147725) SPI_SLAVE: Received uint16_t data:[0m
0000 0000 0000 0000 0000 0000 0000 0000 0000 0000 0000 0000 0000 0000 0000 0000 0000 0000 0000 0000 0000 0000 0000 0000 0000 0000 0000 0000 0000 0000 0000 0000 0000 0000 0000 0000 0000 0000 0000 0000 0000 0000 0000 0000 0000 0000 0000 0000 0000 0000 0000 0000 0000 0000 0000 0000 0000 0000 0000 0000 0000 0000 0000 0000 0000 0000 0000 0000 0000 0000 0000 0000 0000 0000 0000 0000 0000 0000 0000 0000 0000 0000 0000 0000 0000 0000 0000 0000 0000 0000 0000 0000 0000 0000 0000 0000 0000 0000 0000 0000 0000 0000 0000 0000 0000 0000 0000 0000 0000 0000 0000 0000 0000 0000 0000 0000 0000 0000 0000 0000 0000 0000 0000 0000 0000 0000 0000 0000 0000 0000 0000 0000 0000 0000 0000 0000 0000 0000 0000 0000 0000 0000 0000 0000 0000 0000 0000 0000 0000 0000 0000 0000 0000 0000 0000 0000 0000 0000 0000 0000 0000 0000 0000 0000 0000 0000 0000 0000 0000 0000 0000 0000 0000 0000 0000 0000 0000 0000 0000 0000 0000 0000 0000 0000 0000 0000 0000 0000 0000 0000 0000 0000 0000 0000 0000 0000 0000 0000 0000 0000 0000 0000 0000 0000 0000 0000 0000 0000 0000 0000 0000 0000 0000 0000 0000 0000 0000 0000 0000 0000 0000 0000 0000 0000 0000 0000 0000 0000 0000 0000 0000 0000 0000 0000 0000 0000 0000 0000 0000 0000 0000 0000 0000 0000 0000 0000 0000 0000 0000 0000 0000 0000 0000 0000 0000 0000 0000 0000 0000 0000 0000 0000 0000 0000 0000 0000 0000 0000 0000 0000 0000 0000 0000 0000 0000 0000 0000 0000 0000 0000 0000 0000 0000 0000 0000 0000 0000 0000 0000 0000 0000 0000 0000 0000 0000 0000 0000 0000 0000 0000 0000 0000 0000 0000 0000 0000 0000 0000 0000 0000 0000 0000 0000 0000 0000 0000 0000 0000 0000 0000 0000 0000 0000 0000 0000 0000 0000 0000 0000 0000 0000 0000 0000 0000 0000 0000 0000 0000 0000 0000 0000 0000 0000 0000 0000 0000 0000 0000 0000 0000 0000 0000 0000 0000 0000 0000 0000 0000 0000 0000 
[0;32mI (147885) SPI_SLAVE: pushed into queue[0m

[0;32mI (147885) MQTT_TASK: Read from queue[0m
[0;32mI (148725) SPI_SLAVE: Expected: 720 bytes, Got: 720 bytes[0m
[0;32mI (148725) SPI_SLAVE: Received uint16_t data:[0m
0000 0000 0000 0000 0000 0000 0000 0000 0000 0000 0000 0000 0000 0000 0000 0000 0000 0000 0000 0000 0000 0000 0000 0000 0000 0000 0000 0000 0000 0000 0000 0000 0000 0000 0000 0000 0000 0000 0000 0000 0000 0000 0000 0000 0000 0000 0000 0000 0000 0000 0000 0000 0000 0000 0000 0000 0000 0000 0000 0000 0000 0000 0000 0000 0000 0000 0000 0000 0000 0000 0000 0000 0000 0000 0000 0000 0000 0000 0000 0000 0000 0000 0000 0000 0000 0000 0000 0000 0000 0000 0000 0000 0000 0000 0000 0000 0000 0000 0000 0000 0000 0000 0000 0000 0000 0000 0000 0000 0000 0000 0000 0000 0000 0000 0000 0000 0000 0000 0000 0000 0000 0000 0000 0000 0000 0000 0000 0000 0000 0000 0000 0000 0000 0000 0000 0000 0000 0000 0000 0000 0000 0000 0000 0000 0000 0000 0000 0000 0000 0000 0000 0000 0000 0000 0000 0000 0000 0000 0000 0000 0000 0000 0000 0000 0000 0000 0000 0000 0000 0000 0000 0000 0000 0000 0000 0000 0000 0000 0000 0000 0000 0000 0000 0000 0000 0000 0000 0000 0000 0000 0000 0000 0000 0000 0000 0000 0000 0000 0000 0000 0000 0000 0000 0000 0000 0000 0000 0000 0000 0000 0000 0000 0000 0000 0000 0000 0000 0000 0000 0000 0000 0000 0000 0000 0000 0000 0000 0000 0000 0000 0000 0000 0000 0000 0000 0000 0000 0000 0000 0000 0000 0000 0000 0000 0000 0000 0000 0000 0000 0000 0000 0000 0000 0000 0000 0000 0000 0000 0000 0000 0000 0000 0000 0000 0000 0000 0000 0000 0000 0000 0000 0000 0000 0000 0000 0000 0000 0000 0000 0000 0000 0000 0000 0000 0000 0000 0000 0000 0000 0000 0000 0000 0000 0000 0000 0000 0000 0000 0000 0000 0000 0000 0000 0000 0000 0000 0000 0000 0000 0000 0000 0000 0000 0000 0000 0000 0000 0000 0000 0000 0000 0000 0000 0000 0000 0000 0000 0000 0000 0000 0000 0000 0000 0000 0000 0000 0000 0000 0000 0000 0000 0000 0000 0000 0000 0000 0000 0000 0000 0000 0000 0000 0000 0000 0000 0000 0000 0000 0000 0000 
[0;32mI (148875) SPI_SLAVE: pushed into queue[0m

[0;32mI (148875) MQTT_TASK: Read from queue[0m
[0;32mI (149725) SPI_SLAVE: Expected: 720 bytes, Got: 720 bytes[0m
[0;32mI (149725) SPI_SLAVE: Received uint16_t data:[0m
0000 0000 0000 0000 0000 0000 0000 0000 0000 0000 0000 0000 0000 0000 0000 0000 0000 0000 0000 0000 0000 0000 0000 0000 0000 0000 0000 0000 0000 0000 0000 0000 0000 0000 0000 0000 0000 0000 0000 0000 0000 0000 0000 0000 0000 0000 0000 0000 0000 0000 0000 0000 0000 0000 0000 0000 0000 0000 0000 0000 0000 0000 0000 0000 0000 0000 0000 0000 0000 0000 0000 0000 0000 0000 0000 0000 0000 0000 0000 0000 0000 0000 0000 0000 0000 0000 0000 0000 0000 0000 0000 0000 0000 0000 0000 0000 0000 0000 0000 0000 0000 0000 0000 0000 0000 0000 0000 0000 0000 0000 0000 0000 0000 0000 0000 0000 0000 0000 0000 0000 0000 0000 0000 0000 0000 0000 0000 0000 0000 0000 0000 0000 0000 0000 0000 0000 0000 0000 0000 0000 0000 0000 0000 0000 0000 0000 0000 0000 0000 0000 0000 0000 0000 0000 0000 0000 0000 0000 0000 0000 0000 0000 0000 0000 0000 0000 0000 0000 0000 0000 0000 0000 0000 0000 0000 0000 0000 0000 0000 0000 0000 0000 0000 0000 0000 0000 0000 0000 0000 0000 0000 0000 0000 0000 0000 0000 0000 0000 0000 0000 0000 0000 0000 0000 0000 0000 0000 0000 0000 0000 0000 0000 0000 0000 0000 0000 0000 0000 0000 0000 0000 0000 0000 0000 0000 0000 0000 0000 0000 0000 0000 0000 0000 0000 0000 0000 0000 0000 0000 0000 0000 0000 0000 0000 0000 0000 0000 0000 0000 0000 0000 0000 0000 0000 0000 0000 0000 0000 0000 0000 0000 0000 0000 0000 0000 0000 0000 0000 0000 0000 0000 0000 0000 0000 0000 0000 0000 0000 0000 0000 0000 0000 0000 0000 0000 0000 0000 0000 0000 0000 0000 0000 0000 0000 0000 0000 0000 0000 0000 0000 0000 0000 0000 0000 0000 0000 0000 0000 0000 0000 0000 0000 0000 0000 0000 0000 0000 0000 0000 0000 0000 0000 0000 0000 0000 0000 0000 0000 0000 0000 0000 0000 0000 0000 0000 0000 0000 0000 0000 0000 0000 0000 0000 0000 0000 0000 0000 0000 0000 0000 0000 0000 0000 0000 0000 0000 0000 0000 0000 0000 
[0;32mI (149875) SPI_SLAVE: pushed into queue[0m

[0;32mI (149875) MQTT_TASK: Read from queue[0m
[0;32mI (150725) SPI_SLAVE: Expected: 720 bytes, Got: 720 bytes[0m
[0;32mI (150725) SPI_SLAVE: Received uint16_t data:[0m
0000 0000 0000 0000 0000 0000 0000 0000 0000 0000 0000 0000 0000 0000 0000 0000 0000 0000 0000 0000 0000 0000 0000 0000 0000 0000 0000 0000 0000 0000 0000 0000 0000 0000 0000 0000 0000 0000 0000 0000 0000 0000 0000 0000 0000 0000 0000 0000 0000 0000 0000 0000 0000 0000 0000 0000 0000 0000 0000 0000 0000 0000 0000 0000 0000 0000 0000 0000 0000 0000 0000 0000 0000 0000 0000 0000 0000 0000 0000 0000 0000 0000 0000 0000 0000 0000 0000 0000 0000 0000 0000 0000 0000 0000 0000 0000 0000 0000 0000 0000 0000 0000 0000 0000 0000 0000 0000 0000 0000 0000 0000 0000 0000 0000 0000 0000 0000 0000 0000 0000 0000 0000 0000 0000 0000 0000 0000 0000 0000 0000 0000 0000 0000 0000 0000 0000 0000 0000 0000 0000 0000 0000 0000 0000 0000 0000 0000 0000 0000 0000 0000 0000 0000 0000 0000 0000 0000 0000 0000 0000 0000 0000 0000 0000 0000 0000 0000 0000 0000 0000 0000 0000 0000 0000 0000 0000 0000 0000 0000 0000 0000 0000 0000 0000 0000 0000 0000 0000 0000 0000 0000 0000 0000 0000 0000 0000 0000 0000 0000 0000 0000 0000 0000 0000 0000 0000 0000 0000 0000 0000 0000 0000 0000 0000 0000 0000 0000 0000 0000 0000 0000 0000 0000 0000 0000 0000 0000 0000 0000 0000 0000 0000 0000 0000 0000 0000 0000 0000 0000 0000 0000 0000 0000 0000 0000 0000 0000 0000 0000 0000 0000 0000 0000 0000 0000 0000 0000 0000 0000 0000 0000 0000 0000 0000 0000 0000 0000 0000 0000 0000 0000 0000 0000 0000 0000 0000 0000 0000 0000 0000 0000 0000 0000 0000 0000 0000 0000 0000 0000 0000 0000 0000 0000 0000 0000 0000 0000 0000 0000 0000 0000 0000 0000 0000 0000 0000 0000 0000 0000 0000 0000 0000 0000 0000 0000 0000 0000 0000 0000 0000 0000 0000 0000 0000 0000 0000 0000 0000 0000 0000 0000 0000 0000 0000 0000 0000 0000 0000 0000 0000 0000 0000 0000 0000 0000 0000 0000 0000 0000 0000 0000 0000 0000 0000 0000 0000 0000 0000 0000 0000 
[0;32mI (150875) SPI_SLAVE: pushed into queue[0m

[0;32mI (150875) MQTT_TASK: Read from queue[0m
[0;32mI (151725) SPI_SLAVE: Expected: 720 bytes, Got: 720 bytes[0m
[0;32mI (151725) SPI_SLAVE: Received uint16_t data:[0m
0000 0000 0000 0000 0000 0000 0000 0000 0000 0000 0000 0000 0000 0000 0000 0000 0000 0000 0000 0000 0000 0000 0000 0000 0000 0000 0000 0000 0000 0000 0000 0000 0000 0000 0000 0000 0000 0000 0000 0000 0000 0000 0000 0000 0000 0000 0000 0000 0000 0000 0000 0000 0000 0000 0000 0000 0000 0000 0000 0000 0000 0000 0000 0000 0000 0000 0000 0000 0000 0000 0000 0000 0000 0000 0000 0000 0000 0000 0000 0000 0000 0000 0000 0000 0000 0000 0000 0000 0000 0000 0000 0000 0000 0000 0000 0000 0000 0000 0000 0000 0000 0000 0000 0000 0000 0000 0000 0000 0000 0000 0000 0000 0000 0000 0000 0000 0000 0000 0000 0000 0000 0000 0000 0000 0000 0000 0000 0000 0000 0000 0000 0000 0000 0000 0000 0000 0000 0000 0000 0000 0000 0000 0000 0000 0000 0000 0000 0000 0000 0000 0000 0000 0000 0000 0000 0000 0000 0000 0000 0000 0000 0000 0000 0000 0000 0000 0000 0000 0000 0000 0000 0000 0000 0000 0000 0000 0000 0000 0000 0000 0000 0000 0000 0000 0000 0000 0000 0000 0000 0000 0000 0000 0000 0000 0000 0000 0000 0000 0000 0000 0000 0000 0000 0000 0000 0000 0000 0000 0000 0000 0000 0000 0000 0000 0000 0000 0000 0000 0000 0000 0000 0000 0000 0000 0000 0000 0000 0000 0000 0000 0000 0000 0000 0000 0000 0000 0000 0000 0000 0000 0000 0000 0000 0000 0000 0000 0000 0000 0000 0000 0000 0000 0000 0000 0000 0000 0000 0000 0000 0000 0000 0000 0000 0000 0000 0000 0000 0000 0000 0000 0000 0000 0000 0000 0000 0000 0000 0000 0000 0000 0000 0000 0000 0000 0000 0000 0000 0000 0000 0000 0000 0000 0000 0000 0000 0000 0000 0000 0000 0000 0000 0000 0000 0000 0000 0000 0000 0000 0000 0000 0000 0000 0000 0000 0000 0000 0000 0000 0000 0000 0000 0000 0000 0000 0000 0000 0000 0000 0000 0000 0000 0000 0000 0000 0000 0000 0000 0000 0000 0000 0000 0000 0000 0000 0000 0000 0000 0000 0000 0000 0000 0000 0000 0000 0000 0000 0000 0000 0000 0000 
[0;32mI (151875) SPI_SLAVE: pushed into queue[0m

[0;32mI (151875) MQTT_TASK: Read from queue[0m
[0;32mI (152725) SPI_SLAVE: Expected: 720 bytes, Got: 720 bytes[0m
[0;32mI (152725) SPI_SLAVE: Received uint16_t data:[0m
0000 0000 0000 0000 0000 0000 0000 0000 0000 0000 0000 0000 0000 0000 0000 0000 0000 0000 0000 0000 0000 0000 0000 0000 0000 0000 0000 0000 0000 0000 0000 0000 0000 0000 0000 0000 0000 0000 0000 0000 0000 0000 0000 0000 0000 0000 0000 0000 0000 0000 0000 0000 0000 0000 0000 0000 0000 0000 0000 0000 0000 0000 0000 0000 0000 0000 0000 0000 0000 0000 0000 0000 0000 0000 0000 0000 0000 0000 0000 0000 0000 0000 0000 0000 0000 0000 0000 0000 0000 0000 0000 0000 0000 0000 0000 0000 0000 0000 0000 0000 0000 0000 0000 0000 0000 0000 0000 0000 0000 0000 0000 0000 0000 0000 0000 0000 0000 0000 0000 0000 0000 0000 0000 0000 0000 0000 0000 0000 0000 0000 0000 0000 0000 0000 0000 0000 0000 0000 0000 0000 0000 0000 0000 0000 0000 0000 0000 0000 0000 0000 0000 0000 0000 0000 0000 0000 0000 0000 0000 0000 0000 0000 0000 0000 0000 0000 0000 0000 0000 0000 0000 0000 0000 0000 0000 0000 0000 0000 0000 0000 0000 0000 0000 0000 0000 0000 0000 0000 0000 0000 0000 0000 0000 0000 0000 0000 0000 0000 0000 0000 0000 0000 0000 0000 0000 0000 0000 0000 0000 0000 0000 0000 0000 0000 0000 0000 0000 0000 0000 0000 0000 0000 0000 0000 0000 0000 0000 0000 0000 0000 0000 0000 0000 0000 0000 0000 0000 0000 0000 0000 0000 0000 0000 0000 0000 0000 0000 0000 0000 0000 0000 0000 0000 0000 0000 0000 0000 0000 0000 0000 0000 0000 0000 0000 0000 0000 0000 0000 0000 0000 0000 0000 0000 0000 0000 0000 0000 0000 0000 0000 0000 0000 0000 0000 0000 0000 0000 0000 0000 0000 0000 0000 0000 0000 0000 0000 0000 0000 0000 0000 0000 0000 0000 0000 0000 0000 0000 0000 0000 0000 0000 0000 0000 0000 0000 0000 0000 0000 0000 0000 0000 0000 0000 0000 0000 0000 0000 0000 0000 0000 0000 0000 0000 0000 0000 0000 0000 0000 0000 0000 0000 0000 0000 0000 0000 0000 0000 0000 0000 0000 0000 0000 0000 0000 0000 0000 0000 0000 0000 0000 
[0;32mI (152875) SPI_SLAVE: pushed into queue[0m

[0;32mI (152875) MQTT_TASK: Read from queue[0m
[0;32mI (153725) SPI_SLAVE: Expected: 720 bytes, Got: 720 bytes[0m
[0;32mI (153725) SPI_SLAVE: Received uint16_t data:[0m
0000 0000 0000 0000 0000 0000 0000 0000 0000 0000 0000 0000 0000 0000 0000 0000 0000 0000 0000 0000 0000 0000 0000 0000 0000 0000 0000 0000 0000 0000 0000 0000 0000 0000 0000 0000 0000 0000 0000 0000 0000 0000 0000 0000 0000 0000 0000 0000 0000 0000 0000 0000 0000 0000 0000 0000 0000 0000 0000 0000 0000 0000 0000 0000 0000 0000 0000 0000 0000 0000 0000 0000 0000 0000 0000 0000 0000 0000 0000 0000 0000 0000 0000 0000 0000 0000 0000 0000 0000 0000 0000 0000 0000 0000 0000 0000 0000 0000 0000 0000 0000 0000 0000 0000 0000 0000 0000 0000 0000 0000 0000 0000 0000 0000 0000 0000 0000 0000 0000 0000 0000 0000 0000 0000 0000 0000 0000 0000 0000 0000 0000 0000 0000 0000 0000 0000 0000 0000 0000 0000 0000 0000 0000 0000 0000 0000 0000 0000 0000 0000 0000 0000 0000 0000 0000 0000 0000 0000 0000 0000 0000 0000 0000 0000 0000 0000 0000 0000 0000 0000 0000 0000 0000 0000 0000 0000 0000 0000 0000 0000 0000 0000 0000 0000 0000 0000 0000 0000 0000 0000 0000 0000 0000 0000 0000 0000 0000 0000 0000 0000 0000 0000 0000 0000 0000 0000 0000 0000 0000 0000 0000 0000 0000 0000 0000 0000 0000 0000 0000 0000 0000 0000 0000 0000 0000 0000 0000 0000 0000 0000 0000 0000 0000 0000 0000 0000 0000 0000 0000 0000 0000 0000 0000 0000 0000 0000 0000 0000 0000 0000 0000 0000 0000 0000 0000 0000 0000 0000 0000 0000 0000 0000 0000 0000 0000 0000 0000 0000 0000 0000 0000 0000 0000 0000 0000 0000 0000 0000 0000 0000 0000 0000 0000 0000 0000 0000 0000 0000 0000 0000 0000 0000 0000 0000 0000 0000 0000 0000 0000 0000 0000 0000 0000 0000 0000 0000 0000 0000 0000 0000 0000 0000 0000 0000 0000 0000 0000 0000 0000 0000 0000 0000 0000 0000 0000 0000 0000 0000 0000 0000 0000 0000 0000 0000 0000 0000 0000 0000 0000 0000 0000 0000 0000 0000 0000 0000 0000 0000 0000 0000 0000 0000 0000 0000 0000 0000 0000 0000 0000 0000 
[0;32mI (153875) SPI_SLAVE: pushed into queue[0m

[0;32mI (153875) MQTT_TASK: Read from queue[0m
[0;32mI (154725) SPI_SLAVE: Expected: 720 bytes, Got: 720 bytes[0m
[0;32mI (154725) SPI_SLAVE: Received uint16_t data:[0m
0000 0000 0000 0000 0000 0000 0000 0000 0000 0000 0000 0000 0000 0000 0000 0000 0000 0000 0000 0000 0000 0000 0000 0000 0000 0000 0000 0000 0000 0000 0000 0000 0000 0000 0000 0000 0000 0000 0000 0000 0000 0000 0000 0000 0000 0000 0000 0000 0000 0000 0000 0000 0000 0000 0000 0000 0000 0000 0000 0000 0000 0000 0000 0000 0000 0000 0000 0000 0000 0000 0000 0000 0000 0000 0000 0000 0000 0000 0000 0000 0000 0000 0000 0000 0000 0000 0000 0000 0000 0000 0000 0000 0000 0000 0000 0000 0000 0000 0000 0000 0000 0000 0000 0000 0000 0000 0000 0000 0000 0000 0000 0000 0000 0000 0000 0000 0000 0000 0000 0000 0000 0000 0000 0000 0000 0000 0000 0000 0000 0000 0000 0000 0000 0000 0000 0000 0000 0000 0000 0000 0000 0000 0000 0000 0000 0000 0000 0000 0000 0000 0000 0000 0000 0000 0000 0000 0000 0000 0000 0000 0000 0000 0000 0000 0000 0000 0000 0000 0000 0000 0000 0000 0000 0000 0000 0000 0000 0000 0000 0000 0000 0000 0000 0000 0000 0000 0000 0000 0000 0000 0000 0000 0000 0000 0000 0000 0000 0000 0000 0000 0000 0000 0000 0000 0000 0000 0000 0000 0000 0000 0000 0000 0000 0000 0000 0000 0000 0000 0000 0000 0000 0000 0000 0000 0000 0000 0000 0000 0000 0000 0000 0000 0000 0000 0000 0000 0000 0000 0000 0000 0000 0000 0000 0000 0000 0000 0000 0000 0000 0000 0000 0000 0000 0000 0000 0000 0000 0000 0000 0000 0000 0000 0000 0000 0000 0000 0000 0000 0000 0000 0000 0000 0000 0000 0000 0000 0000 0000 0000 0000 0000 0000 0000 0000 0000 0000 0000 0000 0000 0000 0000 0000 0000 0000 0000 0000 0000 0000 0000 0000 0000 0000 0000 0000 0000 0000 0000 0000 0000 0000 0000 0000 0000 0000 0000 0000 0000 0000 0000 0000 0000 0000 0000 0000 0000 0000 0000 0000 0000 0000 0000 0000 0000 0000 0000 0000 0000 0000 0000 0000 0000 0000 0000 0000 0000 0000 0000 0000 0000 0000 0000 0000 0000 0000 0000 0000 0000 0000 0000 0000 
[0;32mI (154875) SPI_SLAVE: pushed into queue[0m

[0;32mI (154875) MQTT_TASK: Read from queue[0m
[0;32mI (155725) SPI_SLAVE: Expected: 720 bytes, Got: 720 bytes[0m
[0;32mI (155725) SPI_SLAVE: Received uint16_t data:[0m
0000 0000 0000 0000 0000 0000 0000 0000 0000 0000 0000 0000 0000 0000 0000 0000 0000 0000 0000 0000 0000 0000 0000 0000 0000 0000 0000 0000 0000 0000 0000 0000 0000 0000 0000 0000 0000 0000 0000 0000 0000 0000 0000 0000 0000 0000 0000 0000 0000 0000 0000 0000 0000 0000 0000 0000 0000 0000 0000 0000 0000 0000 0000 0000 0000 0000 0000 0000 0000 0000 0000 0000 0000 0000 0000 0000 0000 0000 0000 0000 0000 0000 0000 0000 0000 0000 0000 0000 0000 0000 0000 0000 0000 0000 0000 0000 0000 0000 0000 0000 0000 0000 0000 0000 0000 0000 0000 0000 0000 0000 0000 0000 0000 0000 0000 0000 0000 0000 0000 0000 0000 0000 0000 0000 0000 0000 0000 0000 0000 0000 0000 0000 0000 0000 0000 0000 0000 0000 0000 0000 0000 0000 0000 0000 0000 0000 0000 0000 0000 0000 0000 0000 0000 0000 0000 0000 0000 0000 0000 0000 0000 0000 0000 0000 0000 0000 0000 0000 0000 0000 0000 0000 0000 0000 0000 0000 0000 0000 0000 0000 0000 0000 0000 0000 0000 0000 0000 0000 0000 0000 0000 0000 0000 0000 0000 0000 0000 0000 0000 0000 0000 0000 0000 0000 0000 0000 0000 0000 0000 0000 0000 0000 0000 0000 0000 0000 0000 0000 0000 0000 0000 0000 0000 0000 0000 0000 0000 0000 0000 0000 0000 0000 0000 0000 0000 0000 0000 0000 0000 0000 0000 0000 0000 0000 0000 0000 0000 0000 0000 0000 0000 0000 0000 0000 0000 0000 0000 0000 0000 0000 0000 0000 0000 0000 0000 0000 0000 0000 0000 0000 0000 0000 0000 0000 0000 0000 0000 0000 0000 0000 0000 0000 0000 0000 0000 0000 0000 0000 0000 0000 0000 0000 0000 0000 0000 0000 0000 0000 0000 0000 0000 0000 0000 0000 0000 0000 0000 0000 0000 0000 0000 0000 0000 0000 0000 0000 0000 0000 0000 0000 0000 0000 0000 0000 0000 0000 0000 0000 0000 0000 0000 0000 0000 0000 0000 0000 0000 0000 0000 0000 0000 0000 0000 0000 0000 0000 0000 0000 0000 0000 0000 0000 0000 0000 0000 0000 0000 0000 0000 0000 
[0;32mI (155875) SPI_SLAVE: pushed into queue[0m

[0;32mI (155875) MQTT_TASK: Read from queue[0m
[0;32mI (156725) SPI_SLAVE: Expected: 720 bytes, Got: 720 bytes[0m
[0;32mI (156725) SPI_SLAVE: Received uint16_t data:[0m
0000 0000 0000 0000 0000 0000 0000 0000 0000 0000 0000 0000 0000 0000 0000 0000 0000 0000 0000 0000 0000 0000 0000 0000 0000 0000 0000 0000 0000 0000 0000 0000 0000 0000 0000 0000 0000 0000 0000 0000 0000 0000 0000 0000 0000 0000 0000 0000 0000 0000 0000 0000 0000 0000 0000 0000 0000 0000 0000 0000 0000 0000 0000 0000 0000 0000 0000 0000 0000 0000 0000 0000 0000 0000 0000 0000 0000 0000 0000 0000 0000 0000 0000 0000 0000 0000 0000 0000 0000 0000 0000 0000 0000 0000 0000 0000 0000 0000 0000 0000 0000 0000 0000 0000 0000 0000 0000 0000 0000 0000 0000 0000 0000 0000 0000 0000 0000 0000 0000 0000 0000 0000 0000 0000 0000 0000 0000 0000 0000 0000 0000 0000 0000 0000 0000 0000 0000 0000 0000 0000 0000 0000 0000 0000 0000 0000 0000 0000 0000 0000 0000 0000 0000 0000 0000 0000 0000 0000 0000 0000 0000 0000 0000 0000 0000 0000 0000 0000 0000 0000 0000 0000 0000 0000 0000 0000 0000 0000 0000 0000 0000 0000 0000 0000 0000 0000 0000 0000 0000 0000 0000 0000 0000 0000 0000 0000 0000 0000 0000 0000 0000 0000 0000 0000 0000 0000 0000 0000 0000 0000 0000 0000 0000 0000 0000 0000 0000 0000 0000 0000 0000 0000 0000 0000 0000 0000 0000 0000 0000 0000 0000 0000 0000 0000 0000 0000 0000 0000 0000 0000 0000 0000 0000 0000 0000 0000 0000 0000 0000 0000 0000 0000 0000 0000 0000 0000 0000 0000 0000 0000 0000 0000 0000 0000 0000 0000 0000 0000 0000 0000 0000 0000 0000 0000 0000 0000 0000 0000 0000 0000 0000 0000 0000 0000 0000 0000 0000 0000 0000 0000 0000 0000 0000 0000 0000 0000 0000 0000 0000 0000 0000 0000 0000 0000 0000 0000 0000 0000 0000 0000 0000 0000 0000 0000 0000 0000 0000 0000 0000 0000 0000 0000 0000 0000 0000 0000 0000 0000 0000 0000 0000 0000 0000 0000 0000 0000 0000 0000 0000 0000 0000 0000 0000 0000 0000 0000 0000 0000 0000 0000 0000 0000 0000 0000 0000 0000 0000 0000 0000 0000 
[0;32mI (156875) SPI_SLAVE: pushed into queue[0m

[0;32mI (156875) MQTT_TASK: Read from queue[0m
[0;32mI (157115) MQTT_CLIENT: Unhandled event id: 7[0m
[1;31mE (157115) esp-tls: [sock=54] connect() error: Host is unreachable[0m
[1;31mE (157115) transport_base: Failed to open a new connection: 32772[0m
[1;31mE (157115) mqtt_client: Error transport connect[0m
[0;32mI (157115) MQTT_CLIENT: MQTT_EVENT_ERROR[0m
[0;32mI (157125) MQTT_CLIENT: MQTT_EVENT_DISCONNECTED[0m
[0;32mI (157725) SPI_SLAVE: Expected: 720 bytes, Got: 720 bytes[0m
[0;32mI (157725) SPI_SLAVE: Received uint16_t data:[0m
0000 0000 0000 0000 0000 0000 0000 0000 0000 0000 0000 0000 0000 0000 0000 0000 0000 0000 0000 0000 0000 0000 0000 0000 0000 0000 0000 0000 0000 0000 0000 0000 0000 0000 0000 0000 0000 0000 0000 0000 0000 0000 0000 0000 0000 0000 0000 0000 0000 0000 0000 0000 0000 0000 0000 0000 0000 0000 0000 0000 0000 0000 0000 0000 0000 0000 0000 0000 0000 0000 0000 0000 0000 0000 0000 0000 0000 0000 0000 0000 0000 0000 0000 0000 0000 0000 0000 0000 0000 0000 0000 0000 0000 0000 0000 0000 0000 0000 0000 0000 0000 0000 0000 0000 0000 0000 0000 0000 0000 0000 0000 0000 0000 0000 0000 0000 0000 0000 0000 0000 0000 0000 0000 0000 0000 0000 0000 0000 0000 0000 0000 0000 0000 0000 0000 0000 0000 0000 0000 0000 0000 0000 0000 0000 0000 0000 0000 0000 0000 0000 0000 0000 0000 0000 0000 0000 0000 0000 0000 0000 0000 0000 0000 0000 0000 0000 0000 0000 0000 0000 0000 0000 0000 0000 0000 0000 0000 0000 0000 0000 0000 0000 0000 0000 0000 0000 0000 0000 0000 0000 0000 0000 0000 0000 0000 0000 0000 0000 0000 0000 0000 0000 0000 0000 0000 0000 0000 0000 0000 0000 0000 0000 0000 0000 0000 0000 0000 0000 0000 0000 0000 0000 0000 0000 0000 0000 0000 0000 0000 0000 0000 0000 0000 0000 0000 0000 0000 0000 0000 0000 0000 0000 0000 0000 0000 0000 0000 0000 0000 0000 0000 0000 0000 0000 0000 0000 0000 0000 0000 0000 0000 0000 0000 0000 0000 0000 0000 0000 0000 0000 0000 0000 0000 0000 0000 0000 0000 0000 0000 0000 0000 0000 0000 0000 0000 0000 0000 0000 0000 0000 0000 0000 0000 0000 0000 0000 0000 0000 0000 0000 0000 0000 0000 0000 0000 0000 0000 0000 0000 0000 0000 0000 0000 0000 0000 0000 0000 0000 0000 0000 0000 0000 0000 0000 0000 0000 0000 0000 0000 0000 0000 0000 0000 0000 0000 0000 0000 0000 0000 0000 0000 0000 0000 0000 0000 0000 0000 0000 0000 0000 0000 0000 0000 0000 0000 0000 0000 0000 0000 0000 
[0;32mI (157875) SPI_SLAVE: pushed into queue[0m

[0;32mI (157875) MQTT_TASK: Read from queue[0m
[0;32mI (158725) SPI_SLAVE: Expected: 720 bytes, Got: 720 bytes[0m
[0;32mI (158725) SPI_SLAVE: Received uint16_t data:[0m
0000 0000 0000 0000 0000 0000 0000 0000 0000 0000 0000 0000 0000 0000 0000 0000 0000 0000 0000 0000 0000 0000 0000 0000 0000 0000 0000 0000 0000 0000 0000 0000 0000 0000 0000 0000 0000 0000 0000 0000 0000 0000 0000 0000 0000 0000 0000 0000 0000 0000 0000 0000 0000 0000 0000 0000 0000 0000 0000 0000 0000 0000 0000 0000 0000 0000 0000 0000 0000 0000 0000 0000 0000 0000 0000 0000 0000 0000 0000 0000 0000 0000 0000 0000 0000 0000 0000 0000 0000 0000 0000 0000 0000 0000 0000 0000 0000 0000 0000 0000 0000 0000 0000 0000 0000 0000 0000 0000 0000 0000 0000 0000 0000 0000 0000 0000 0000 0000 0000 0000 0000 0000 0000 0000 0000 0000 0000 0000 0000 0000 0000 0000 0000 0000 0000 0000 0000 0000 0000 0000 0000 0000 0000 0000 0000 0000 0000 0000 0000 0000 0000 0000 0000 0000 0000 0000 0000 0000 0000 0000 0000 0000 0000 0000 0000 0000 0000 0000 0000 0000 0000 0000 0000 0000 0000 0000 0000 0000 0000 0000 0000 0000 0000 0000 0000 0000 0000 0000 0000 0000 0000 0000 0000 0000 0000 0000 0000 0000 0000 0000 0000 0000 0000 0000 0000 0000 0000 0000 0000 0000 0000 0000 0000 0000 0000 0000 0000 0000 0000 0000 0000 0000 0000 0000 0000 0000 0000 0000 0000 0000 0000 0000 0000 0000 0000 0000 0000 0000 0000 0000 0000 0000 0000 0000 0000 0000 0000 0000 0000 0000 0000 0000 0000 0000 0000 0000 0000 0000 0000 0000 0000 0000 0000 0000 0000 0000 0000 0000 0000 0000 0000 0000 0000 0000 0000 0000 0000 0000 0000 0000 0000 0000 0000 0000 0000 0000 0000 0000 0000 0000 0000 0000 0000 0000 0000 0000 0000 0000 0000 0000 0000 0000 0000 0000 0000 0000 0000 0000 0000 0000 0000 0000 0000 0000 0000 0000 0000 0000 0000 0000 0000 0000 0000 0000 0000 0000 0000 0000 0000 0000 0000 0000 0000 0000 0000 0000 0000 0000 0000 0000 0000 0000 0000 0000 0000 0000 0000 0000 0000 0000 0000 0000 0000 0000 0000 0000 0000 0000 0000 0000 
[0;32mI (158875) SPI_SLAVE: pushed into queue[0m

[0;32mI (158875) MQTT_TASK: Read from queue[0m
[0;32mI (159725) SPI_SLAVE: Expected: 720 bytes, Got: 720 bytes[0m
[0;32mI (159725) SPI_SLAVE: Received uint16_t data:[0m
0000 0000 0000 0000 0000 0000 0000 0000 0000 0000 0000 0000 0000 0000 0000 0000 0000 0000 0000 0000 0000 0000 0000 0000 0000 0000 0000 0000 0000 0000 0000 0000 0000 0000 0000 0000 0000 0000 0000 0000 0000 0000 0000 0000 0000 0000 0000 0000 0000 0000 0000 0000 0000 0000 0000 0000 0000 0000 0000 0000 0000 0000 0000 0000 0000 0000 0000 0000 0000 0000 0000 0000 0000 0000 0000 0000 0000 0000 0000 0000 0000 0000 0000 0000 0000 0000 0000 0000 0000 0000 0000 0000 0000 0000 0000 0000 0000 0000 0000 0000 0000 0000 0000 0000 0000 0000 0000 0000 0000 0000 0000 0000 0000 0000 0000 0000 0000 0000 0000 0000 0000 0000 0000 0000 0000 0000 0000 0000 0000 0000 0000 0000 0000 0000 0000 0000 0000 0000 0000 0000 0000 0000 0000 0000 0000 0000 0000 0000 0000 0000 0000 0000 0000 0000 0000 0000 0000 0000 0000 0000 0000 0000 0000 0000 0000 0000 0000 0000 0000 0000 0000 0000 0000 0000 0000 0000 0000 0000 0000 0000 0000 0000 0000 0000 0000 0000 0000 0000 0000 0000 0000 0000 0000 0000 0000 0000 0000 0000 0000 0000 0000 0000 0000 0000 0000 0000 0000 0000 0000 0000 0000 0000 0000 0000 0000 0000 0000 0000 0000 0000 0000 0000 0000 0000 0000 0000 0000 0000 0000 0000 0000 0000 0000 0000 0000 0000 0000 0000 0000 0000 0000 0000 0000 0000 0000 0000 0000 0000 0000 0000 0000 0000 0000 0000 0000 0000 0000 0000 0000 0000 0000 0000 0000 0000 0000 0000 0000 0000 0000 0000 0000 0000 0000 0000 0000 0000 0000 0000 0000 0000 0000 0000 0000 0000 0000 0000 0000 0000 0000 0000 0000 0000 0000 0000 0000 0000 0000 0000 0000 0000 0000 0000 0000 0000 0000 0000 0000 0000 0000 0000 0000 0000 0000 0000 0000 0000 0000 0000 0000 0000 0000 0000 0000 0000 0000 0000 0000 0000 0000 0000 0000 0000 0000 0000 0000 0000 0000 0000 0000 0000 0000 0000 0000 0000 0000 0000 0000 0000 0000 0000 0000 0000 0000 0000 0000 0000 0000 0000 0000 0000 
[0;32mI (159875) SPI_SLAVE: pushed into queue[0m

[0;32mI (159875) MQTT_TASK: Read from queue[0m
[0;32mI (160725) SPI_SLAVE: Expected: 720 bytes, Got: 720 bytes[0m
[0;32mI (160725) SPI_SLAVE: Received uint16_t data:[0m
0000 0000 0000 0000 0000 0000 0000 0000 0000 0000 0000 0000 0000 0000 0000 0000 0000 0000 0000 0000 0000 0000 0000 0000 0000 0000 0000 0000 0000 0000 0000 0000 0000 0000 0000 0000 0000 0000 0000 0000 0000 0000 0000 0000 0000 0000 0000 0000 0000 0000 0000 0000 0000 0000 0000 0000 0000 0000 0000 0000 0000 0000 0000 0000 0000 0000 0000 0000 0000 0000 0000 0000 0000 0000 0000 0000 0000 0000 0000 0000 0000 0000 0000 0000 0000 0000 0000 0000 0000 0000 0000 0000 0000 0000 0000 0000 0000 0000 0000 0000 0000 0000 0000 0000 0000 0000 0000 0000 0000 0000 0000 0000 0000 0000 0000 0000 0000 0000 0000 0000 0000 0000 0000 0000 0000 0000 0000 0000 0000 0000 0000 0000 0000 0000 0000 0000 0000 0000 0000 0000 0000 0000 0000 0000 0000 0000 0000 0000 0000 0000 0000 0000 0000 0000 0000 0000 0000 0000 0000 0000 0000 0000 0000 0000 0000 0000 0000 0000 0000 0000 0000 0000 0000 0000 0000 0000 0000 0000 0000 0000 0000 0000 0000 0000 0000 0000 0000 0000 0000 0000 0000 0000 0000 0000 0000 0000 0000 0000 0000 0000 0000 0000 0000 0000 0000 0000 0000 0000 0000 0000 0000 0000 0000 0000 0000 0000 0000 0000 0000 0000 0000 0000 0000 0000 0000 0000 0000 0000 0000 0000 0000 0000 0000 0000 0000 0000 0000 0000 0000 0000 0000 0000 0000 0000 0000 0000 0000 0000 0000 0000 0000 0000 0000 0000 0000 0000 0000 0000 0000 0000 0000 0000 0000 0000 0000 0000 0000 0000 0000 0000 0000 0000 0000 0000 0000 0000 0000 0000 0000 0000 0000 0000 0000 0000 0000 0000 0000 0000 0000 0000 0000 0000 0000 0000 0000 0000 0000 0000 0000 0000 0000 0000 0000 0000 0000 0000 0000 0000 0000 0000 0000 0000 0000 0000 0000 0000 0000 0000 0000 0000 0000 0000 0000 0000 0000 0000 0000 0000 0000 0000 0000 0000 0000 0000 0000 0000 0000 0000 0000 0000 0000 0000 0000 0000 0000 0000 0000 0000 0000 0000 0000 0000 0000 0000 0000 0000 0000 0000 0000 0000 
[0;32mI (160875) SPI_SLAVE: pushed into queue[0m

[0;32mI (160875) MQTT_TASK: Read from queue[0m
[0;32mI (161725) SPI_SLAVE: Expected: 720 bytes, Got: 720 bytes[0m
[0;32mI (161725) SPI_SLAVE: Received uint16_t data:[0m
0000 0000 0000 0000 0000 0000 0000 0000 0000 0000 0000 0000 0000 0000 0000 0000 0000 0000 0000 0000 0000 0000 0000 0000 0000 0000 0000 0000 0000 0000 0000 0000 0000 0000 0000 0000 0000 0000 0000 0000 0000 0000 0000 0000 0000 0000 0000 0000 0000 0000 0000 0000 0000 0000 0000 0000 0000 0000 0000 0000 0000 0000 0000 0000 0000 0000 0000 0000 0000 0000 0000 0000 0000 0000 0000 0000 0000 0000 0000 0000 0000 0000 0000 0000 0000 0000 0000 0000 0000 0000 0000 0000 0000 0000 0000 0000 0000 0000 0000 0000 0000 0000 0000 0000 0000 0000 0000 0000 0000 0000 0000 0000 0000 0000 0000 0000 0000 0000 0000 0000 0000 0000 0000 0000 0000 0000 0000 0000 0000 0000 0000 0000 0000 0000 0000 0000 0000 0000 0000 0000 0000 0000 0000 0000 0000 0000 0000 0000 0000 0000 0000 0000 0000 0000 0000 0000 0000 0000 0000 0000 0000 0000 0000 0000 0000 0000 0000 0000 0000 0000 0000 0000 0000 0000 0000 0000 0000 0000 0000 0000 0000 0000 0000 0000 0000 0000 0000 0000 0000 0000 0000 0000 0000 0000 0000 0000 0000 0000 0000 0000 0000 0000 0000 0000 0000 0000 0000 0000 0000 0000 0000 0000 0000 0000 0000 0000 0000 0000 0000 0000 0000 0000 0000 0000 0000 0000 0000 0000 0000 0000 0000 0000 0000 0000 0000 0000 0000 0000 0000 0000 0000 0000 0000 0000 0000 0000 0000 0000 0000 0000 0000 0000 0000 0000 0000 0000 0000 0000 0000 0000 0000 0000 0000 0000 0000 0000 0000 0000 0000 0000 0000 0000 0000 0000 0000 0000 0000 0000 0000 0000 0000 0000 0000 0000 0000 0000 0000 0000 0000 0000 0000 0000 0000 0000 0000 0000 0000 0000 0000 0000 0000 0000 0000 0000 0000 0000 0000 0000 0000 0000 0000 0000 0000 0000 0000 0000 0000 0000 0000 0000 0000 0000 0000 0000 0000 0000 0000 0000 0000 0000 0000 0000 0000 0000 0000 0000 0000 0000 0000 0000 0000 0000 0000 0000 0000 0000 0000 0000 0000 0000 0000 0000 0000 0000 0000 0000 0000 0000 0000 0000 
[0;32mI (161875) SPI_SLAVE: pushed into queue[0m

[0;32mI (161875) MQTT_TASK: Read from queue[0m
[0;32mI (162725) SPI_SLAVE: Expected: 720 bytes, Got: 720 bytes[0m
[0;32mI (162725) SPI_SLAVE: Received uint16_t data:[0m
0000 0000 0000 0000 0000 0000 0000 0000 0000 0000 0000 0000 0000 0000 0000 0000 0000 0000 0000 0000 0000 0000 0000 0000 0000 0000 0000 0000 0000 0000 0000 0000 0000 0000 0000 0000 0000 0000 0000 0000 0000 0000 0000 0000 0000 0000 0000 0000 0000 0000 0000 0000 0000 0000 0000 0000 0000 0000 0000 0000 0000 0000 0000 0000 0000 0000 0000 0000 0000 0000 0000 0000 0000 0000 0000 0000 0000 0000 0000 0000 0000 0000 0000 0000 0000 0000 0000 0000 0000 0000 0000 0000 0000 0000 0000 0000 0000 0000 0000 0000 0000 0000 0000 0000 0000 0000 0000 0000 0000 0000 0000 0000 0000 0000 0000 0000 0000 0000 0000 0000 0000 0000 0000 0000 0000 0000 0000 0000 0000 0000 0000 0000 0000 0000 0000 0000 0000 0000 0000 0000 0000 0000 0000 0000 0000 0000 0000 0000 0000 0000 0000 0000 0000 0000 0000 0000 0000 0000 0000 0000 0000 0000 0000 0000 0000 0000 0000 0000 0000 0000 0000 0000 0000 0000 0000 0000 0000 0000 0000 0000 0000 0000 0000 0000 0000 0000 0000 0000 0000 0000 0000 0000 0000 0000 0000 0000 0000 0000 0000 0000 0000 0000 0000 0000 0000 0000 0000 0000 0000 0000 0000 0000 0000 0000 0000 0000 0000 0000 0000 0000 0000 0000 0000 0000 0000 0000 0000 0000 0000 0000 0000 0000 0000 0000 0000 0000 0000 0000 0000 0000 0000 0000 0000 0000 0000 0000 0000 0000 0000 0000 0000 0000 0000 0000 0000 0000 0000 0000 0000 0000 0000 0000 0000 0000 0000 0000 0000 0000 0000 0000 0000 0000 0000 0000 0000 0000 0000 0000 0000 0000 0000 0000 0000 0000 0000 0000 0000 0000 0000 0000 0000 0000 0000 0000 0000 0000 0000 0000 0000 0000 0000 0000 0000 0000 0000 0000 0000 0000 0000 0000 0000 0000 0000 0000 0000 0000 0000 0000 0000 0000 0000 0000 0000 0000 0000 0000 0000 0000 0000 0000 0000 0000 0000 0000 0000 0000 0000 0000 0000 0000 0000 0000 0000 0000 0000 0000 0000 0000 0000 0000 0000 0000 0000 0000 0000 0000 0000 0000 0000 0000 
[0;32mI (162875) SPI_SLAVE: pushed into queue[0m

[0;32mI (162875) MQTT_TASK: Read from queue[0m
[0;32mI (163725) SPI_SLAVE: Expected: 720 bytes, Got: 720 bytes[0m
[0;32mI (163725) SPI_SLAVE: Received uint16_t data:[0m
0000 0000 0000 0000 0000 0000 0000 0000 0000 0000 0000 0000 0000 0000 0000 0000 0000 0000 0000 0000 0000 0000 0000 0000 0000 0000 0000 0000 0000 0000 0000 0000 0000 0000 0000 0000 0000 0000 0000 0000 0000 0000 0000 0000 0000 0000 0000 0000 0000 0000 0000 0000 0000 0000 0000 0000 0000 0000 0000 0000 0000 0000 0000 0000 0000 0000 0000 0000 0000 0000 0000 0000 0000 0000 0000 0000 0000 0000 0000 0000 0000 0000 0000 0000 0000 0000 0000 0000 0000 0000 0000 0000 0000 0000 0000 0000 0000 0000 0000 0000 0000 0000 0000 0000 0000 0000 0000 0000 0000 0000 0000 0000 0000 0000 0000 0000 0000 0000 0000 0000 0000 0000 0000 0000 0000 0000 0000 0000 0000 0000 0000 0000 0000 0000 0000 0000 0000 0000 0000 0000 0000 0000 0000 0000 0000 0000 0000 0000 0000 0000 0000 0000 0000 0000 0000 0000 0000 0000 0000 0000 0000 0000 0000 0000 0000 0000 0000 0000 0000 0000 0000 0000 0000 0000 0000 0000 0000 0000 0000 0000 0000 0000 0000 0000 0000 0000 0000 0000 0000 0000 0000 0000 0000 0000 0000 0000 0000 0000 0000 0000 0000 0000 0000 0000 0000 0000 0000 0000 0000 0000 0000 0000 0000 0000 0000 0000 0000 0000 0000 0000 0000 0000 0000 0000 0000 0000 0000 0000 0000 0000 0000 0000 0000 0000 0000 0000 0000 0000 0000 0000 0000 0000 0000 0000 0000 0000 0000 0000 0000 0000 0000 0000 0000 0000 0000 0000 0000 0000 0000 0000 0000 0000 0000 0000 0000 0000 0000 0000 0000 0000 0000 0000 0000 0000 0000 0000 0000 0000 0000 0000 0000 0000 0000 0000 0000 0000 0000 0000 0000 0000 0000 0000 0000 0000 0000 0000 0000 0000 0000 0000 0000 0000 0000 0000 0000 0000 0000 0000 0000 0000 0000 0000 0000 0000 0000 0000 0000 0000 0000 0000 0000 0000 0000 0000 0000 0000 0000 0000 0000 0000 0000 0000 0000 0000 0000 0000 0000 0000 0000 0000 0000 0000 0000 0000 0000 0000 0000 0000 0000 0000 0000 0000 0000 0000 0000 0000 0000 0000 0000 0000 
[0;32mI (163875) SPI_SLAVE: pushed into queue[0m

[0;32mI (163875) MQTT_TASK: Read from queue[0m
[0;32mI (164725) SPI_SLAVE: Expected: 720 bytes, Got: 720 bytes[0m
[0;32mI (164725) SPI_SLAVE: Received uint16_t data:[0m
0000 0000 0000 0000 0000 0000 0000 0000 0000 0000 0000 0000 0000 0000 0000 0000 0000 0000 0000 0000 0000 0000 0000 0000 0000 0000 0000 0000 0000 0000 0000 0000 0000 0000 0000 0000 0000 0000 0000 0000 0000 0000 0000 0000 0000 0000 0000 0000 0000 0000 0000 0000 0000 0000 0000 0000 0000 0000 0000 0000 0000 0000 0000 0000 0000 0000 0000 0000 0000 0000 0000 0000 0000 0000 0000 0000 0000 0000 0000 0000 0000 0000 0000 0000 0000 0000 0000 0000 0000 0000 0000 0000 0000 0000 0000 0000 0000 0000 0000 0000 0000 0000 0000 0000 0000 0000 0000 0000 0000 0000 0000 0000 0000 0000 0000 0000 0000 0000 0000 0000 0000 0000 0000 0000 0000 0000 0000 0000 0000 0000 0000 0000 0000 0000 0000 0000 0000 0000 0000 0000 0000 0000 0000 0000 0000 0000 0000 0000 0000 0000 0000 0000 0000 0000 0000 0000 0000 0000 0000 0000 0000 0000 0000 0000 0000 0000 0000 0000 0000 0000 0000 0000 0000 0000 0000 0000 0000 0000 0000 0000 0000 0000 0000 0000 0000 0000 0000 0000 0000 0000 0000 0000 0000 0000 0000 0000 0000 0000 0000 0000 0000 0000 0000 0000 0000 0000 0000 0000 0000 0000 0000 0000 0000 0000 0000 0000 0000 0000 0000 0000 0000 0000 0000 0000 0000 0000 0000 0000 0000 0000 0000 0000 0000 0000 0000 0000 0000 0000 0000 0000 0000 0000 0000 0000 0000 0000 0000 0000 0000 0000 0000 0000 0000 0000 0000 0000 0000 0000 0000 0000 0000 0000 0000 0000 0000 0000 0000 0000 0000 0000 0000 0000 0000 0000 0000 0000 0000 0000 0000 0000 0000 0000 0000 0000 0000 0000 0000 0000 0000 0000 0000 0000 0000 0000 0000 0000 0000 0000 0000 0000 0000 0000 0000 0000 0000 0000 0000 0000 0000 0000 0000 0000 0000 0000 0000 0000 0000 0000 0000 0000 0000 0000 0000 0000 0000 0000 0000 0000 0000 0000 0000 0000 0000 0000 0000 0000 0000 0000 0000 0000 0000 0000 0000 0000 0000 0000 0000 0000 0000 0000 0000 0000 0000 0000 0000 0000 0000 0000 0000 0000 
[0;32mI (164875) SPI_SLAVE: pushed into queue[0m

[0;32mI (164875) MQTT_TASK: Read from queue[0m
[0;32mI (165725) SPI_SLAVE: Expected: 720 bytes, Got: 720 bytes[0m
[0;32mI (165725) SPI_SLAVE: Received uint16_t data:[0m
0000 0000 0000 0000 0000 0000 0000 0000 0000 0000 0000 0000 0000 0000 0000 0000 0000 0000 0000 0000 0000 0000 0000 0000 0000 0000 0000 0000 0000 0000 0000 0000 0000 0000 0000 0000 0000 0000 0000 0000 0000 0000 0000 0000 0000 0000 0000 0000 0000 0000 0000 0000 0000 0000 0000 0000 0000 0000 0000 0000 0000 0000 0000 0000 0000 0000 0000 0000 0000 0000 0000 0000 0000 0000 0000 0000 0000 0000 0000 0000 0000 0000 0000 0000 0000 0000 0000 0000 0000 0000 0000 0000 0000 0000 0000 0000 0000 0000 0000 0000 0000 0000 0000 0000 0000 0000 0000 0000 0000 0000 0000 0000 0000 0000 0000 0000 0000 0000 0000 0000 0000 0000 0000 0000 0000 0000 0000 0000 0000 0000 0000 0000 0000 0000 0000 0000 0000 0000 0000 0000 0000 0000 0000 0000 0000 0000 0000 0000 0000 0000 0000 0000 0000 0000 0000 0000 0000 0000 0000 0000 0000 0000 0000 0000 0000 0000 0000 0000 0000 0000 0000 0000 0000 0000 0000 0000 0000 0000 0000 0000 0000 0000 0000 0000 0000 0000 0000 0000 0000 0000 0000 0000 0000 0000 0000 0000 0000 0000 0000 0000 0000 0000 0000 0000 0000 0000 0000 0000 0000 0000 0000 0000 0000 0000 0000 0000 0000 0000 0000 0000 0000 0000 0000 0000 0000 0000 0000 0000 0000 0000 0000 0000 0000 0000 0000 0000 0000 0000 0000 0000 0000 0000 0000 0000 0000 0000 0000 0000 0000 0000 0000 0000 0000 0000 0000 0000 0000 0000 0000 0000 0000 0000 0000 0000 0000 0000 0000 0000 0000 0000 0000 0000 0000 0000 0000 0000 0000 0000 0000 0000 0000 0000 0000 0000 0000 0000 0000 0000 0000 0000 0000 0000 0000 0000 0000 0000 0000 0000 0000 0000 0000 0000 0000 0000 0000 0000 0000 0000 0000 0000 0000 0000 0000 0000 0000 0000 0000 0000 0000 0000 0000 0000 0000 0000 0000 0000 0000 0000 0000 0000 0000 0000 0000 0000 0000 0000 0000 0000 0000 0000 0000 0000 0000 0000 0000 0000 0000 0000 0000 0000 0000 0000 0000 0000 0000 0000 0000 0000 0000 0000 
[0;32mI (165875) SPI_SLAVE: pushed into queue[0m

[0;32mI (165875) MQTT_TASK: Read from queue[0m
[0;32mI (166725) SPI_SLAVE: Expected: 720 bytes, Got: 720 bytes[0m
[0;32mI (166725) SPI_SLAVE: Received uint16_t data:[0m
0000 0000 0000 0000 0000 0000 0000 0000 0000 0000 0000 0000 0000 0000 0000 0000 0000 0000 0000 0000 0000 0000 0000 0000 0000 0000 0000 0000 0000 0000 0000 0000 0000 0000 0000 0000 0000 0000 0000 0000 0000 0000 0000 0000 0000 0000 0000 0000 0000 0000 0000 0000 0000 0000 0000 0000 0000 0000 0000 0000 0000 0000 0000 0000 0000 0000 0000 0000 0000 0000 0000 0000 0000 0000 0000 0000 0000 0000 0000 0000 0000 0000 0000 0000 0000 0000 0000 0000 0000 0000 0000 0000 0000 0000 0000 0000 0000 0000 0000 0000 0000 0000 0000 0000 0000 0000 0000 0000 0000 0000 0000 0000 0000 0000 0000 0000 0000 0000 0000 0000 0000 0000 0000 0000 0000 0000 0000 0000 0000 0000 0000 0000 0000 0000 0000 0000 0000 0000 0000 0000 0000 0000 0000 0000 0000 0000 0000 0000 0000 0000 0000 0000 0000 0000 0000 0000 0000 0000 0000 0000 0000 0000 0000 0000 0000 0000 0000 0000 0000 0000 0000 0000 0000 0000 0000 0000 0000 0000 0000 0000 0000 0000 0000 0000 0000 0000 0000 0000 0000 0000 0000 0000 0000 0000 0000 0000 0000 0000 0000 0000 0000 0000 0000 0000 0000 0000 0000 0000 0000 0000 0000 0000 0000 0000 0000 0000 0000 0000 0000 0000 0000 0000 0000 0000 0000 0000 0000 0000 0000 0000 0000 0000 0000 0000 0000 0000 0000 0000 0000 0000 0000 0000 0000 0000 0000 0000 0000 0000 0000 0000 0000 0000 0000 0000 0000 0000 0000 0000 0000 0000 0000 0000 0000 0000 0000 0000 0000 0000 0000 0000 0000 0000 0000 0000 0000 0000 0000 0000 0000 0000 0000 0000 0000 0000 0000 0000 0000 0000 0000 0000 0000 0000 0000 0000 0000 0000 0000 0000 0000 0000 0000 0000 0000 0000 0000 0000 0000 0000 0000 0000 0000 0000 0000 0000 0000 0000 0000 0000 0000 0000 0000 0000 0000 0000 0000 0000 0000 0000 0000 0000 0000 0000 0000 0000 0000 0000 0000 0000 0000 0000 0000 0000 0000 0000 0000 0000 0000 0000 0000 0000 0000 0000 0000 0000 0000 0000 0000 0000 0000 0000 
[0;32mI (166875) SPI_SLAVE: pushed into queue[0m

[0;32mI (166875) MQTT_TASK: Read from queue[0m
[0;32mI (167725) SPI_SLAVE: Expected: 720 bytes, Got: 720 bytes[0m
[0;32mI (167725) SPI_SLAVE: Received uint16_t data:[0m
0000 0000 0000 0000 0000 0000 0000 0000 0000 0000 0000 0000 0000 0000 0000 0000 0000 0000 0000 0000 0000 0000 0000 0000 0000 0000 0000 0000 0000 0000 0000 0000 0000 0000 0000 0000 0000 0000 0000 0000 0000 0000 0000 0000 0000 0000 0000 0000 0000 0000 0000 0000 0000 0000 0000 0000 0000 0000 0000 0000 0000 0000 0000 0000 0000 0000 0000 0000 0000 0000 0000 0000 0000 0000 0000 0000 0000 0000 0000 0000 0000 0000 0000 0000 0000 0000 0000 0000 0000 0000 0000 0000 0000 0000 0000 0000 0000 0000 0000 0000 0000 0000 0000 0000 0000 0000 0000 0000 0000 0000 0000 0000 0000 0000 0000 0000 0000 0000 0000 0000 0000 0000 0000 0000 0000 0000 0000 0000 0000 0000 0000 0000 0000 0000 0000 0000 0000 0000 0000 0000 0000 0000 0000 0000 0000 0000 0000 0000 0000 0000 0000 0000 0000 0000 0000 0000 0000 0000 0000 0000 0000 0000 0000 0000 0000 0000 0000 0000 0000 0000 0000 0000 0000 0000 0000 0000 0000 0000 0000 0000 0000 0000 0000 0000 0000 0000 0000 0000 0000 0000 0000 0000 0000 0000 0000 0000 0000 0000 0000 0000 0000 0000 0000 0000 0000 0000 0000 0000 0000 0000 0000 0000 0000 0000 0000 0000 0000 0000 0000 0000 0000 0000 0000 0000 0000 0000 0000 0000 0000 0000 0000 0000 0000 0000 0000 0000 0000 0000 0000 0000 0000 0000 0000 0000 0000 0000 0000 0000 0000 0000 0000 0000 0000 0000 0000 0000 0000 0000 0000 0000 0000 0000 0000 0000 0000 0000 0000 0000 0000 0000 0000 0000 0000 0000 0000 0000 0000 0000 0000 0000 0000 0000 0000 0000 0000 0000 0000 0000 0000 0000 0000 0000 0000 0000 0000 0000 0000 0000 0000 0000 0000 0000 0000 0000 0000 0000 0000 0000 0000 0000 0000 0000 0000 0000 0000 0000 0000 0000 0000 0000 0000 0000 0000 0000 0000 0000 0000 0000 0000 0000 0000 0000 0000 0000 0000 0000 0000 0000 0000 0000 0000 0000 0000 0000 0000 0000 0000 0000 0000 0000 0000 0000 0000 0000 0000 0000 0000 0000 0000 0000 
[0;32mI (167875) SPI_SLAVE: pushed into queue[0m

[0;32mI (167875) MQTT_TASK: Read from queue[0m
[0;32mI (168725) SPI_SLAVE: Expected: 720 bytes, Got: 720 bytes[0m
[0;32mI (168725) SPI_SLAVE: Received uint16_t data:[0m
0000 0000 0000 0000 0000 0000 0000 0000 0000 0000 0000 0000 0000 0000 0000 0000 0000 0000 0000 0000 0000 0000 0000 0000 0000 0000 0000 0000 0000 0000 0000 0000 0000 0000 0000 0000 0000 0000 0000 0000 0000 0000 0000 0000 0000 0000 0000 0000 0000 0000 0000 0000 0000 0000 0000 0000 0000 0000 0000 0000 0000 0000 0000 0000 0000 0000 0000 0000 0000 0000 0000 0000 0000 0000 0000 0000 0000 0000 0000 0000 0000 0000 0000 0000 0000 0000 0000 0000 0000 0000 0000 0000 0000 0000 0000 0000 0000 0000 0000 0000 0000 0000 0000 0000 0000 0000 0000 0000 0000 0000 0000 0000 0000 0000 0000 0000 0000 0000 0000 0000 0000 0000 0000 0000 0000 0000 0000 0000 0000 0000 0000 0000 0000 0000 0000 0000 0000 0000 0000 0000 0000 0000 0000 0000 0000 0000 0000 0000 0000 0000 0000 0000 0000 0000 0000 0000 0000 0000 0000 0000 0000 0000 0000 0000 0000 0000 0000 0000 0000 0000 0000 0000 0000 0000 0000 0000 0000 0000 0000 0000 0000 0000 0000 0000 0000 0000 0000 0000 0000 0000 0000 0000 0000 0000 0000 0000 0000 0000 0000 0000 0000 0000 0000 0000 0000 0000 0000 0000 0000 0000 0000 0000 0000 0000 0000 0000 0000 0000 0000 0000 0000 0000 0000 0000 0000 0000 0000 0000 0000 0000 0000 0000 0000 0000 0000 0000 0000 0000 0000 0000 0000 0000 0000 0000 0000 0000 0000 0000 0000 0000 0000 0000 0000 0000 0000 0000 0000 0000 0000 0000 0000 0000 0000 0000 0000 0000 0000 0000 0000 0000 0000 0000 0000 0000 0000 0000 0000 0000 0000 0000 0000 0000 0000 0000 0000 0000 0000 0000 0000 0000 0000 0000 0000 0000 0000 0000 0000 0000 0000 0000 0000 0000 0000 0000 0000 0000 0000 0000 0000 0000 0000 0000 0000 0000 0000 0000 0000 0000 0000 0000 0000 0000 0000 0000 0000 0000 0000 0000 0000 0000 0000 0000 0000 0000 0000 0000 0000 0000 0000 0000 0000 0000 0000 0000 0000 0000 0000 0000 0000 0000 0000 0000 0000 0000 0000 0000 0000 0000 0000 0000 
[0;32mI (168875) SPI_SLAVE: pushed into queue[0m

[0;32mI (168875) MQTT_TASK: Read from queue[0m
[0;32mI (169725) SPI_SLAVE: Expected: 720 bytes, Got: 720 bytes[0m
[0;32mI (169725) SPI_SLAVE: Received uint16_t data:[0m
0000 0000 0000 0000 0000 0000 0000 0000 0000 0000 0000 0000 0000 0000 0000 0000 0000 0000 0000 0000 0000 0000 0000 0000 0000 0000 0000 0000 0000 0000 0000 0000 0000 0000 0000 0000 0000 0000 0000 0000 0000 0000 0000 0000 0000 0000 0000 0000 0000 0000 0000 0000 0000 0000 0000 0000 0000 0000 0000 0000 0000 0000 0000 0000 0000 0000 0000 0000 0000 0000 0000 0000 0000 0000 0000 0000 0000 0000 0000 0000 0000 0000 0000 0000 0000 0000 0000 0000 0000 0000 0000 0000 0000 0000 0000 0000 0000 0000 0000 0000 0000 0000 0000 0000 0000 0000 0000 0000 0000 0000 0000 0000 0000 0000 0000 0000 0000 0000 0000 0000 0000 0000 0000 0000 0000 0000 0000 0000 0000 0000 0000 0000 0000 0000 0000 0000 0000 0000 0000 0000 0000 0000 0000 0000 0000 0000 0000 0000 0000 0000 0000 0000 0000 0000 0000 0000 0000 0000 0000 0000 0000 0000 0000 0000 0000 0000 0000 0000 0000 0000 0000 0000 0000 0000 0000 0000 0000 0000 0000 0000 0000 0000 0000 0000 0000 0000 0000 0000 0000 0000 0000 0000 0000 0000 0000 0000 0000 0000 0000 0000 0000 0000 0000 0000 0000 0000 0000 0000 0000 0000 0000 0000 0000 0000 0000 0000 0000 0000 0000 0000 0000 0000 0000 0000 0000 0000 0000 0000 0000 0000 0000 0000 0000 0000 0000 0000 0000 0000 0000 0000 0000 0000 0000 0000 0000 0000 0000 0000 0000 0000 0000 0000 0000 0000 0000 0000 0000 0000 0000 0000 0000 0000 0000 0000 0000 0000 0000 0000 0000 0000 0000 0000 0000 0000 0000 0000 0000 0000 0000 0000 0000 0000 0000 0000 0000 0000 0000 0000 0000 0000 0000 0000 0000 0000 0000 0000 0000 0000 0000 0000 0000 0000 0000 0000 0000 0000 0000 0000 0000 0000 0000 0000 0000 0000 0000 0000 0000 0000 0000 0000 0000 0000 0000 0000 0000 0000 0000 0000 0000 0000 0000 0000 0000 0000 0000 0000 0000 0000 0000 0000 0000 0000 0000 0000 0000 0000 0000 0000 0000 0000 0000 0000 0000 0000 0000 0000 0000 0000 0000 0000 
[0;32mI (169875) SPI_SLAVE: pushed into queue[0m

[0;32mI (169875) MQTT_TASK: Read from queue[0m
[0;32mI (170725) SPI_SLAVE: Expected: 720 bytes, Got: 720 bytes[0m
[0;32mI (170725) SPI_SLAVE: Received uint16_t data:[0m
0000 0000 0000 0000 0000 0000 0000 0000 0000 0000 0000 0000 0000 0000 0000 0000 0000 0000 0000 0000 0000 0000 0000 0000 0000 0000 0000 0000 0000 0000 0000 0000 0000 0000 0000 0000 0000 0000 0000 0000 0000 0000 0000 0000 0000 0000 0000 0000 0000 0000 0000 0000 0000 0000 0000 0000 0000 0000 0000 0000 0000 0000 0000 0000 0000 0000 0000 0000 0000 0000 0000 0000 0000 0000 0000 0000 0000 0000 0000 0000 0000 0000 0000 0000 0000 0000 0000 0000 0000 0000 0000 0000 0000 0000 0000 0000 0000 0000 0000 0000 0000 0000 0000 0000 0000 0000 0000 0000 0000 0000 0000 0000 0000 0000 0000 0000 0000 0000 0000 0000 0000 0000 0000 0000 0000 0000 0000 0000 0000 0000 0000 0000 0000 0000 0000 0000 0000 0000 0000 0000 0000 0000 0000 0000 0000 0000 0000 0000 0000 0000 0000 0000 0000 0000 0000 0000 0000 0000 0000 0000 0000 0000 0000 0000 0000 0000 0000 0000 0000 0000 0000 0000 0000 0000 0000 0000 0000 0000 0000 0000 0000 0000 0000 0000 0000 0000 0000 0000 0000 0000 0000 0000 0000 0000 0000 0000 0000 0000 0000 0000 0000 0000 0000 0000 0000 0000 0000 0000 0000 0000 0000 0000 0000 0000 0000 0000 0000 0000 0000 0000 0000 0000 0000 0000 0000 0000 0000 0000 0000 0000 0000 0000 0000 0000 0000 0000 0000 0000 0000 0000 0000 0000 0000 0000 0000 0000 0000 0000 0000 0000 0000 0000 0000 0000 0000 0000 0000 0000 0000 0000 0000 0000 0000 0000 0000 0000 0000 0000 0000 0000 0000 0000 0000 0000 0000 0000 0000 0000 0000 0000 0000 0000 0000 0000 0000 0000 0000 0000 0000 0000 0000 0000 0000 0000 0000 0000 0000 0000 0000 0000 0000 0000 0000 0000 0000 0000 0000 0000 0000 0000 0000 0000 0000 0000 0000 0000 0000 0000 0000 0000 0000 0000 0000 0000 0000 0000 0000 0000 0000 0000 0000 0000 0000 0000 0000 0000 0000 0000 0000 0000 0000 0000 0000 0000 0000 0000 0000 0000 0000 0000 0000 0000 0000 0000 0000 0000 0000 0000 0000 0000 
[0;32mI (170875) SPI_SLAVE: pushed into queue[0m

[0;32mI (170875) MQTT_TASK: Read from queue[0m
[0;32mI (171725) SPI_SLAVE: Expected: 720 bytes, Got: 720 bytes[0m
[0;32mI (171725) SPI_SLAVE: Received uint16_t data:[0m
0000 0000 0000 0000 0000 0000 0000 0000 0000 0000 0000 0000 0000 0000 0000 0000 0000 0000 0000 0000 0000 0000 0000 0000 0000 0000 0000 0000 0000 0000 0000 0000 0000 0000 0000 0000 0000 0000 0000 0000 0000 0000 0000 0000 0000 0000 0000 0000 0000 0000 0000 0000 0000 0000 0000 0000 0000 0000 0000 0000 0000 0000 0000 0000 0000 0000 0000 0000 0000 0000 0000 0000 0000 0000 0000 0000 0000 0000 0000 0000 0000 0000 0000 0000 0000 0000 0000 0000 0000 0000 0000 0000 0000 0000 0000 0000 0000 0000 0000 0000 0000 0000 0000 0000 0000 0000 0000 0000 0000 0000 0000 0000 0000 0000 0000 0000 0000 0000 0000 0000 0000 0000 0000 0000 0000 0000 0000 0000 0000 0000 0000 0000 0000 0000 0000 0000 0000 0000 0000 0000 0000 0000 0000 0000 0000 0000 0000 0000 0000 0000 0000 0000 0000 0000 0000 0000 0000 0000 0000 0000 0000 0000 0000 0000 0000 0000 0000 0000 0000 0000 0000 0000 0000 0000 0000 0000 0000 0000 0000 0000 0000 0000 0000 0000 0000 0000 0000 0000 0000 0000 0000 0000 0000 0000 0000 0000 0000 0000 0000 0000 0000 0000 0000 0000 0000 0000 0000 0000 0000 0000 0000 0000 0000 0000 0000 0000 0000 0000 0000 0000 0000 0000 0000 0000 0000 0000 0000 0000 0000 0000 0000 0000 0000 0000 0000 0000 0000 0000 0000 0000 0000 0000 0000 0000 0000 0000 0000 0000 0000 0000 0000 0000 0000 0000 0000 0000 0000 0000 0000 0000 0000 0000 0000 0000 0000 0000 0000 0000 0000 0000 0000 0000 0000 0000 0000 0000 0000 0000 0000 0000 0000 0000 0000 0000 0000 0000 0000 0000 0000 0000 0000 0000 0000 0000 0000 0000 0000 0000 0000 0000 0000 0000 0000 0000 0000 0000 0000 0000 0000 0000 0000 0000 0000 0000 0000 0000 0000 0000 0000 0000 0000 0000 0000 0000 0000 0000 0000 0000 0000 0000 0000 0000 0000 0000 0000 0000 0000 0000 0000 0000 0000 0000 0000 0000 0000 0000 0000 0000 0000 0000 0000 0000 0000 0000 0000 0000 0000 0000 0000 0000 
[0;32mI (171875) SPI_SLAVE: pushed into queue[0m

[0;32mI (171875) MQTT_TASK: Read from queue[0m
[0;32mI (172125) MQTT_CLIENT: Unhandled event id: 7[0m
[1;31mE (172125) esp-tls: [sock=54] connect() error: Host is unreachable[0m
[1;31mE (172125) transport_base: Failed to open a new connection: 32772[0m
[1;31mE (172125) mqtt_client: Error transport connect[0m
[0;32mI (172125) MQTT_CLIENT: MQTT_EVENT_ERROR[0m
[0;32mI (172135) MQTT_CLIENT: MQTT_EVENT_DISCONNECTED[0m
[0;32mI (172725) SPI_SLAVE: Expected: 720 bytes, Got: 720 bytes[0m
[0;32mI (172725) SPI_SLAVE: Received uint16_t data:[0m
0000 0000 0000 0000 0000 0000 0000 0000 0000 0000 0000 0000 0000 0000 0000 0000 0000 0000 0000 0000 0000 0000 0000 0000 0000 0000 0000 0000 0000 0000 0000 0000 0000 0000 0000 0000 0000 0000 0000 0000 0000 0000 0000 0000 0000 0000 0000 0000 0000 0000 0000 0000 0000 0000 0000 0000 0000 0000 0000 0000 0000 0000 0000 0000 0000 0000 0000 0000 0000 0000 0000 0000 0000 0000 0000 0000 0000 0000 0000 0000 0000 0000 0000 0000 0000 0000 0000 0000 0000 0000 0000 0000 0000 0000 0000 0000 0000 0000 0000 0000 0000 0000 0000 0000 0000 0000 0000 0000 0000 0000 0000 0000 0000 0000 0000 0000 0000 0000 0000 0000 0000 0000 0000 0000 0000 0000 0000 0000 0000 0000 0000 0000 0000 0000 0000 0000 0000 0000 0000 0000 0000 0000 0000 0000 0000 0000 0000 0000 0000 0000 0000 0000 0000 0000 0000 0000 0000 0000 0000 0000 0000 0000 0000 0000 0000 0000 0000 0000 0000 0000 0000 0000 0000 0000 0000 0000 0000 0000 0000 0000 0000 0000 0000 0000 0000 0000 0000 0000 0000 0000 0000 0000 0000 0000 0000 0000 0000 0000 0000 0000 0000 0000 0000 0000 0000 0000 0000 0000 0000 0000 0000 0000 0000 0000 0000 0000 0000 0000 0000 0000 0000 0000 0000 0000 0000 0000 0000 0000 0000 0000 0000 0000 0000 0000 0000 0000 0000 0000 0000 0000 0000 0000 0000 0000 0000 0000 0000 0000 0000 0000 0000 0000 0000 0000 0000 0000 0000 0000 0000 0000 0000 0000 0000 0000 0000 0000 0000 0000 0000 0000 0000 0000 0000 0000 0000 0000 0000 0000 0000 0000 0000 0000 0000 0000 0000 0000 0000 0000 0000 0000 0000 0000 0000 0000 0000 0000 0000 0000 0000 0000 0000 0000 0000 0000 0000 0000 0000 0000 0000 0000 0000 0000 0000 0000 0000 0000 0000 0000 0000 0000 0000 0000 0000 0000 0000 0000 0000 0000 0000 0000 0000 0000 0000 0000 0000 0000 0000 0000 0000 0000 0000 0000 0000 0000 0000 0000 0000 0000 0000 0000 0000 0000 0000 0000 0000 0000 0000 0000 0000 0000 
[0;32mI (172875) SPI_SLAVE: pushed into queue[0m

[0;32mI (172875) MQTT_TASK: Read from queue[0m
[0;32mI (173725) SPI_SLAVE: Expected: 720 bytes, Got: 720 bytes[0m
[0;32mI (173725) SPI_SLAVE: Received uint16_t data:[0m
0000 0000 0000 0000 0000 0000 0000 0000 0000 0000 0000 0000 0000 0000 0000 0000 0000 0000 0000 0000 0000 0000 0000 0000 0000 0000 0000 0000 0000 0000 0000 0000 0000 0000 0000 0000 0000 0000 0000 0000 0000 0000 0000 0000 0000 0000 0000 0000 0000 0000 0000 0000 0000 0000 0000 0000 0000 0000 0000 0000 0000 0000 0000 0000 0000 0000 0000 0000 0000 0000 0000 0000 0000 0000 0000 0000 0000 0000 0000 0000 0000 0000 0000 0000 0000 0000 0000 0000 0000 0000 0000 0000 0000 0000 0000 0000 0000 0000 0000 0000 0000 0000 0000 0000 0000 0000 0000 0000 0000 0000 0000 0000 0000 0000 0000 0000 0000 0000 0000 0000 0000 0000 0000 0000 0000 0000 0000 0000 0000 0000 0000 0000 0000 0000 0000 0000 0000 0000 0000 0000 0000 0000 0000 0000 0000 0000 0000 0000 0000 0000 0000 0000 0000 0000 0000 0000 0000 0000 0000 0000 0000 0000 0000 0000 0000 0000 0000 0000 0000 0000 0000 0000 0000 0000 0000 0000 0000 0000 0000 0000 0000 0000 0000 0000 0000 0000 0000 0000 0000 0000 0000 0000 0000 0000 0000 0000 0000 0000 0000 0000 0000 0000 0000 0000 0000 0000 0000 0000 0000 0000 0000 0000 0000 0000 0000 0000 0000 0000 0000 0000 0000 0000 0000 0000 0000 0000 0000 0000 0000 0000 0000 0000 0000 0000 0000 0000 0000 0000 0000 0000 0000 0000 0000 0000 0000 0000 0000 0000 0000 0000 0000 0000 0000 0000 0000 0000 0000 0000 0000 0000 0000 0000 0000 0000 0000 0000 0000 0000 0000 0000 0000 0000 0000 0000 0000 0000 0000 0000 0000 0000 0000 0000 0000 0000 0000 0000 0000 0000 0000 0000 0000 0000 0000 0000 0000 0000 0000 0000 0000 0000 0000 0000 0000 0000 0000 0000 0000 0000 0000 0000 0000 0000 0000 0000 0000 0000 0000 0000 0000 0000 0000 0000 0000 0000 0000 0000 0000 0000 0000 0000 0000 0000 0000 0000 0000 0000 0000 0000 0000 0000 0000 0000 0000 0000 0000 0000 0000 0000 0000 0000 0000 0000 0000 0000 0000 0000 0000 0000 0000 0000 
[0;32mI (173875) SPI_SLAVE: pushed into queue[0m

[0;32mI (173875) MQTT_TASK: Read from queue[0m
[0;32mI (174725) SPI_SLAVE: Expected: 720 bytes, Got: 720 bytes[0m
[0;32mI (174725) SPI_SLAVE: Received uint16_t data:[0m
0000 0000 0000 0000 0000 0000 0000 0000 0000 0000 0000 0000 0000 0000 0000 0000 0000 0000 0000 0000 0000 0000 0000 0000 0000 0000 0000 0000 0000 0000 0000 0000 0000 0000 0000 0000 0000 0000 0000 0000 0000 0000 0000 0000 0000 0000 0000 0000 0000 0000 0000 0000 0000 0000 0000 0000 0000 0000 0000 0000 0000 0000 0000 0000 0000 0000 0000 0000 0000 0000 0000 0000 0000 0000 0000 0000 0000 0000 0000 0000 0000 0000 0000 0000 0000 0000 0000 0000 0000 0000 0000 0000 0000 0000 0000 0000 0000 0000 0000 0000 0000 0000 0000 0000 0000 0000 0000 0000 0000 0000 0000 0000 0000 0000 0000 0000 0000 0000 0000 0000 0000 0000 0000 0000 0000 0000 0000 0000 0000 0000 0000 0000 0000 0000 0000 0000 0000 0000 0000 0000 0000 0000 0000 0000 0000 0000 0000 0000 0000 0000 0000 0000 0000 0000 0000 0000 0000 0000 0000 0000 0000 0000 0000 0000 0000 0000 0000 0000 0000 0000 0000 0000 0000 0000 0000 0000 0000 0000 0000 0000 0000 0000 0000 0000 0000 0000 0000 0000 0000 0000 0000 0000 0000 0000 0000 0000 0000 0000 0000 0000 0000 0000 0000 0000 0000 0000 0000 0000 0000 0000 0000 0000 0000 0000 0000 0000 0000 0000 0000 0000 0000 0000 0000 0000 0000 0000 0000 0000 0000 0000 0000 0000 0000 0000 0000 0000 0000 0000 0000 0000 0000 0000 0000 0000 0000 0000 0000 0000 0000 0000 0000 0000 0000 0000 0000 0000 0000 0000 0000 0000 0000 0000 0000 0000 0000 0000 0000 0000 0000 0000 0000 0000 0000 0000 0000 0000 0000 0000 0000 0000 0000 0000 0000 0000 0000 0000 0000 0000 0000 0000 0000 0000 0000 0000 0000 0000 0000 0000 0000 0000 0000 0000 0000 0000 0000 0000 0000 0000 0000 0000 0000 0000 0000 0000 0000 0000 0000 0000 0000 0000 0000 0000 0000 0000 0000 0000 0000 0000 0000 0000 0000 0000 0000 0000 0000 0000 0000 0000 0000 0000 0000 0000 0000 0000 0000 0000 0000 0000 0000 0000 0000 0000 0000 0000 0000 0000 0000 0000 0000 0000 
[0;32mI (174875) SPI_SLAVE: pushed into queue[0m

[0;32mI (174875) MQTT_TASK: Read from queue[0m
[0;32mI (175725) SPI_SLAVE: Expected: 720 bytes, Got: 720 bytes[0m
[0;32mI (175725) SPI_SLAVE: Received uint16_t data:[0m
0000 0000 0000 0000 0000 0000 0000 0000 0000 0000 0000 0000 0000 0000 0000 0000 0000 0000 0000 0000 0000 0000 0000 0000 0000 0000 0000 0000 0000 0000 0000 0000 0000 0000 0000 0000 0000 0000 0000 0000 0000 0000 0000 0000 0000 0000 0000 0000 0000 0000 0000 0000 0000 0000 0000 0000 0000 0000 0000 0000 0000 0000 0000 0000 0000 0000 0000 0000 0000 0000 0000 0000 0000 0000 0000 0000 0000 0000 0000 0000 0000 0000 0000 0000 0000 0000 0000 0000 0000 0000 0000 0000 0000 0000 0000 0000 0000 0000 0000 0000 0000 0000 0000 0000 0000 0000 0000 0000 0000 0000 0000 0000 0000 0000 0000 0000 0000 0000 0000 0000 0000 0000 0000 0000 0000 0000 0000 0000 0000 0000 0000 0000 0000 0000 0000 0000 0000 0000 0000 0000 0000 0000 0000 0000 0000 0000 0000 0000 0000 0000 0000 0000 0000 0000 0000 0000 0000 0000 0000 0000 0000 0000 0000 0000 0000 0000 0000 0000 0000 0000 0000 0000 0000 0000 0000 0000 0000 0000 0000 0000 0000 0000 0000 0000 0000 0000 0000 0000 0000 0000 0000 0000 0000 0000 0000 0000 0000 0000 0000 0000 0000 0000 0000 0000 0000 0000 0000 0000 0000 0000 0000 0000 0000 0000 0000 0000 0000 0000 0000 0000 0000 0000 0000 0000 0000 0000 0000 0000 0000 0000 0000 0000 0000 0000 0000 0000 0000 0000 0000 0000 0000 0000 0000 0000 0000 0000 0000 0000 0000 0000 0000 0000 0000 0000 0000 0000 0000 0000 0000 0000 0000 0000 0000 0000 0000 0000 0000 0000 0000 0000 0000 0000 0000 0000 0000 0000 0000 0000 0000 0000 0000 0000 0000 0000 0000 0000 0000 0000 0000 0000 0000 0000 0000 0000 0000 0000 0000 0000 0000 0000 0000 0000 0000 0000 0000 0000 0000 0000 0000 0000 0000 0000 0000 0000 0000 0000 0000 0000 0000 0000 0000 0000 0000 0000 0000 0000 0000 0000 0000 0000 0000 0000 0000 0000 0000 0000 0000 0000 0000 0000 0000 0000 0000 0000 0000 0000 0000 0000 0000 0000 0000 0000 0000 0000 0000 0000 0000 0000 0000 0000 
[0;32mI (175875) SPI_SLAVE: pushed into queue[0m

[0;32mI (175875) MQTT_TASK: Read from queue[0m
[0;32mI (176725) SPI_SLAVE: Expected: 720 bytes, Got: 720 bytes[0m
[0;32mI (176725) SPI_SLAVE: Received uint16_t data:[0m
0000 0000 0000 0000 0000 0000 0000 0000 0000 0000 0000 0000 0000 0000 0000 0000 0000 0000 0000 0000 0000 0000 0000 0000 0000 0000 0000 0000 0000 0000 0000 0000 0000 0000 0000 0000 0000 0000 0000 0000 0000 0000 0000 0000 0000 0000 0000 0000 0000 0000 0000 0000 0000 0000 0000 0000 0000 0000 0000 0000 0000 0000 0000 0000 0000 0000 0000 0000 0000 0000 0000 0000 0000 0000 0000 0000 0000 0000 0000 0000 0000 0000 0000 0000 0000 0000 0000 0000 0000 0000 0000 0000 0000 0000 0000 0000 0000 0000 0000 0000 0000 0000 0000 0000 0000 0000 0000 0000 0000 0000 0000 0000 0000 0000 0000 0000 0000 0000 0000 0000 0000 0000 0000 0000 0000 0000 0000 0000 0000 0000 0000 0000 0000 0000 0000 0000 0000 0000 0000 0000 0000 0000 0000 0000 0000 0000 0000 0000 0000 0000 0000 0000 0000 0000 0000 0000 0000 0000 0000 0000 0000 0000 0000 0000 0000 0000 0000 0000 0000 0000 0000 0000 0000 0000 0000 0000 0000 0000 0000 0000 0000 0000 0000 0000 0000 0000 0000 0000 0000 0000 0000 0000 0000 0000 0000 0000 0000 0000 0000 0000 0000 0000 0000 0000 0000 0000 0000 0000 0000 0000 0000 0000 0000 0000 0000 0000 0000 0000 0000 0000 0000 0000 0000 0000 0000 0000 0000 0000 0000 0000 0000 0000 0000 0000 0000 0000 0000 0000 0000 0000 0000 0000 0000 0000 0000 0000 0000 0000 0000 0000 0000 0000 0000 0000 0000 0000 0000 0000 0000 0000 0000 0000 0000 0000 0000 0000 0000 0000 0000 0000 0000 0000 0000 0000 0000 0000 0000 0000 0000 0000 0000 0000 0000 0000 0000 0000 0000 0000 0000 0000 0000 0000 0000 0000 0000 0000 0000 0000 0000 0000 0000 0000 0000 0000 0000 0000 0000 0000 0000 0000 0000 0000 0000 0000 0000 0000 0000 0000 0000 0000 0000 0000 0000 0000 0000 0000 0000 0000 0000 0000 0000 0000 0000 0000 0000 0000 0000 0000 0000 0000 0000 0000 0000 0000 0000 0000 0000 0000 0000 0000 0000 0000 0000 0000 0000 0000 0000 0000 0000 0000 
[0;32mI (176875) SPI_SLAVE: pushed into queue[0m

[0;32mI (176875) MQTT_TASK: Read from queue[0m
[0;32mI (177725) SPI_SLAVE: Expected: 720 bytes, Got: 720 bytes[0m
[0;32mI (177725) SPI_SLAVE: Received uint16_t data:[0m
0000 0000 0000 0000 0000 0000 0000 0000 0000 0000 0000 0000 0000 0000 0000 0000 0000 0000 0000 0000 0000 0000 0000 0000 0000 0000 0000 0000 0000 0000 0000 0000 0000 0000 0000 0000 0000 0000 0000 0000 0000 0000 0000 0000 0000 0000 0000 0000 0000 0000 0000 0000 0000 0000 0000 0000 0000 0000 0000 0000 0000 0000 0000 0000 0000 0000 0000 0000 0000 0000 0000 0000 0000 0000 0000 0000 0000 0000 0000 0000 0000 0000 0000 0000 0000 0000 0000 0000 0000 0000 0000 0000 0000 0000 0000 0000 0000 0000 0000 0000 0000 0000 0000 0000 0000 0000 0000 0000 0000 0000 0000 0000 0000 0000 0000 0000 0000 0000 0000 0000 0000 0000 0000 0000 0000 0000 0000 0000 0000 0000 0000 0000 0000 0000 0000 0000 0000 0000 0000 0000 0000 0000 0000 0000 0000 0000 0000 0000 0000 0000 0000 0000 0000 0000 0000 0000 0000 0000 0000 0000 0000 0000 0000 0000 0000 0000 0000 0000 0000 0000 0000 0000 0000 0000 0000 0000 0000 0000 0000 0000 0000 0000 0000 0000 0000 0000 0000 0000 0000 0000 0000 0000 0000 0000 0000 0000 0000 0000 0000 0000 0000 0000 0000 0000 0000 0000 0000 0000 0000 0000 0000 0000 0000 0000 0000 0000 0000 0000 0000 0000 0000 0000 0000 0000 0000 0000 0000 0000 0000 0000 0000 0000 0000 0000 0000 0000 0000 0000 0000 0000 0000 0000 0000 0000 0000 0000 0000 0000 0000 0000 0000 0000 0000 0000 0000 0000 0000 0000 0000 0000 0000 0000 0000 0000 0000 0000 0000 0000 0000 0000 0000 0000 0000 0000 0000 0000 0000 0000 0000 0000 0000 0000 0000 0000 0000 0000 0000 0000 0000 0000 0000 0000 0000 0000 0000 0000 0000 0000 0000 0000 0000 0000 0000 0000 0000 0000 0000 0000 0000 0000 0000 0000 0000 0000 0000 0000 0000 0000 0000 0000 0000 0000 0000 0000 0000 0000 0000 0000 0000 0000 0000 0000 0000 0000 0000 0000 0000 0000 0000 0000 0000 0000 0000 0000 0000 0000 0000 0000 0000 0000 0000 0000 0000 0000 0000 0000 0000 0000 0000 0000 
[0;32mI (177875) SPI_SLAVE: pushed into queue[0m

[0;32mI (177875) MQTT_TASK: Read from queue[0m
[0;32mI (178725) SPI_SLAVE: Expected: 720 bytes, Got: 720 bytes[0m
[0;32mI (178725) SPI_SLAVE: Received uint16_t data:[0m
0000 0000 0000 0000 0000 0000 0000 0000 0000 0000 0000 0000 0000 0000 0000 0000 0000 0000 0000 0000 0000 0000 0000 0000 0000 0000 0000 0000 0000 0000 0000 0000 0000 0000 0000 0000 0000 0000 0000 0000 0000 0000 0000 0000 0000 0000 0000 0000 0000 0000 0000 0000 0000 0000 0000 0000 0000 0000 0000 0000 0000 0000 0000 0000 0000 0000 0000 0000 0000 0000 0000 0000 0000 0000 0000 0000 0000 0000 0000 0000 0000 0000 0000 0000 0000 0000 0000 0000 0000 0000 0000 0000 0000 0000 0000 0000 0000 0000 0000 0000 0000 0000 0000 0000 0000 0000 0000 0000 0000 0000 0000 0000 0000 0000 0000 0000 0000 0000 0000 0000 0000 0000 0000 0000 0000 0000 0000 0000 0000 0000 0000 0000 0000 0000 0000 0000 0000 0000 0000 0000 0000 0000 0000 0000 0000 0000 0000 0000 0000 0000 0000 0000 0000 0000 0000 0000 0000 0000 0000 0000 0000 0000 0000 0000 0000 0000 0000 0000 0000 0000 0000 0000 0000 0000 0000 0000 0000 0000 0000 0000 0000 0000 0000 0000 0000 0000 0000 0000 0000 0000 0000 0000 0000 0000 0000 0000 0000 0000 0000 0000 0000 0000 0000 0000 0000 0000 0000 0000 0000 0000 0000 0000 0000 0000 0000 0000 0000 0000 0000 0000 0000 0000 0000 0000 0000 0000 0000 0000 0000 0000 0000 0000 0000 0000 0000 0000 0000 0000 0000 0000 0000 0000 0000 0000 0000 0000 0000 0000 0000 0000 0000 0000 0000 0000 0000 0000 0000 0000 0000 0000 0000 0000 0000 0000 0000 0000 0000 0000 0000 0000 0000 0000 0000 0000 0000 0000 0000 0000 0000 0000 0000 0000 0000 0000 0000 0000 0000 0000 0000 0000 0000 0000 0000 0000 0000 0000 0000 0000 0000 0000 0000 0000 0000 0000 0000 0000 0000 0000 0000 0000 0000 0000 0000 0000 0000 0000 0000 0000 0000 0000 0000 0000 0000 0000 0000 0000 0000 0000 0000 0000 0000 0000 0000 0000 0000 0000 0000 0000 0000 0000 0000 0000 0000 0000 0000 0000 0000 0000 0000 0000 0000 0000 0000 0000 0000 0000 0000 0000 0000 0000 
[0;32mI (178875) SPI_SLAVE: pushed into queue[0m

[0;32mI (178875) MQTT_TASK: Read from queue[0m
[0;32mI (179725) SPI_SLAVE: Expected: 720 bytes, Got: 720 bytes[0m
[0;32mI (179725) SPI_SLAVE: Received uint16_t data:[0m
0000 0000 0000 0000 0000 0000 0000 0000 0000 0000 0000 0000 0000 0000 0000 0000 0000 0000 0000 0000 0000 0000 0000 0000 0000 0000 0000 0000 0000 0000 0000 0000 0000 0000 0000 0000 0000 0000 0000 0000 0000 0000 0000 0000 0000 0000 0000 0000 0000 0000 0000 0000 0000 0000 0000 0000 0000 0000 0000 0000 0000 0000 0000 0000 0000 0000 0000 0000 0000 0000 0000 0000 0000 0000 0000 0000 0000 0000 0000 0000 0000 0000 0000 0000 0000 0000 0000 0000 0000 0000 0000 0000 0000 0000 0000 0000 0000 0000 0000 0000 0000 0000 0000 0000 0000 0000 0000 0000 0000 0000 0000 0000 0000 0000 0000 0000 0000 0000 0000 0000 0000 0000 0000 0000 0000 0000 0000 0000 0000 0000 0000 0000 0000 0000 0000 0000 0000 0000 0000 0000 0000 0000 0000 0000 0000 0000 0000 0000 0000 0000 0000 0000 0000 0000 0000 0000 0000 0000 0000 0000 0000 0000 0000 0000 0000 0000 0000 0000 0000 0000 0000 0000 0000 0000 0000 0000 0000 0000 0000 0000 0000 0000 0000 0000 0000 0000 0000 0000 0000 0000 0000 0000 0000 0000 0000 0000 0000 0000 0000 0000 0000 0000 0000 0000 0000 0000 0000 0000 0000 0000 0000 0000 0000 0000 0000 0000 0000 0000 0000 0000 0000 0000 0000 0000 0000 0000 0000 0000 0000 0000 0000 0000 0000 0000 0000 0000 0000 0000 0000 0000 0000 0000 0000 0000 0000 0000 0000 0000 0000 0000 0000 0000 0000 0000 0000 0000 0000 0000 0000 0000 0000 0000 0000 0000 0000 0000 0000 0000 0000 0000 0000 0000 0000 0000 0000 0000 0000 0000 0000 0000 0000 0000 0000 0000 0000 0000 0000 0000 0000 0000 0000 0000 0000 0000 0000 0000 0000 0000 0000 0000 0000 0000 0000 0000 0000 0000 0000 0000 0000 0000 0000 0000 0000 0000 0000 0000 0000 0000 0000 0000 0000 0000 0000 0000 0000 0000 0000 0000 0000 0000 0000 0000 0000 0000 0000 0000 0000 0000 0000 0000 0000 0000 0000 0000 0000 0000 0000 0000 0000 0000 0000 0000 0000 0000 0000 0000 0000 0000 0000 0000 
[0;32mI (179875) SPI_SLAVE: pushed into queue[0m

[0;32mI (179875) MQTT_TASK: Read from queue[0m
[0;32mI (180725) SPI_SLAVE: Expected: 720 bytes, Got: 720 bytes[0m
[0;32mI (180725) SPI_SLAVE: Received uint16_t data:[0m
0000 0000 0000 0000 0000 0000 0000 0000 0000 0000 0000 0000 0000 0000 0000 0000 0000 0000 0000 0000 0000 0000 0000 0000 0000 0000 0000 0000 0000 0000 0000 0000 0000 0000 0000 0000 0000 0000 0000 0000 0000 0000 0000 0000 0000 0000 0000 0000 0000 0000 0000 0000 0000 0000 0000 0000 0000 0000 0000 0000 0000 0000 0000 0000 0000 0000 0000 0000 0000 0000 0000 0000 0000 0000 0000 0000 0000 0000 0000 0000 0000 0000 0000 0000 0000 0000 0000 0000 0000 0000 0000 0000 0000 0000 0000 0000 0000 0000 0000 0000 0000 0000 0000 0000 0000 0000 0000 0000 0000 0000 0000 0000 0000 0000 0000 0000 0000 0000 0000 0000 0000 0000 0000 0000 0000 0000 0000 0000 0000 0000 0000 0000 0000 0000 0000 0000 0000 0000 0000 0000 0000 0000 0000 0000 0000 0000 0000 0000 0000 0000 0000 0000 0000 0000 0000 0000 0000 0000 0000 0000 0000 0000 0000 0000 0000 0000 0000 0000 0000 0000 0000 0000 0000 0000 0000 0000 0000 0000 0000 0000 0000 0000 0000 0000 0000 0000 0000 0000 0000 0000 0000 0000 0000 0000 0000 0000 0000 0000 0000 0000 0000 0000 0000 0000 0000 0000 0000 0000 0000 0000 0000 0000 0000 0000 0000 0000 0000 0000 0000 0000 0000 0000 0000 0000 0000 0000 0000 0000 0000 0000 0000 0000 0000 0000 0000 0000 0000 0000 0000 0000 0000 0000 0000 0000 0000 0000 0000 0000 0000 0000 0000 0000 0000 0000 0000 0000 0000 0000 0000 0000 0000 0000 0000 0000 0000 0000 0000 0000 0000 0000 0000 0000 0000 0000 0000 0000 0000 0000 0000 0000 0000 0000 0000 0000 0000 0000 0000 0000 0000 0000 0000 0000 0000 0000 0000 0000 0000 0000 0000 0000 0000 0000 0000 0000 0000 0000 0000 0000 0000 0000 0000 0000 0000 0000 0000 0000 0000 0000 0000 0000 0000 0000 0000 0000 0000 0000 0000 0000 0000 0000 0000 0000 0000 0000 0000 0000 0000 0000 0000 0000 0000 0000 0000 0000 0000 0000 0000 0000 0000 0000 0000 0000 0000 0000 0000 0000 0000 0000 0000 0000 
[0;32mI (180875) SPI_SLAVE: pushed into queue[0m

[0;32mI (180875) MQTT_TASK: Read from queue[0m
[0;32mI (181725) SPI_SLAVE: Expected: 720 bytes, Got: 720 bytes[0m
[0;32mI (181725) SPI_SLAVE: Received uint16_t data:[0m
0000 0000 0000 0000 0000 0000 0000 0000 0000 0000 0000 0000 0000 0000 0000 0000 0000 0000 0000 0000 0000 0000 0000 0000 0000 0000 0000 0000 0000 0000 0000 0000 0000 0000 0000 0000 0000 0000 0000 0000 0000 0000 0000 0000 0000 0000 0000 0000 0000 0000 0000 0000 0000 0000 0000 0000 0000 0000 0000 0000 0000 0000 0000 0000 0000 0000 0000 0000 0000 0000 0000 0000 0000 0000 0000 0000 0000 0000 0000 0000 0000 0000 0000 0000 0000 0000 0000 0000 0000 0000 0000 0000 0000 0000 0000 0000 0000 0000 0000 0000 0000 0000 0000 0000 0000 0000 0000 0000 0000 0000 0000 0000 0000 0000 0000 0000 0000 0000 0000 0000 0000 0000 0000 0000 0000 0000 0000 0000 0000 0000 0000 0000 0000 0000 0000 0000 0000 0000 0000 0000 0000 0000 0000 0000 0000 0000 0000 0000 0000 0000 0000 0000 0000 0000 0000 0000 0000 0000 0000 0000 0000 0000 0000 0000 0000 0000 0000 0000 0000 0000 0000 0000 0000 0000 0000 0000 0000 0000 0000 0000 0000 0000 0000 0000 0000 0000 0000 0000 0000 0000 0000 0000 0000 0000 0000 0000 0000 0000 0000 0000 0000 0000 0000 0000 0000 0000 0000 0000 0000 0000 0000 0000 0000 0000 0000 0000 0000 0000 0000 0000 0000 0000 0000 0000 0000 0000 0000 0000 0000 0000 0000 0000 0000 0000 0000 0000 0000 0000 0000 0000 0000 0000 0000 0000 0000 0000 0000 0000 0000 0000 0000 0000 0000 0000 0000 0000 0000 0000 0000 0000 0000 0000 0000 0000 0000 0000 0000 0000 0000 0000 0000 0000 0000 0000 0000 0000 0000 0000 0000 0000 0000 0000 0000 0000 0000 0000 0000 0000 0000 0000 0000 0000 0000 0000 0000 0000 0000 0000 0000 0000 0000 0000 0000 0000 0000 0000 0000 0000 0000 0000 0000 0000 0000 0000 0000 0000 0000 0000 0000 0000 0000 0000 0000 0000 0000 0000 0000 0000 0000 0000 0000 0000 0000 0000 0000 0000 0000 0000 0000 0000 0000 0000 0000 0000 0000 0000 0000 0000 0000 0000 0000 0000 0000 0000 0000 0000 0000 0000 0000 0000 
[0;32mI (181875) SPI_SLAVE: pushed into queue[0m

[0;32mI (181875) MQTT_TASK: Read from queue[0m
[0;32mI (182725) SPI_SLAVE: Expected: 720 bytes, Got: 720 bytes[0m
[0;32mI (182725) SPI_SLAVE: Received uint16_t data:[0m
0000 0000 0000 0000 0000 0000 0000 0000 0000 0000 0000 0000 0000 0000 0000 0000 0000 0000 0000 0000 0000 0000 0000 0000 0000 0000 0000 0000 0000 0000 0000 0000 0000 0000 0000 0000 0000 0000 0000 0000 0000 0000 0000 0000 0000 0000 0000 0000 0000 0000 0000 0000 0000 0000 0000 0000 0000 0000 0000 0000 0000 0000 0000 0000 0000 0000 0000 0000 0000 0000 0000 0000 0000 0000 0000 0000 0000 0000 0000 0000 0000 0000 0000 0000 0000 0000 0000 0000 0000 0000 0000 0000 0000 0000 0000 0000 0000 0000 0000 0000 0000 0000 0000 0000 0000 0000 0000 0000 0000 0000 0000 0000 0000 0000 0000 0000 0000 0000 0000 0000 0000 0000 0000 0000 0000 0000 0000 0000 0000 0000 0000 0000 0000 0000 0000 0000 0000 0000 0000 0000 0000 0000 0000 0000 0000 0000 0000 0000 0000 0000 0000 0000 0000 0000 0000 0000 0000 0000 0000 0000 0000 0000 0000 0000 0000 0000 0000 0000 0000 0000 0000 0000 0000 0000 0000 0000 0000 0000 0000 0000 0000 0000 0000 0000 0000 0000 0000 0000 0000 0000 0000 0000 0000 0000 0000 0000 0000 0000 0000 0000 0000 0000 0000 0000 0000 0000 0000 0000 0000 0000 0000 0000 0000 0000 0000 0000 0000 0000 0000 0000 0000 0000 0000 0000 0000 0000 0000 0000 0000 0000 0000 0000 0000 0000 0000 0000 0000 0000 0000 0000 0000 0000 0000 0000 0000 0000 0000 0000 0000 0000 0000 0000 0000 0000 0000 0000 0000 0000 0000 0000 0000 0000 0000 0000 0000 0000 0000 0000 0000 0000 0000 0000 0000 0000 0000 0000 0000 0000 0000 0000 0000 0000 0000 0000 0000 0000 0000 0000 0000 0000 0000 0000 0000 0000 0000 0000 0000 0000 0000 0000 0000 0000 0000 0000 0000 0000 0000 0000 0000 0000 0000 0000 0000 0000 0000 0000 0000 0000 0000 0000 0000 0000 0000 0000 0000 0000 0000 0000 0000 0000 0000 0000 0000 0000 0000 0000 0000 0000 0000 0000 0000 0000 0000 0000 0000 0000 0000 0000 0000 0000 0000 0000 0000 0000 0000 0000 0000 0000 0000 0000 
[0;32mI (182875) SPI_SLAVE: pushed into queue[0m

[0;32mI (182875) MQTT_TASK: Read from queue[0m
[0;32mI (183725) SPI_SLAVE: Expected: 720 bytes, Got: 720 bytes[0m
[0;32mI (183725) SPI_SLAVE: Received uint16_t data:[0m
0000 0000 0000 0000 0000 0000 0000 0000 0000 0000 0000 0000 0000 0000 0000 0000 0000 0000 0000 0000 0000 0000 0000 0000 0000 0000 0000 0000 0000 0000 0000 0000 0000 0000 0000 0000 0000 0000 0000 0000 0000 0000 0000 0000 0000 0000 0000 0000 0000 0000 0000 0000 0000 0000 0000 0000 0000 0000 0000 0000 0000 0000 0000 0000 0000 0000 0000 0000 0000 0000 0000 0000 0000 0000 0000 0000 0000 0000 0000 0000 0000 0000 0000 0000 0000 0000 0000 0000 0000 0000 0000 0000 0000 0000 0000 0000 0000 0000 0000 0000 0000 0000 0000 0000 0000 0000 0000 0000 0000 0000 0000 0000 0000 0000 0000 0000 0000 0000 0000 0000 0000 0000 0000 0000 0000 0000 0000 0000 0000 0000 0000 0000 0000 0000 0000 0000 0000 0000 0000 0000 0000 0000 0000 0000 0000 0000 0000 0000 0000 0000 0000 0000 0000 0000 0000 0000 0000 0000 0000 0000 0000 0000 0000 0000 0000 0000 0000 0000 0000 0000 0000 0000 0000 0000 0000 0000 0000 0000 0000 0000 0000 0000 0000 0000 0000 0000 0000 0000 0000 0000 0000 0000 0000 0000 0000 0000 0000 0000 0000 0000 0000 0000 0000 0000 0000 0000 0000 0000 0000 0000 0000 0000 0000 0000 0000 0000 0000 0000 0000 0000 0000 0000 0000 0000 0000 0000 0000 0000 0000 0000 0000 0000 0000 0000 0000 0000 0000 0000 0000 0000 0000 0000 0000 0000 0000 0000 0000 0000 0000 0000 0000 0000 0000 0000 0000 0000 0000 0000 0000 0000 0000 0000 0000 0000 0000 0000 0000 0000 0000 0000 0000 0000 0000 0000 0000 0000 0000 0000 0000 0000 0000 0000 0000 0000 0000 0000 0000 0000 0000 0000 0000 0000 0000 0000 0000 0000 0000 0000 0000 0000 0000 0000 0000 0000 0000 0000 0000 0000 0000 0000 0000 0000 0000 0000 0000 0000 0000 0000 0000 0000 0000 0000 0000 0000 0000 0000 0000 0000 0000 0000 0000 0000 0000 0000 0000 0000 0000 0000 0000 0000 0000 0000 0000 0000 0000 0000 0000 0000 0000 0000 0000 0000 0000 0000 0000 0000 0000 0000 0000 0000 
[0;32mI (183875) SPI_SLAVE: pushed into queue[0m

[0;32mI (183875) MQTT_TASK: Read from queue[0m
[0;32mI (184725) SPI_SLAVE: Expected: 720 bytes, Got: 720 bytes[0m
[0;32mI (184725) SPI_SLAVE: Received uint16_t data:[0m
0000 0000 0000 0000 0000 0000 0000 0000 0000 0000 0000 0000 0000 0000 0000 0000 0000 0000 0000 0000 0000 0000 0000 0000 0000 0000 0000 0000 0000 0000 0000 0000 0000 0000 0000 0000 0000 0000 0000 0000 0000 0000 0000 0000 0000 0000 0000 0000 0000 0000 0000 0000 0000 0000 0000 0000 0000 0000 0000 0000 0000 0000 0000 0000 0000 0000 0000 0000 0000 0000 0000 0000 0000 0000 0000 0000 0000 0000 0000 0000 0000 0000 0000 0000 0000 0000 0000 0000 0000 0000 0000 0000 0000 0000 0000 0000 0000 0000 0000 0000 0000 0000 0000 0000 0000 0000 0000 0000 0000 0000 0000 0000 0000 0000 0000 0000 0000 0000 0000 0000 0000 0000 0000 0000 0000 0000 0000 0000 0000 0000 0000 0000 0000 0000 0000 0000 0000 0000 0000 0000 0000 0000 0000 0000 0000 0000 0000 0000 0000 0000 0000 0000 0000 0000 0000 0000 0000 0000 0000 0000 0000 0000 0000 0000 0000 0000 0000 0000 0000 0000 0000 0000 0000 0000 0000 0000 0000 0000 0000 0000 0000 0000 0000 0000 0000 0000 0000 0000 0000 0000 0000 0000 0000 0000 0000 0000 0000 0000 0000 0000 0000 0000 0000 0000 0000 0000 0000 0000 0000 0000 0000 0000 0000 0000 0000 0000 0000 0000 0000 0000 0000 0000 0000 0000 0000 0000 0000 0000 0000 0000 0000 0000 0000 0000 0000 0000 0000 0000 0000 0000 0000 0000 0000 0000 0000 0000 0000 0000 0000 0000 0000 0000 0000 0000 0000 0000 0000 0000 0000 0000 0000 0000 0000 0000 0000 0000 0000 0000 0000 0000 0000 0000 0000 0000 0000 0000 0000 0000 0000 0000 0000 0000 0000 0000 0000 0000 0000 0000 0000 0000 0000 0000 0000 0000 0000 0000 0000 0000 0000 0000 0000 0000 0000 0000 0000 0000 0000 0000 0000 0000 0000 0000 0000 0000 0000 0000 0000 0000 0000 0000 0000 0000 0000 0000 0000 0000 0000 0000 0000 0000 0000 0000 0000 0000 0000 0000 0000 0000 0000 0000 0000 0000 0000 0000 0000 0000 0000 0000 0000 0000 0000 0000 0000 0000 0000 0000 0000 0000 0000 0000 
[0;32mI (184875) SPI_SLAVE: pushed into queue[0m

[0;32mI (184875) MQTT_TASK: Read from queue[0m
[0;32mI (185725) SPI_SLAVE: Expected: 720 bytes, Got: 720 bytes[0m
[0;32mI (185725) SPI_SLAVE: Received uint16_t data:[0m
0000 0000 0000 0000 0000 0000 0000 0000 0000 0000 0000 0000 0000 0000 0000 0000 0000 0000 0000 0000 0000 0000 0000 0000 0000 0000 0000 0000 0000 0000 0000 0000 0000 0000 0000 0000 0000 0000 0000 0000 0000 0000 0000 0000 0000 0000 0000 0000 0000 0000 0000 0000 0000 0000 0000 0000 0000 0000 0000 0000 0000 0000 0000 0000 0000 0000 0000 0000 0000 0000 0000 0000 0000 0000 0000 0000 0000 0000 0000 0000 0000 0000 0000 0000 0000 0000 0000 0000 0000 0000 0000 0000 0000 0000 0000 0000 0000 0000 0000 0000 0000 0000 0000 0000 0000 0000 0000 0000 0000 0000 0000 0000 0000 0000 0000 0000 0000 0000 0000 0000 0000 0000 0000 0000 0000 0000 0000 0000 0000 0000 0000 0000 0000 0000 0000 0000 0000 0000 0000 0000 0000 0000 0000 0000 0000 0000 0000 0000 0000 0000 0000 0000 0000 0000 0000 0000 0000 0000 0000 0000 0000 0000 0000 0000 0000 0000 0000 0000 0000 0000 0000 0000 0000 0000 0000 0000 0000 0000 0000 0000 0000 0000 0000 0000 0000 0000 0000 0000 0000 0000 0000 0000 0000 0000 0000 0000 0000 0000 0000 0000 0000 0000 0000 0000 0000 0000 0000 0000 0000 0000 0000 0000 0000 0000 0000 0000 0000 0000 0000 0000 0000 0000 0000 0000 0000 0000 0000 0000 0000 0000 0000 0000 0000 0000 0000 0000 0000 0000 0000 0000 0000 0000 0000 0000 0000 0000 0000 0000 0000 0000 0000 0000 0000 0000 0000 0000 0000 0000 0000 0000 0000 0000 0000 0000 0000 0000 0000 0000 0000 0000 0000 0000 0000 0000 0000 0000 0000 0000 0000 0000 0000 0000 0000 0000 0000 0000 0000 0000 0000 0000 0000 0000 0000 0000 0000 0000 0000 0000 0000 0000 0000 0000 0000 0000 0000 0000 0000 0000 0000 0000 0000 0000 0000 0000 0000 0000 0000 0000 0000 0000 0000 0000 0000 0000 0000 0000 0000 0000 0000 0000 0000 0000 0000 0000 0000 0000 0000 0000 0000 0000 0000 0000 0000 0000 0000 0000 0000 0000 0000 0000 0000 0000 0000 0000 0000 0000 0000 0000 0000 0000 
[0;32mI (185875) SPI_SLAVE: pushed into queue[0m

[0;32mI (185875) MQTT_TASK: Read from queue[0m
[0;32mI (186725) SPI_SLAVE: Expected: 720 bytes, Got: 720 bytes[0m
[0;32mI (186725) SPI_SLAVE: Received uint16_t data:[0m
0000 0000 0000 0000 0000 0000 0000 0000 0000 0000 0000 0000 0000 0000 0000 0000 0000 0000 0000 0000 0000 0000 0000 0000 0000 0000 0000 0000 0000 0000 0000 0000 0000 0000 0000 0000 0000 0000 0000 0000 0000 0000 0000 0000 0000 0000 0000 0000 0000 0000 0000 0000 0000 0000 0000 0000 0000 0000 0000 0000 0000 0000 0000 0000 0000 0000 0000 0000 0000 0000 0000 0000 0000 0000 0000 0000 0000 0000 0000 0000 0000 0000 0000 0000 0000 0000 0000 0000 0000 0000 0000 0000 0000 0000 0000 0000 0000 0000 0000 0000 0000 0000 0000 0000 0000 0000 0000 0000 0000 0000 0000 0000 0000 0000 0000 0000 0000 0000 0000 0000 0000 0000 0000 0000 0000 0000 0000 0000 0000 0000 0000 0000 0000 0000 0000 0000 0000 0000 0000 0000 0000 0000 0000 0000 0000 0000 0000 0000 0000 0000 0000 0000 0000 0000 0000 0000 0000 0000 0000 0000 0000 0000 0000 0000 0000 0000 0000 0000 0000 0000 0000 0000 0000 0000 0000 0000 0000 0000 0000 0000 0000 0000 0000 0000 0000 0000 0000 0000 0000 0000 0000 0000 0000 0000 0000 0000 0000 0000 0000 0000 0000 0000 0000 0000 0000 0000 0000 0000 0000 0000 0000 0000 0000 0000 0000 0000 0000 0000 0000 0000 0000 0000 0000 0000 0000 0000 0000 0000 0000 0000 0000 0000 0000 0000 0000 0000 0000 0000 0000 0000 0000 0000 0000 0000 0000 0000 0000 0000 0000 0000 0000 0000 0000 0000 0000 0000 0000 0000 0000 0000 0000 0000 0000 0000 0000 0000 0000 0000 0000 0000 0000 0000 0000 0000 0000 0000 0000 0000 0000 0000 0000 0000 0000 0000 0000 0000 0000 0000 0000 0000 0000 0000 0000 0000 0000 0000 0000 0000 0000 0000 0000 0000 0000 0000 0000 0000 0000 0000 0000 0000 0000 0000 0000 0000 0000 0000 0000 0000 0000 0000 0000 0000 0000 0000 0000 0000 0000 0000 0000 0000 0000 0000 0000 0000 0000 0000 0000 0000 0000 0000 0000 0000 0000 0000 0000 0000 0000 0000 0000 0000 0000 0000 0000 0000 0000 0000 0000 0000 0000 0000 
[0;32mI (186875) SPI_SLAVE: pushed into queue[0m

[0;32mI (186875) MQTT_TASK: Read from queue[0m
[0;32mI (187135) MQTT_CLIENT: Unhandled event id: 7[0m
[1;31mE (187135) esp-tls: [sock=54] connect() error: Host is unreachable[0m
[1;31mE (187135) transport_base: Failed to open a new connection: 32772[0m
[1;31mE (187135) mqtt_client: Error transport connect[0m
[0;32mI (187135) MQTT_CLIENT: MQTT_EVENT_ERROR[0m
[0;32mI (187145) MQTT_CLIENT: MQTT_EVENT_DISCONNECTED[0m
[0;32mI (187725) SPI_SLAVE: Expected: 720 bytes, Got: 720 bytes[0m
[0;32mI (187725) SPI_SLAVE: Received uint16_t data:[0m
0000 0000 0000 0000 0000 0000 0000 0000 0000 0000 0000 0000 0000 0000 0000 0000 0000 0000 0000 0000 0000 0000 0000 0000 0000 0000 0000 0000 0000 0000 0000 0000 0000 0000 0000 0000 0000 0000 0000 0000 0000 0000 0000 0000 0000 0000 0000 0000 0000 0000 0000 0000 0000 0000 0000 0000 0000 0000 0000 0000 0000 0000 0000 0000 0000 0000 0000 0000 0000 0000 0000 0000 0000 0000 0000 0000 0000 0000 0000 0000 0000 0000 0000 0000 0000 0000 0000 0000 0000 0000 0000 0000 0000 0000 0000 0000 0000 0000 0000 0000 0000 0000 0000 0000 0000 0000 0000 0000 0000 0000 0000 0000 0000 0000 0000 0000 0000 0000 0000 0000 0000 0000 0000 0000 0000 0000 0000 0000 0000 0000 0000 0000 0000 0000 0000 0000 0000 0000 0000 0000 0000 0000 0000 0000 0000 0000 0000 0000 0000 0000 0000 0000 0000 0000 0000 0000 0000 0000 0000 0000 0000 0000 0000 0000 0000 0000 0000 0000 0000 0000 0000 0000 0000 0000 0000 0000 0000 0000 0000 0000 0000 0000 0000 0000 0000 0000 0000 0000 0000 0000 0000 0000 0000 0000 0000 0000 0000 0000 0000 0000 0000 0000 0000 0000 0000 0000 0000 0000 0000 0000 0000 0000 0000 0000 0000 0000 0000 0000 0000 0000 0000 0000 0000 0000 0000 0000 0000 0000 0000 0000 0000 0000 0000 0000 0000 0000 0000 0000 0000 0000 0000 0000 0000 0000 0000 0000 0000 0000 0000 0000 0000 0000 0000 0000 0000 0000 0000 0000 0000 0000 0000 0000 0000 0000 0000 0000 0000 0000 0000 0000 0000 0000 0000 0000 0000 0000 0000 0000 0000 0000 0000 0000 0000 0000 0000 0000 0000 0000 0000 0000 0000 0000 0000 0000 0000 0000 0000 0000 0000 0000 0000 0000 0000 0000 0000 0000 0000 0000 0000 0000 0000 0000 0000 0000 0000 0000 0000 0000 0000 0000 0000 0000 0000 0000 0000 0000 0000 0000 0000 0000 0000 0000 0000 0000 0000 0000 0000 0000 0000 0000 0000 0000 0000 0000 0000 0000 0000 0000 0000 0000 0000 0000 0000 0000 0000 0000 0000 0000 0000 0000 
[0;32mI (187875) SPI_SLAVE: pushed into queue[0m

[0;32mI (187875) MQTT_TASK: Read from queue[0m
[0;32mI (188725) SPI_SLAVE: Expected: 720 bytes, Got: 720 bytes[0m
[0;32mI (188725) SPI_SLAVE: Received uint16_t data:[0m
0000 0000 0000 0000 0000 0000 0000 0000 0000 0000 0000 0000 0000 0000 0000 0000 0000 0000 0000 0000 0000 0000 0000 0000 0000 0000 0000 0000 0000 0000 0000 0000 0000 0000 0000 0000 0000 0000 0000 0000 0000 0000 0000 0000 0000 0000 0000 0000 0000 0000 0000 0000 0000 0000 0000 0000 0000 0000 0000 0000 0000 0000 0000 0000 0000 0000 0000 0000 0000 0000 0000 0000 0000 0000 0000 0000 0000 0000 0000 0000 0000 0000 0000 0000 0000 0000 0000 0000 0000 0000 0000 0000 0000 0000 0000 0000 0000 0000 0000 0000 0000 0000 0000 0000 0000 0000 0000 0000 0000 0000 0000 0000 0000 0000 0000 0000 0000 0000 0000 0000 0000 0000 0000 0000 0000 0000 0000 0000 0000 0000 0000 0000 0000 0000 0000 0000 0000 0000 0000 0000 0000 0000 0000 0000 0000 0000 0000 0000 0000 0000 0000 0000 0000 0000 0000 0000 0000 0000 0000 0000 0000 0000 0000 0000 0000 0000 0000 0000 0000 0000 0000 0000 0000 0000 0000 0000 0000 0000 0000 0000 0000 0000 0000 0000 0000 0000 0000 0000 0000 0000 0000 0000 0000 0000 0000 0000 0000 0000 0000 0000 0000 0000 0000 0000 0000 0000 0000 0000 0000 0000 0000 0000 0000 0000 0000 0000 0000 0000 0000 0000 0000 0000 0000 0000 0000 0000 0000 0000 0000 0000 0000 0000 0000 0000 0000 0000 0000 0000 0000 0000 0000 0000 0000 0000 0000 0000 0000 0000 0000 0000 0000 0000 0000 0000 0000 0000 0000 0000 0000 0000 0000 0000 0000 0000 0000 0000 0000 0000 0000 0000 0000 0000 0000 0000 0000 0000 0000 0000 0000 0000 0000 0000 0000 0000 0000 0000 0000 0000 0000 0000 0000 0000 0000 0000 0000 0000 0000 0000 0000 0000 0000 0000 0000 0000 0000 0000 0000 0000 0000 0000 0000 0000 0000 0000 0000 0000 0000 0000 0000 0000 0000 0000 0000 0000 0000 0000 0000 0000 0000 0000 0000 0000 0000 0000 0000 0000 0000 0000 0000 0000 0000 0000 0000 0000 0000 0000 0000 0000 0000 0000 0000 0000 0000 0000 0000 0000 0000 0000 0000 0000 
[0;32mI (188875) SPI_SLAVE: pushed into queue[0m

[0;32mI (188875) MQTT_TASK: Read from queue[0m
[0;32mI (189725) SPI_SLAVE: Expected: 720 bytes, Got: 720 bytes[0m
[0;32mI (189725) SPI_SLAVE: Received uint16_t data:[0m
0000 0000 0000 0000 0000 0000 0000 0000 0000 0000 0000 0000 0000 0000 0000 0000 0000 0000 0000 0000 0000 0000 0000 0000 0000 0000 0000 0000 0000 0000 0000 0000 0000 0000 0000 0000 0000 0000 0000 0000 0000 0000 0000 0000 0000 0000 0000 0000 0000 0000 0000 0000 0000 0000 0000 0000 0000 0000 0000 0000 0000 0000 0000 0000 0000 0000 0000 0000 0000 0000 0000 0000 0000 0000 0000 0000 0000 0000 0000 0000 0000 0000 0000 0000 0000 0000 0000 0000 0000 0000 0000 0000 0000 0000 0000 0000 0000 0000 0000 0000 0000 0000 0000 0000 0000 0000 0000 0000 0000 0000 0000 0000 0000 0000 0000 0000 0000 0000 0000 0000 0000 0000 0000 0000 0000 0000 0000 0000 0000 0000 0000 0000 0000 0000 0000 0000 0000 0000 0000 0000 0000 0000 0000 0000 0000 0000 0000 0000 0000 0000 0000 0000 0000 0000 0000 0000 0000 0000 0000 0000 0000 0000 0000 0000 0000 0000 0000 0000 0000 0000 0000 0000 0000 0000 0000 0000 0000 0000 0000 0000 0000 0000 0000 0000 0000 0000 0000 0000 0000 0000 0000 0000 0000 0000 0000 0000 0000 0000 0000 0000 0000 0000 0000 0000 0000 0000 0000 0000 0000 0000 0000 0000 0000 0000 0000 0000 0000 0000 0000 0000 0000 0000 0000 0000 0000 0000 0000 0000 0000 0000 0000 0000 0000 0000 0000 0000 0000 0000 0000 0000 0000 0000 0000 0000 0000 0000 0000 0000 0000 0000 0000 0000 0000 0000 0000 0000 0000 0000 0000 0000 0000 0000 0000 0000 0000 0000 0000 0000 0000 0000 0000 0000 0000 0000 0000 0000 0000 0000 0000 0000 0000 0000 0000 0000 0000 0000 0000 0000 0000 0000 0000 0000 0000 0000 0000 0000 0000 0000 0000 0000 0000 0000 0000 0000 0000 0000 0000 0000 0000 0000 0000 0000 0000 0000 0000 0000 0000 0000 0000 0000 0000 0000 0000 0000 0000 0000 0000 0000 0000 0000 0000 0000 0000 0000 0000 0000 0000 0000 0000 0000 0000 0000 0000 0000 0000 0000 0000 0000 0000 0000 0000 0000 0000 0000 0000 0000 0000 0000 0000 0000 
[0;32mI (189875) SPI_SLAVE: pushed into queue[0m

[0;32mI (189875) MQTT_TASK: Read from queue[0m
[0;32mI (190725) SPI_SLAVE: Expected: 720 bytes, Got: 720 bytes[0m
[0;32mI (190725) SPI_SLAVE: Received uint16_t data:[0m
0000 0000 0000 0000 0000 0000 0000 0000 0000 0000 0000 0000 0000 0000 0000 0000 0000 0000 0000 0000 0000 0000 0000 0000 0000 0000 0000 0000 0000 0000 0000 0000 0000 0000 0000 0000 0000 0000 0000 0000 0000 0000 0000 0000 0000 0000 0000 0000 0000 0000 0000 0000 0000 0000 0000 0000 0000 0000 0000 0000 0000 0000 0000 0000 0000 0000 0000 0000 0000 0000 0000 0000 0000 0000 0000 0000 0000 0000 0000 0000 0000 0000 0000 0000 0000 0000 0000 0000 0000 0000 0000 0000 0000 0000 0000 0000 0000 0000 0000 0000 0000 0000 0000 0000 0000 0000 0000 0000 0000 0000 0000 0000 0000 0000 0000 0000 0000 0000 0000 0000 0000 0000 0000 0000 0000 0000 0000 0000 0000 0000 0000 0000 0000 0000 0000 0000 0000 0000 0000 0000 0000 0000 0000 0000 0000 0000 0000 0000 0000 0000 0000 0000 0000 0000 0000 0000 0000 0000 0000 0000 0000 0000 0000 0000 0000 0000 0000 0000 0000 0000 0000 0000 0000 0000 0000 0000 0000 0000 0000 0000 0000 0000 0000 0000 0000 0000 0000 0000 0000 0000 0000 0000 0000 0000 0000 0000 0000 0000 0000 0000 0000 0000 0000 0000 0000 0000 0000 0000 0000 0000 0000 0000 0000 0000 0000 0000 0000 0000 0000 0000 0000 0000 0000 0000 0000 0000 0000 0000 0000 0000 0000 0000 0000 0000 0000 0000 0000 0000 0000 0000 0000 0000 0000 0000 0000 0000 0000 0000 0000 0000 0000 0000 0000 0000 0000 0000 0000 0000 0000 0000 0000 0000 0000 0000 0000 0000 0000 0000 0000 0000 0000 0000 0000 0000 0000 0000 0000 0000 0000 0000 0000 0000 0000 0000 0000 0000 0000 0000 0000 0000 0000 0000 0000 0000 0000 0000 0000 0000 0000 0000 0000 0000 0000 0000 0000 0000 0000 0000 0000 0000 0000 0000 0000 0000 0000 0000 0000 0000 0000 0000 0000 0000 0000 0000 0000 0000 0000 0000 0000 0000 0000 0000 0000 0000 0000 0000 0000 0000 0000 0000 0000 0000 0000 0000 0000 0000 0000 0000 0000 0000 0000 0000 0000 0000 0000 0000 0000 0000 0000 0000 
[0;32mI (190875) SPI_SLAVE: pushed into queue[0m

[0;32mI (190875) MQTT_TASK: Read from queue[0m
[0;32mI (191725) SPI_SLAVE: Expected: 720 bytes, Got: 720 bytes[0m
[0;32mI (191725) SPI_SLAVE: Received uint16_t data:[0m
0000 0000 0000 0000 0000 0000 0000 0000 0000 0000 0000 0000 0000 0000 0000 0000 0000 0000 0000 0000 0000 0000 0000 0000 0000 0000 0000 0000 0000 0000 0000 0000 0000 0000 0000 0000 0000 0000 0000 0000 0000 0000 0000 0000 0000 0000 0000 0000 0000 0000 0000 0000 0000 0000 0000 0000 0000 0000 0000 0000 0000 0000 0000 0000 0000 0000 0000 0000 0000 0000 0000 0000 0000 0000 0000 0000 0000 0000 0000 0000 0000 0000 0000 0000 0000 0000 0000 0000 0000 0000 0000 0000 0000 0000 0000 0000 0000 0000 0000 0000 0000 0000 0000 0000 0000 0000 0000 0000 0000 0000 0000 0000 0000 0000 0000 0000 0000 0000 0000 0000 0000 0000 0000 0000 0000 0000 0000 0000 0000 0000 0000 0000 0000 0000 0000 0000 0000 0000 0000 0000 0000 0000 0000 0000 0000 0000 0000 0000 0000 0000 0000 0000 0000 0000 0000 0000 0000 0000 0000 0000 0000 0000 0000 0000 0000 0000 0000 0000 0000 0000 0000 0000 0000 0000 0000 0000 0000 0000 0000 0000 0000 0000 0000 0000 0000 0000 0000 0000 0000 0000 0000 0000 0000 0000 0000 0000 0000 0000 0000 0000 0000 0000 0000 0000 0000 0000 0000 0000 0000 0000 0000 0000 0000 0000 0000 0000 0000 0000 0000 0000 0000 0000 0000 0000 0000 0000 0000 0000 0000 0000 0000 0000 0000 0000 0000 0000 0000 0000 0000 0000 0000 0000 0000 0000 0000 0000 0000 0000 0000 0000 0000 0000 0000 0000 0000 0000 0000 0000 0000 0000 0000 0000 0000 0000 0000 0000 0000 0000 0000 0000 0000 0000 0000 0000 0000 0000 0000 0000 0000 0000 0000 0000 0000 0000 0000 0000 0000 0000 0000 0000 0000 0000 0000 0000 0000 0000 0000 0000 0000 0000 0000 0000 0000 0000 0000 0000 0000 0000 0000 0000 0000 0000 0000 0000 0000 0000 0000 0000 0000 0000 0000 0000 0000 0000 0000 0000 0000 0000 0000 0000 0000 0000 0000 0000 0000 0000 0000 0000 0000 0000 0000 0000 0000 0000 0000 0000 0000 0000 0000 0000 0000 0000 0000 0000 0000 0000 0000 0000 0000 0000 
[0;32mI (191875) SPI_SLAVE: pushed into queue[0m

[0;32mI (191875) MQTT_TASK: Read from queue[0m
[0;32mI (192725) SPI_SLAVE: Expected: 720 bytes, Got: 720 bytes[0m
[0;32mI (192725) SPI_SLAVE: Received uint16_t data:[0m
0000 0000 0000 0000 0000 0000 0000 0000 0000 0000 0000 0000 0000 0000 0000 0000 0000 0000 0000 0000 0000 0000 0000 0000 0000 0000 0000 0000 0000 0000 0000 0000 0000 0000 0000 0000 0000 0000 0000 0000 0000 0000 0000 0000 0000 0000 0000 0000 0000 0000 0000 0000 0000 0000 0000 0000 0000 0000 0000 0000 0000 0000 0000 0000 0000 0000 0000 0000 0000 0000 0000 0000 0000 0000 0000 0000 0000 0000 0000 0000 0000 0000 0000 0000 0000 0000 0000 0000 0000 0000 0000 0000 0000 0000 0000 0000 0000 0000 0000 0000 0000 0000 0000 0000 0000 0000 0000 0000 0000 0000 0000 0000 0000 0000 0000 0000 0000 0000 0000 0000 0000 0000 0000 0000 0000 0000 0000 0000 0000 0000 0000 0000 0000 0000 0000 0000 0000 0000 0000 0000 0000 0000 0000 0000 0000 0000 0000 0000 0000 0000 0000 0000 0000 0000 0000 0000 0000 0000 0000 0000 0000 0000 0000 0000 0000 0000 0000 0000 0000 0000 0000 0000 0000 0000 0000 0000 0000 0000 0000 0000 0000 0000 0000 0000 0000 0000 0000 0000 0000 0000 0000 0000 0000 0000 0000 0000 0000 0000 0000 0000 0000 0000 0000 0000 0000 0000 0000 0000 0000 0000 0000 0000 0000 0000 0000 0000 0000 0000 0000 0000 0000 0000 0000 0000 0000 0000 0000 0000 0000 0000 0000 0000 0000 0000 0000 0000 0000 0000 0000 0000 0000 0000 0000 0000 0000 0000 0000 0000 0000 0000 0000 0000 0000 0000 0000 0000 0000 0000 0000 0000 0000 0000 0000 0000 0000 0000 0000 0000 0000 0000 0000 0000 0000 0000 0000 0000 0000 0000 0000 0000 0000 0000 0000 0000 0000 0000 0000 0000 0000 0000 0000 0000 0000 0000 0000 0000 0000 0000 0000 0000 0000 0000 0000 0000 0000 0000 0000 0000 0000 0000 0000 0000 0000 0000 0000 0000 0000 0000 0000 0000 0000 0000 0000 0000 0000 0000 0000 0000 0000 0000 0000 0000 0000 0000 0000 0000 0000 0000 0000 0000 0000 0000 0000 0000 0000 0000 0000 0000 0000 0000 0000 0000 0000 0000 0000 0000 0000 0000 0000 0000 
[0;32mI (192875) SPI_SLAVE: pushed into queue[0m

[0;32mI (192875) MQTT_TASK: Read from queue[0m
[0;32mI (193725) SPI_SLAVE: Expected: 720 bytes, Got: 720 bytes[0m
[0;32mI (193725) SPI_SLAVE: Received uint16_t data:[0m
0000 0000 0000 0000 0000 0000 0000 0000 0000 0000 0000 0000 0000 0000 0000 0000 0000 0000 0000 0000 0000 0000 0000 0000 0000 0000 0000 0000 0000 0000 0000 0000 0000 0000 0000 0000 0000 0000 0000 0000 0000 0000 0000 0000 0000 0000 0000 0000 0000 0000 0000 0000 0000 0000 0000 0000 0000 0000 0000 0000 0000 0000 0000 0000 0000 0000 0000 0000 0000 0000 0000 0000 0000 0000 0000 0000 0000 0000 0000 0000 0000 0000 0000 0000 0000 0000 0000 0000 0000 0000 0000 0000 0000 0000 0000 0000 0000 0000 0000 0000 0000 0000 0000 0000 0000 0000 0000 0000 0000 0000 0000 0000 0000 0000 0000 0000 0000 0000 0000 0000 0000 0000 0000 0000 0000 0000 0000 0000 0000 0000 0000 0000 0000 0000 0000 0000 0000 0000 0000 0000 0000 0000 0000 0000 0000 0000 0000 0000 0000 0000 0000 0000 0000 0000 0000 0000 0000 0000 0000 0000 0000 0000 0000 0000 0000 0000 0000 0000 0000 0000 0000 0000 0000 0000 0000 0000 0000 0000 0000 0000 0000 0000 0000 0000 0000 0000 0000 0000 0000 0000 0000 0000 0000 0000 0000 0000 0000 0000 0000 0000 0000 0000 0000 0000 0000 0000 0000 0000 0000 0000 0000 0000 0000 0000 0000 0000 0000 0000 0000 0000 0000 0000 0000 0000 0000 0000 0000 0000 0000 0000 0000 0000 0000 0000 0000 0000 0000 0000 0000 0000 0000 0000 0000 0000 0000 0000 0000 0000 0000 0000 0000 0000 0000 0000 0000 0000 0000 0000 0000 0000 0000 0000 0000 0000 0000 0000 0000 0000 0000 0000 0000 0000 0000 0000 0000 0000 0000 0000 0000 0000 0000 0000 0000 0000 0000 0000 0000 0000 0000 0000 0000 0000 0000 0000 0000 0000 0000 0000 0000 0000 0000 0000 0000 0000 0000 0000 0000 0000 0000 0000 0000 0000 0000 0000 0000 0000 0000 0000 0000 0000 0000 0000 0000 0000 0000 0000 0000 0000 0000 0000 0000 0000 0000 0000 0000 0000 0000 0000 0000 0000 0000 0000 0000 0000 0000 0000 0000 0000 0000 0000 0000 0000 0000 0000 0000 0000 0000 0000 0000 0000 
[0;32mI (193875) SPI_SLAVE: pushed into queue[0m

[0;32mI (193875) MQTT_TASK: Read from queue[0m
[0;32mI (194725) SPI_SLAVE: Expected: 720 bytes, Got: 720 bytes[0m
[0;32mI (194725) SPI_SLAVE: Received uint16_t data:[0m
0000 0000 0000 0000 0000 0000 0000 0000 0000 0000 0000 0000 0000 0000 0000 0000 0000 0000 0000 0000 0000 0000 0000 0000 0000 0000 0000 0000 0000 0000 0000 0000 0000 0000 0000 0000 0000 0000 0000 0000 0000 0000 0000 0000 0000 0000 0000 0000 0000 0000 0000 0000 0000 0000 0000 0000 0000 0000 0000 0000 0000 0000 0000 0000 0000 0000 0000 0000 0000 0000 0000 0000 0000 0000 0000 0000 0000 0000 0000 0000 0000 0000 0000 0000 0000 0000 0000 0000 0000 0000 0000 0000 0000 0000 0000 0000 0000 0000 0000 0000 0000 0000 0000 0000 0000 0000 0000 0000 0000 0000 0000 0000 0000 0000 0000 0000 0000 0000 0000 0000 0000 0000 0000 0000 0000 0000 0000 0000 0000 0000 0000 0000 0000 0000 0000 0000 0000 0000 0000 0000 0000 0000 0000 0000 0000 0000 0000 0000 0000 0000 0000 0000 0000 0000 0000 0000 0000 0000 0000 0000 0000 0000 0000 0000 0000 0000 0000 0000 0000 0000 0000 0000 0000 0000 0000 0000 0000 0000 0000 0000 0000 0000 0000 0000 0000 0000 0000 0000 0000 0000 0000 0000 0000 0000 0000 0000 0000 0000 0000 0000 0000 0000 0000 0000 0000 0000 0000 0000 0000 0000 0000 0000 0000 0000 0000 0000 0000 0000 0000 0000 0000 0000 0000 0000 0000 0000 0000 0000 0000 0000 0000 0000 0000 0000 0000 0000 0000 0000 0000 0000 0000 0000 0000 0000 0000 0000 0000 0000 0000 0000 0000 0000 0000 0000 0000 0000 0000 0000 0000 0000 0000 0000 0000 0000 0000 0000 0000 0000 0000 0000 0000 0000 0000 0000 0000 0000 0000 0000 0000 0000 0000 0000 0000 0000 0000 0000 0000 0000 0000 0000 0000 0000 0000 0000 0000 0000 0000 0000 0000 0000 0000 0000 0000 0000 0000 0000 0000 0000 0000 0000 0000 0000 0000 0000 0000 0000 0000 0000 0000 0000 0000 0000 0000 0000 0000 0000 0000 0000 0000 0000 0000 0000 0000 0000 0000 0000 0000 0000 0000 0000 0000 0000 0000 0000 0000 0000 0000 0000 0000 0000 0000 0000 0000 0000 0000 0000 0000 0000 0000 0000 
[0;32mI (194875) SPI_SLAVE: pushed into queue[0m

[0;32mI (194875) MQTT_TASK: Read from queue[0m
[0;32mI (195725) SPI_SLAVE: Expected: 720 bytes, Got: 720 bytes[0m
[0;32mI (195725) SPI_SLAVE: Received uint16_t data:[0m
0000 0000 0000 0000 0000 0000 0000 0000 0000 0000 0000 0000 0000 0000 0000 0000 0000 0000 0000 0000 0000 0000 0000 0000 0000 0000 0000 0000 0000 0000 0000 0000 0000 0000 0000 0000 0000 0000 0000 0000 0000 0000 0000 0000 0000 0000 0000 0000 0000 0000 0000 0000 0000 0000 0000 0000 0000 0000 0000 0000 0000 0000 0000 0000 0000 0000 0000 0000 0000 0000 0000 0000 0000 0000 0000 0000 0000 0000 0000 0000 0000 0000 0000 0000 0000 0000 0000 0000 0000 0000 0000 0000 0000 0000 0000 0000 0000 0000 0000 0000 0000 0000 0000 0000 0000 0000 0000 0000 0000 0000 0000 0000 0000 0000 0000 0000 0000 0000 0000 0000 0000 0000 0000 0000 0000 0000 0000 0000 0000 0000 0000 0000 0000 0000 0000 0000 0000 0000 0000 0000 0000 0000 0000 0000 0000 0000 0000 0000 0000 0000 0000 0000 0000 0000 0000 0000 0000 0000 0000 0000 0000 0000 0000 0000 0000 0000 0000 0000 0000 0000 0000 0000 0000 0000 0000 0000 0000 0000 0000 0000 0000 0000 0000 0000 0000 0000 0000 0000 0000 0000 0000 0000 0000 0000 0000 0000 0000 0000 0000 0000 0000 0000 0000 0000 0000 0000 0000 0000 0000 0000 0000 0000 0000 0000 0000 0000 0000 0000 0000 0000 0000 0000 0000 0000 0000 0000 0000 0000 0000 0000 0000 0000 0000 0000 0000 0000 0000 0000 0000 0000 0000 0000 0000 0000 0000 0000 0000 0000 0000 0000 0000 0000 0000 0000 0000 0000 0000 0000 0000 0000 0000 0000 0000 0000 0000 0000 0000 0000 0000 0000 0000 0000 0000 0000 0000 0000 0000 0000 0000 0000 0000 0000 0000 0000 0000 0000 0000 0000 0000 0000 0000 0000 0000 0000 0000 0000 0000 0000 0000 0000 0000 0000 0000 0000 0000 0000 0000 0000 0000 0000 0000 0000 0000 0000 0000 0000 0000 0000 0000 0000 0000 0000 0000 0000 0000 0000 0000 0000 0000 0000 0000 0000 0000 0000 0000 0000 0000 0000 0000 0000 0000 0000 0000 0000 0000 0000 0000 0000 0000 0000 0000 0000 0000 0000 0000 0000 0000 0000 0000 0000 
[0;32mI (195875) SPI_SLAVE: pushed into queue[0m

[0;32mI (195875) MQTT_TASK: Read from queue[0m
[0;32mI (196725) SPI_SLAVE: Expected: 720 bytes, Got: 720 bytes[0m
[0;32mI (196725) SPI_SLAVE: Received uint16_t data:[0m
0000 0000 0000 0000 0000 0000 0000 0000 0000 0000 0000 0000 0000 0000 0000 0000 0000 0000 0000 0000 0000 0000 0000 0000 0000 0000 0000 0000 0000 0000 0000 0000 0000 0000 0000 0000 0000 0000 0000 0000 0000 0000 0000 0000 0000 0000 0000 0000 0000 0000 0000 0000 0000 0000 0000 0000 0000 0000 0000 0000 0000 0000 0000 0000 0000 0000 0000 0000 0000 0000 0000 0000 0000 0000 0000 0000 0000 0000 0000 0000 0000 0000 0000 0000 0000 0000 0000 0000 0000 0000 0000 0000 0000 0000 0000 0000 0000 0000 0000 0000 0000 0000 0000 0000 0000 0000 0000 0000 0000 0000 0000 0000 0000 0000 0000 0000 0000 0000 0000 0000 0000 0000 0000 0000 0000 0000 0000 0000 0000 0000 0000 0000 0000 0000 0000 0000 0000 0000 0000 0000 0000 0000 0000 0000 0000 0000 0000 0000 0000 0000 0000 0000 0000 0000 0000 0000 0000 0000 0000 0000 0000 0000 0000 0000 0000 0000 0000 0000 0000 0000 0000 0000 0000 0000 0000 0000 0000 0000 0000 0000 0000 0000 0000 0000 0000 0000 0000 0000 0000 0000 0000 0000 0000 0000 0000 0000 0000 0000 0000 0000 0000 0000 0000 0000 0000 0000 0000 0000 0000 0000 0000 0000 0000 0000 0000 0000 0000 0000 0000 0000 0000 0000 0000 0000 0000 0000 0000 0000 0000 0000 0000 0000 0000 0000 0000 0000 0000 0000 0000 0000 0000 0000 0000 0000 0000 0000 0000 0000 0000 0000 0000 0000 0000 0000 0000 0000 0000 0000 0000 0000 0000 0000 0000 0000 0000 0000 0000 0000 0000 0000 0000 0000 0000 0000 0000 0000 0000 0000 0000 0000 0000 0000 0000 0000 0000 0000 0000 0000 0000 0000 0000 0000 0000 0000 0000 0000 0000 0000 0000 0000 0000 0000 0000 0000 0000 0000 0000 0000 0000 0000 0000 0000 0000 0000 0000 0000 0000 0000 0000 0000 0000 0000 0000 0000 0000 0000 0000 0000 0000 0000 0000 0000 0000 0000 0000 0000 0000 0000 0000 0000 0000 0000 0000 0000 0000 0000 0000 0000 0000 0000 0000 0000 0000 0000 0000 0000 0000 0000 0000 0000 
[0;32mI (196875) SPI_SLAVE: pushed into queue[0m

[0;32mI (196875) MQTT_TASK: Read from queue[0m
[0;32mI (197725) SPI_SLAVE: Expected: 720 bytes, Got: 720 bytes[0m
[0;32mI (197725) SPI_SLAVE: Received uint16_t data:[0m
0000 0000 0000 0000 0000 0000 0000 0000 0000 0000 0000 0000 0000 0000 0000 0000 0000 0000 0000 0000 0000 0000 0000 0000 0000 0000 0000 0000 0000 0000 0000 0000 0000 0000 0000 0000 0000 0000 0000 0000 0000 0000 0000 0000 0000 0000 0000 0000 0000 0000 0000 0000 0000 0000 0000 0000 0000 0000 0000 0000 0000 0000 0000 0000 0000 0000 0000 0000 0000 0000 0000 0000 0000 0000 0000 0000 0000 0000 0000 0000 0000 0000 0000 0000 0000 0000 0000 0000 0000 0000 0000 0000 0000 0000 0000 0000 0000 0000 0000 0000 0000 0000 0000 0000 0000 0000 0000 0000 0000 0000 0000 0000 0000 0000 0000 0000 0000 0000 0000 0000 0000 0000 0000 0000 0000 0000 0000 0000 0000 0000 0000 0000 0000 0000 0000 0000 0000 0000 0000 0000 0000 0000 0000 0000 0000 0000 0000 0000 0000 0000 0000 0000 0000 0000 0000 0000 0000 0000 0000 0000 0000 0000 0000 0000 0000 0000 0000 0000 0000 0000 0000 0000 0000 0000 0000 0000 0000 0000 0000 0000 0000 0000 0000 0000 0000 0000 0000 0000 0000 0000 0000 0000 0000 0000 0000 0000 0000 0000 0000 0000 0000 0000 0000 0000 0000 0000 0000 0000 0000 0000 0000 0000 0000 0000 0000 0000 0000 0000 0000 0000 0000 0000 0000 0000 0000 0000 0000 0000 0000 0000 0000 0000 0000 0000 0000 0000 0000 0000 0000 0000 0000 0000 0000 0000 0000 0000 0000 0000 0000 0000 0000 0000 0000 0000 0000 0000 0000 0000 0000 0000 0000 0000 0000 0000 0000 0000 0000 0000 0000 0000 0000 0000 0000 0000 0000 0000 0000 0000 0000 0000 0000 0000 0000 0000 0000 0000 0000 0000 0000 0000 0000 0000 0000 0000 0000 0000 0000 0000 0000 0000 0000 0000 0000 0000 0000 0000 0000 0000 0000 0000 0000 0000 0000 0000 0000 0000 0000 0000 0000 0000 0000 0000 0000 0000 0000 0000 0000 0000 0000 0000 0000 0000 0000 0000 0000 0000 0000 0000 0000 0000 0000 0000 0000 0000 0000 0000 0000 0000 0000 0000 0000 0000 0000 0000 0000 0000 0000 0000 0000 0000 
[0;32mI (197875) SPI_SLAVE: pushed into queue[0m

[0;32mI (197875) MQTT_TASK: Read from queue[0m
[0;32mI (198725) SPI_SLAVE: Expected: 720 bytes, Got: 720 bytes[0m
[0;32mI (198725) SPI_SLAVE: Received uint16_t data:[0m
0000 0000 0000 0000 0000 0000 0000 0000 0000 0000 0000 0000 0000 0000 0000 0000 0000 0000 0000 0000 0000 0000 0000 0000 0000 0000 0000 0000 0000 0000 0000 0000 0000 0000 0000 0000 0000 0000 0000 0000 0000 0000 0000 0000 0000 0000 0000 0000 0000 0000 0000 0000 0000 0000 0000 0000 0000 0000 0000 0000 0000 0000 0000 0000 0000 0000 0000 0000 0000 0000 0000 0000 0000 0000 0000 0000 0000 0000 0000 0000 0000 0000 0000 0000 0000 0000 0000 0000 0000 0000 0000 0000 0000 0000 0000 0000 0000 0000 0000 0000 0000 0000 0000 0000 0000 0000 0000 0000 0000 0000 0000 0000 0000 0000 0000 0000 0000 0000 0000 0000 0000 0000 0000 0000 0000 0000 0000 0000 0000 0000 0000 0000 0000 0000 0000 0000 0000 0000 0000 0000 0000 0000 0000 0000 0000 0000 0000 0000 0000 0000 0000 0000 0000 0000 0000 0000 0000 0000 0000 0000 0000 0000 0000 0000 0000 0000 0000 0000 0000 0000 0000 0000 0000 0000 0000 0000 0000 0000 0000 0000 0000 0000 0000 0000 0000 0000 0000 0000 0000 0000 0000 0000 0000 0000 0000 0000 0000 0000 0000 0000 0000 0000 0000 0000 0000 0000 0000 0000 0000 0000 0000 0000 0000 0000 0000 0000 0000 0000 0000 0000 0000 0000 0000 0000 0000 0000 0000 0000 0000 0000 0000 0000 0000 0000 0000 0000 0000 0000 0000 0000 0000 0000 0000 0000 0000 0000 0000 0000 0000 0000 0000 0000 0000 0000 0000 0000 0000 0000 0000 0000 0000 0000 0000 0000 0000 0000 0000 0000 0000 0000 0000 0000 0000 0000 0000 0000 0000 0000 0000 0000 0000 0000 0000 0000 0000 0000 0000 0000 0000 0000 0000 0000 0000 0000 0000 0000 0000 0000 0000 0000 0000 0000 0000 0000 0000 0000 0000 0000 0000 0000 0000 0000 0000 0000 0000 0000 0000 0000 0000 0000 0000 0000 0000 0000 0000 0000 0000 0000 0000 0000 0000 0000 0000 0000 0000 0000 0000 0000 0000 0000 0000 0000 0000 0000 0000 0000 0000 0000 0000 0000 0000 0000 0000 0000 0000 0000 0000 0000 0000 0000 
[0;32mI (198875) SPI_SLAVE: pushed into queue[0m

[0;32mI (198875) MQTT_TASK: Read from queue[0m
[0;32mI (199725) SPI_SLAVE: Expected: 720 bytes, Got: 720 bytes[0m
[0;32mI (199725) SPI_SLAVE: Received uint16_t data:[0m
0000 0000 0000 0000 0000 0000 0000 0000 0000 0000 0000 0000 0000 0000 0000 0000 0000 0000 0000 0000 0000 0000 0000 0000 0000 0000 0000 0000 0000 0000 0000 0000 0000 0000 0000 0000 0000 0000 0000 0000 0000 0000 0000 0000 0000 0000 0000 0000 0000 0000 0000 0000 0000 0000 0000 0000 0000 0000 0000 0000 0000 0000 0000 0000 0000 0000 0000 0000 0000 0000 0000 0000 0000 0000 0000 0000 0000 0000 0000 0000 0000 0000 0000 0000 0000 0000 0000 0000 0000 0000 0000 0000 0000 0000 0000 0000 0000 0000 0000 0000 0000 0000 0000 0000 0000 0000 0000 0000 0000 0000 0000 0000 0000 0000 0000 0000 0000 0000 0000 0000 0000 0000 0000 0000 0000 0000 0000 0000 0000 0000 0000 0000 0000 0000 0000 0000 0000 0000 0000 0000 0000 0000 0000 0000 0000 0000 0000 0000 0000 0000 0000 0000 0000 0000 0000 0000 0000 0000 0000 0000 0000 0000 0000 0000 0000 0000 0000 0000 0000 0000 0000 0000 0000 0000 0000 0000 0000 0000 0000 0000 0000 0000 0000 0000 0000 0000 0000 0000 0000 0000 0000 0000 0000 0000 0000 0000 0000 0000 0000 0000 0000 0000 0000 0000 0000 0000 0000 0000 0000 0000 0000 0000 0000 0000 0000 0000 0000 0000 0000 0000 0000 0000 0000 0000 0000 0000 0000 0000 0000 0000 0000 0000 0000 0000 0000 0000 0000 0000 0000 0000 0000 0000 0000 0000 0000 0000 0000 0000 0000 0000 0000 0000 0000 0000 0000 0000 0000 0000 0000 0000 0000 0000 0000 0000 0000 0000 0000 0000 0000 0000 0000 0000 0000 0000 0000 0000 0000 0000 0000 0000 0000 0000 0000 0000 0000 0000 0000 0000 0000 0000 0000 0000 0000 0000 0000 0000 0000 0000 0000 0000 0000 0000 0000 0000 0000 0000 0000 0000 0000 0000 0000 0000 0000 0000 0000 0000 0000 0000 0000 0000 0000 0000 0000 0000 0000 0000 0000 0000 0000 0000 0000 0000 0000 0000 0000 0000 0000 0000 0000 0000 0000 0000 0000 0000 0000 0000 0000 0000 0000 0000 0000 0000 0000 0000 0000 0000 0000 0000 0000 0000 
[0;32mI (199875) SPI_SLAVE: pushed into queue[0m

[0;32mI (199875) MQTT_TASK: Read from queue[0m
[0;32mI (200725) SPI_SLAVE: Expected: 720 bytes, Got: 720 bytes[0m
[0;32mI (200725) SPI_SLAVE: Received uint16_t data:[0m
0000 0000 0000 0000 0000 0000 0000 0000 0000 0000 0000 0000 0000 0000 0000 0000 0000 0000 0000 0000 0000 0000 0000 0000 0000 0000 0000 0000 0000 0000 0000 0000 0000 0000 0000 0000 0000 0000 0000 0000 0000 0000 0000 0000 0000 0000 0000 0000 0000 0000 0000 0000 0000 0000 0000 0000 0000 0000 0000 0000 0000 0000 0000 0000 0000 0000 0000 0000 0000 0000 0000 0000 0000 0000 0000 0000 0000 0000 0000 0000 0000 0000 0000 0000 0000 0000 0000 0000 0000 0000 0000 0000 0000 0000 0000 0000 0000 0000 0000 0000 0000 0000 0000 0000 0000 0000 0000 0000 0000 0000 0000 0000 0000 0000 0000 0000 0000 0000 0000 0000 0000 0000 0000 0000 0000 0000 0000 0000 0000 0000 0000 0000 0000 0000 0000 0000 0000 0000 0000 0000 0000 0000 0000 0000 0000 0000 0000 0000 0000 0000 0000 0000 0000 0000 0000 0000 0000 0000 0000 0000 0000 0000 0000 0000 0000 0000 0000 0000 0000 0000 0000 0000 0000 0000 0000 0000 0000 0000 0000 0000 0000 0000 0000 0000 0000 0000 0000 0000 0000 0000 0000 0000 0000 0000 0000 0000 0000 0000 0000 0000 0000 0000 0000 0000 0000 0000 0000 0000 0000 0000 0000 0000 0000 0000 0000 0000 0000 0000 0000 0000 0000 0000 0000 0000 0000 0000 0000 0000 0000 0000 0000 0000 0000 0000 0000 0000 0000 0000 0000 0000 0000 0000 0000 0000 0000 0000 0000 0000 0000 0000 0000 0000 0000 0000 0000 0000 0000 0000 0000 0000 0000 0000 0000 0000 0000 0000 0000 0000 0000 0000 0000 0000 0000 0000 0000 0000 0000 0000 0000 0000 0000 0000 0000 0000 0000 0000 0000 0000 0000 0000 0000 0000 0000 0000 0000 0000 0000 0000 0000 0000 0000 0000 0000 0000 0000 0000 0000 0000 0000 0000 0000 0000 0000 0000 0000 0000 0000 0000 0000 0000 0000 0000 0000 0000 0000 0000 0000 0000 0000 0000 0000 0000 0000 0000 0000 0000 0000 0000 0000 0000 0000 0000 0000 0000 0000 0000 0000 0000 0000 0000 0000 0000 0000 0000 0000 0000 0000 0000 0000 0000 
[0;32mI (200875) SPI_SLAVE: pushed into queue[0m

[0;32mI (200875) MQTT_TASK: Read from queue[0m
[0;32mI (201725) SPI_SLAVE: Expected: 720 bytes, Got: 720 bytes[0m
[0;32mI (201725) SPI_SLAVE: Received uint16_t data:[0m
0000 0000 0000 0000 0000 0000 0000 0000 0000 0000 0000 0000 0000 0000 0000 0000 0000 0000 0000 0000 0000 0000 0000 0000 0000 0000 0000 0000 0000 0000 0000 0000 0000 0000 0000 0000 0000 0000 0000 0000 0000 0000 0000 0000 0000 0000 0000 0000 0000 0000 0000 0000 0000 0000 0000 0000 0000 0000 0000 0000 0000 0000 0000 0000 0000 0000 0000 0000 0000 0000 0000 0000 0000 0000 0000 0000 0000 0000 0000 0000 0000 0000 0000 0000 0000 0000 0000 0000 0000 0000 0000 0000 0000 0000 0000 0000 0000 0000 0000 0000 0000 0000 0000 0000 0000 0000 0000 0000 0000 0000 0000 0000 0000 0000 0000 0000 0000 0000 0000 0000 0000 0000 0000 0000 0000 0000 0000 0000 0000 0000 0000 0000 0000 0000 0000 0000 0000 0000 0000 0000 0000 0000 0000 0000 0000 0000 0000 0000 0000 0000 0000 0000 0000 0000 0000 0000 0000 0000 0000 0000 0000 0000 0000 0000 0000 0000 0000 0000 0000 0000 0000 0000 0000 0000 0000 0000 0000 0000 0000 0000 0000 0000 0000 0000 0000 0000 0000 0000 0000 0000 0000 0000 0000 0000 0000 0000 0000 0000 0000 0000 0000 0000 0000 0000 0000 0000 0000 0000 0000 0000 0000 0000 0000 0000 0000 0000 0000 0000 0000 0000 0000 0000 0000 0000 0000 0000 0000 0000 0000 0000 0000 0000 0000 0000 0000 0000 0000 0000 0000 0000 0000 0000 0000 0000 0000 0000 0000 0000 0000 0000 0000 0000 0000 0000 0000 0000 0000 0000 0000 0000 0000 0000 0000 0000 0000 0000 0000 0000 0000 0000 0000 0000 0000 0000 0000 0000 0000 0000 0000 0000 0000 0000 0000 0000 0000 0000 0000 0000 0000 0000 0000 0000 0000 0000 0000 0000 0000 0000 0000 0000 0000 0000 0000 0000 0000 0000 0000 0000 0000 0000 0000 0000 0000 0000 0000 0000 0000 0000 0000 0000 0000 0000 0000 0000 0000 0000 0000 0000 0000 0000 0000 0000 0000 0000 0000 0000 0000 0000 0000 0000 0000 0000 0000 0000 0000 0000 0000 0000 0000 0000 0000 0000 0000 0000 0000 0000 0000 0000 0000 0000 
[0;32mI (201875) SPI_SLAVE: pushed into queue[0m

[0;32mI (201875) MQTT_TASK: Read from queue[0m
[0;32mI (202145) MQTT_CLIENT: Unhandled event id: 7[0m
[1;31mE (202145) esp-tls: [sock=54] connect() error: Host is unreachable[0m
[1;31mE (202145) transport_base: Failed to open a new connection: 32772[0m
[1;31mE (202145) mqtt_client: Error transport connect[0m
[0;32mI (202145) MQTT_CLIENT: MQTT_EVENT_ERROR[0m
[0;32mI (202155) MQTT_CLIENT: MQTT_EVENT_DISCONNECTED[0m
[0;32mI (202725) SPI_SLAVE: Expected: 720 bytes, Got: 720 bytes[0m
[0;32mI (202725) SPI_SLAVE: Received uint16_t data:[0m
0000 0000 0000 0000 0000 0000 0000 0000 0000 0000 0000 0000 0000 0000 0000 0000 0000 0000 0000 0000 0000 0000 0000 0000 0000 0000 0000 0000 0000 0000 0000 0000 0000 0000 0000 0000 0000 0000 0000 0000 0000 0000 0000 0000 0000 0000 0000 0000 0000 0000 0000 0000 0000 0000 0000 0000 0000 0000 0000 0000 0000 0000 0000 0000 0000 0000 0000 0000 0000 0000 0000 0000 0000 0000 0000 0000 0000 0000 0000 0000 0000 0000 0000 0000 0000 0000 0000 0000 0000 0000 0000 0000 0000 0000 0000 0000 0000 0000 0000 0000 0000 0000 0000 0000 0000 0000 0000 0000 0000 0000 0000 0000 0000 0000 0000 0000 0000 0000 0000 0000 0000 0000 0000 0000 0000 0000 0000 0000 0000 0000 0000 0000 0000 0000 0000 0000 0000 0000 0000 0000 0000 0000 0000 0000 0000 0000 0000 0000 0000 0000 0000 0000 0000 0000 0000 0000 0000 0000 0000 0000 0000 0000 0000 0000 0000 0000 0000 0000 0000 0000 0000 0000 0000 0000 0000 0000 0000 0000 0000 0000 0000 0000 0000 0000 0000 0000 0000 0000 0000 0000 0000 0000 0000 0000 0000 0000 0000 0000 0000 0000 0000 0000 0000 0000 0000 0000 0000 0000 0000 0000 0000 0000 0000 0000 0000 0000 0000 0000 0000 0000 0000 0000 0000 0000 0000 0000 0000 0000 0000 0000 0000 0000 0000 0000 0000 0000 0000 0000 0000 0000 0000 0000 0000 0000 0000 0000 0000 0000 0000 0000 0000 0000 0000 0000 0000 0000 0000 0000 0000 0000 0000 0000 0000 0000 0000 0000 0000 0000 0000 0000 0000 0000 0000 0000 0000 0000 0000 0000 0000 0000 0000 0000 0000 0000 0000 0000 0000 0000 0000 0000 0000 0000 0000 0000 0000 0000 0000 0000 0000 0000 0000 0000 0000 0000 0000 0000 0000 0000 0000 0000 0000 0000 0000 0000 0000 0000 0000 0000 0000 0000 0000 0000 0000 0000 0000 0000 0000 0000 0000 0000 0000 0000 0000 0000 0000 0000 0000 0000 0000 0000 0000 0000 0000 0000 0000 0000 0000 0000 0000 0000 0000 0000 0000 0000 0000 0000 0000 0000 0000 0000 
[0;32mI (202875) SPI_SLAVE: pushed into queue[0m

[0;32mI (202875) MQTT_TASK: Read from queue[0m
[0;32mI (203725) SPI_SLAVE: Expected: 720 bytes, Got: 720 bytes[0m
[0;32mI (203725) SPI_SLAVE: Received uint16_t data:[0m
0000 0000 0000 0000 0000 0000 0000 0000 0000 0000 0000 0000 0000 0000 0000 0000 0000 0000 0000 0000 0000 0000 0000 0000 0000 0000 0000 0000 0000 0000 0000 0000 0000 0000 0000 0000 0000 0000 0000 0000 0000 0000 0000 0000 0000 0000 0000 0000 0000 0000 0000 0000 0000 0000 0000 0000 0000 0000 0000 0000 0000 0000 0000 0000 0000 0000 0000 0000 0000 0000 0000 0000 0000 0000 0000 0000 0000 0000 0000 0000 0000 0000 0000 0000 0000 0000 0000 0000 0000 0000 0000 0000 0000 0000 0000 0000 0000 0000 0000 0000 0000 0000 0000 0000 0000 0000 0000 0000 0000 0000 0000 0000 0000 0000 0000 0000 0000 0000 0000 0000 0000 0000 0000 0000 0000 0000 0000 0000 0000 0000 0000 0000 0000 0000 0000 0000 0000 0000 0000 0000 0000 0000 0000 0000 0000 0000 0000 0000 0000 0000 0000 0000 0000 0000 0000 0000 0000 0000 0000 0000 0000 0000 0000 0000 0000 0000 0000 0000 0000 0000 0000 0000 0000 0000 0000 0000 0000 0000 0000 0000 0000 0000 0000 0000 0000 0000 0000 0000 0000 0000 0000 0000 0000 0000 0000 0000 0000 0000 0000 0000 0000 0000 0000 0000 0000 0000 0000 0000 0000 0000 0000 0000 0000 0000 0000 0000 0000 0000 0000 0000 0000 0000 0000 0000 0000 0000 0000 0000 0000 0000 0000 0000 0000 0000 0000 0000 0000 0000 0000 0000 0000 0000 0000 0000 0000 0000 0000 0000 0000 0000 0000 0000 0000 0000 0000 0000 0000 0000 0000 0000 0000 0000 0000 0000 0000 0000 0000 0000 0000 0000 0000 0000 0000 0000 0000 0000 0000 0000 0000 0000 0000 0000 0000 0000 0000 0000 0000 0000 0000 0000 0000 0000 0000 0000 0000 0000 0000 0000 0000 0000 0000 0000 0000 0000 0000 0000 0000 0000 0000 0000 0000 0000 0000 0000 0000 0000 0000 0000 0000 0000 0000 0000 0000 0000 0000 0000 0000 0000 0000 0000 0000 0000 0000 0000 0000 0000 0000 0000 0000 0000 0000 0000 0000 0000 0000 0000 0000 0000 0000 0000 0000 0000 0000 0000 0000 0000 0000 0000 0000 0000 
[0;32mI (203875) SPI_SLAVE: pushed into queue[0m

[0;32mI (203875) MQTT_TASK: Read from queue[0m
[0;32mI (204725) SPI_SLAVE: Expected: 720 bytes, Got: 720 bytes[0m
[0;32mI (204725) SPI_SLAVE: Received uint16_t data:[0m
0000 0000 0000 0000 0000 0000 0000 0000 0000 0000 0000 0000 0000 0000 0000 0000 0000 0000 0000 0000 0000 0000 0000 0000 0000 0000 0000 0000 0000 0000 0000 0000 0000 0000 0000 0000 0000 0000 0000 0000 0000 0000 0000 0000 0000 0000 0000 0000 0000 0000 0000 0000 0000 0000 0000 0000 0000 0000 0000 0000 0000 0000 0000 0000 0000 0000 0000 0000 0000 0000 0000 0000 0000 0000 0000 0000 0000 0000 0000 0000 0000 0000 0000 0000 0000 0000 0000 0000 0000 0000 0000 0000 0000 0000 0000 0000 0000 0000 0000 0000 0000 0000 0000 0000 0000 0000 0000 0000 0000 0000 0000 0000 0000 0000 0000 0000 0000 0000 0000 0000 0000 0000 0000 0000 0000 0000 0000 0000 0000 0000 0000 0000 0000 0000 0000 0000 0000 0000 0000 0000 0000 0000 0000 0000 0000 0000 0000 0000 0000 0000 0000 0000 0000 0000 0000 0000 0000 0000 0000 0000 0000 0000 0000 0000 0000 0000 0000 0000 0000 0000 0000 0000 0000 0000 0000 0000 0000 0000 0000 0000 0000 0000 0000 0000 0000 0000 0000 0000 0000 0000 0000 0000 0000 0000 0000 0000 0000 0000 0000 0000 0000 0000 0000 0000 0000 0000 0000 0000 0000 0000 0000 0000 0000 0000 0000 0000 0000 0000 0000 0000 0000 0000 0000 0000 0000 0000 0000 0000 0000 0000 0000 0000 0000 0000 0000 0000 0000 0000 0000 0000 0000 0000 0000 0000 0000 0000 0000 0000 0000 0000 0000 0000 0000 0000 0000 0000 0000 0000 0000 0000 0000 0000 0000 0000 0000 0000 0000 0000 0000 0000 0000 0000 0000 0000 0000 0000 0000 0000 0000 0000 0000 0000 0000 0000 0000 0000 0000 0000 0000 0000 0000 0000 0000 0000 0000 0000 0000 0000 0000 0000 0000 0000 0000 0000 0000 0000 0000 0000 0000 0000 0000 0000 0000 0000 0000 0000 0000 0000 0000 0000 0000 0000 0000 0000 0000 0000 0000 0000 0000 0000 0000 0000 0000 0000 0000 0000 0000 0000 0000 0000 0000 0000 0000 0000 0000 0000 0000 0000 0000 0000 0000 0000 0000 0000 0000 0000 0000 0000 0000 0000 
[0;32mI (204875) SPI_SLAVE: pushed into queue[0m

[0;32mI (204875) MQTT_TASK: Read from queue[0m
[0;32mI (205725) SPI_SLAVE: Expected: 720 bytes, Got: 720 bytes[0m
[0;32mI (205725) SPI_SLAVE: Received uint16_t data:[0m
0000 0000 0000 0000 0000 0000 0000 0000 0000 0000 0000 0000 0000 0000 0000 0000 0000 0000 0000 0000 0000 0000 0000 0000 0000 0000 0000 0000 0000 0000 0000 0000 0000 0000 0000 0000 0000 0000 0000 0000 0000 0000 0000 0000 0000 0000 0000 0000 0000 0000 0000 0000 0000 0000 0000 0000 0000 0000 0000 0000 0000 0000 0000 0000 0000 0000 0000 0000 0000 0000 0000 0000 0000 0000 0000 0000 0000 0000 0000 0000 0000 0000 0000 0000 0000 0000 0000 0000 0000 0000 0000 0000 0000 0000 0000 0000 0000 0000 0000 0000 0000 0000 0000 0000 0000 0000 0000 0000 0000 0000 0000 0000 0000 0000 0000 0000 0000 0000 0000 0000 0000 0000 0000 0000 0000 0000 0000 0000 0000 0000 0000 0000 0000 0000 0000 0000 0000 0000 0000 0000 0000 0000 0000 0000 0000 0000 0000 0000 0000 0000 0000 0000 0000 0000 0000 0000 0000 0000 0000 0000 0000 0000 0000 0000 0000 0000 0000 0000 0000 0000 0000 0000 0000 0000 0000 0000 0000 0000 0000 0000 0000 0000 0000 0000 0000 0000 0000 0000 0000 0000 0000 0000 0000 0000 0000 0000 0000 0000 0000 0000 0000 0000 0000 0000 0000 0000 0000 0000 0000 0000 0000 0000 0000 0000 0000 0000 0000 0000 0000 0000 0000 0000 0000 0000 0000 0000 0000 0000 0000 0000 0000 0000 0000 0000 0000 0000 0000 0000 0000 0000 0000 0000 0000 0000 0000 0000 0000 0000 0000 0000 0000 0000 0000 0000 0000 0000 0000 0000 0000 0000 0000 0000 0000 0000 0000 0000 0000 0000 0000 0000 0000 0000 0000 0000 0000 0000 0000 0000 0000 0000 0000 0000 0000 0000 0000 0000 0000 0000 0000 0000 0000 0000 0000 0000 0000 0000 0000 0000 0000 0000 0000 0000 0000 0000 0000 0000 0000 0000 0000 0000 0000 0000 0000 0000 0000 0000 0000 0000 0000 0000 0000 0000 0000 0000 0000 0000 0000 0000 0000 0000 0000 0000 0000 0000 0000 0000 0000 0000 0000 0000 0000 0000 0000 0000 0000 0000 0000 0000 0000 0000 0000 0000 0000 0000 0000 0000 0000 0000 0000 0000 
[0;32mI (205875) SPI_SLAVE: pushed into queue[0m

[0;32mI (205875) MQTT_TASK: Read from queue[0m
[0;32mI (206725) SPI_SLAVE: Expected: 720 bytes, Got: 720 bytes[0m
[0;32mI (206725) SPI_SLAVE: Received uint16_t data:[0m
0000 0000 0000 0000 0000 0000 0000 0000 0000 0000 0000 0000 0000 0000 0000 0000 0000 0000 0000 0000 0000 0000 0000 0000 0000 0000 0000 0000 0000 0000 0000 0000 0000 0000 0000 0000 0000 0000 0000 0000 0000 0000 0000 0000 0000 0000 0000 0000 0000 0000 0000 0000 0000 0000 0000 0000 0000 0000 0000 0000 0000 0000 0000 0000 0000 0000 0000 0000 0000 0000 0000 0000 0000 0000 0000 0000 0000 0000 0000 0000 0000 0000 0000 0000 0000 0000 0000 0000 0000 0000 0000 0000 0000 0000 0000 0000 0000 0000 0000 0000 0000 0000 0000 0000 0000 0000 0000 0000 0000 0000 0000 0000 0000 0000 0000 0000 0000 0000 0000 0000 0000 0000 0000 0000 0000 0000 0000 0000 0000 0000 0000 0000 0000 0000 0000 0000 0000 0000 0000 0000 0000 0000 0000 0000 0000 0000 0000 0000 0000 0000 0000 0000 0000 0000 0000 0000 0000 0000 0000 0000 0000 0000 0000 0000 0000 0000 0000 0000 0000 0000 0000 0000 0000 0000 0000 0000 0000 0000 0000 0000 0000 0000 0000 0000 0000 0000 0000 0000 0000 0000 0000 0000 0000 0000 0000 0000 0000 0000 0000 0000 0000 0000 0000 0000 0000 0000 0000 0000 0000 0000 0000 0000 0000 0000 0000 0000 0000 0000 0000 0000 0000 0000 0000 0000 0000 0000 0000 0000 0000 0000 0000 0000 0000 0000 0000 0000 0000 0000 0000 0000 0000 0000 0000 0000 0000 0000 0000 0000 0000 0000 0000 0000 0000 0000 0000 0000 0000 0000 0000 0000 0000 0000 0000 0000 0000 0000 0000 0000 0000 0000 0000 0000 0000 0000 0000 0000 0000 0000 0000 0000 0000 0000 0000 0000 0000 0000 0000 0000 0000 0000 0000 0000 0000 0000 0000 0000 0000 0000 0000 0000 0000 0000 0000 0000 0000 0000 0000 0000 0000 0000 0000 0000 0000 0000 0000 0000 0000 0000 0000 0000 0000 0000 0000 0000 0000 0000 0000 0000 0000 0000 0000 0000 0000 0000 0000 0000 0000 0000 0000 0000 0000 0000 0000 0000 0000 0000 0000 0000 0000 0000 0000 0000 0000 0000 0000 0000 0000 0000 0000 0000 
[0;32mI (206875) SPI_SLAVE: pushed into queue[0m

[0;32mI (206875) MQTT_TASK: Read from queue[0m
[0;32mI (207725) SPI_SLAVE: Expected: 720 bytes, Got: 720 bytes[0m
[0;32mI (207725) SPI_SLAVE: Received uint16_t data:[0m
0000 0000 0000 0000 0000 0000 0000 0000 0000 0000 0000 0000 0000 0000 0000 0000 0000 0000 0000 0000 0000 0000 0000 0000 0000 0000 0000 0000 0000 0000 0000 0000 0000 0000 0000 0000 0000 0000 0000 0000 0000 0000 0000 0000 0000 0000 0000 0000 0000 0000 0000 0000 0000 0000 0000 0000 0000 0000 0000 0000 0000 0000 0000 0000 0000 0000 0000 0000 0000 0000 0000 0000 0000 0000 0000 0000 0000 0000 0000 0000 0000 0000 0000 0000 0000 0000 0000 0000 0000 0000 0000 0000 0000 0000 0000 0000 0000 0000 0000 0000 0000 0000 0000 0000 0000 0000 0000 0000 0000 0000 0000 0000 0000 0000 0000 0000 0000 0000 0000 0000 0000 0000 0000 0000 0000 0000 0000 0000 0000 0000 0000 0000 0000 0000 0000 0000 0000 0000 0000 0000 0000 0000 0000 0000 0000 0000 0000 0000 0000 0000 0000 0000 0000 0000 0000 0000 0000 0000 0000 0000 0000 0000 0000 0000 0000 0000 0000 0000 0000 0000 0000 0000 0000 0000 0000 0000 0000 0000 0000 0000 0000 0000 0000 0000 0000 0000 0000 0000 0000 0000 0000 0000 0000 0000 0000 0000 0000 0000 0000 0000 0000 0000 0000 0000 0000 0000 0000 0000 0000 0000 0000 0000 0000 0000 0000 0000 0000 0000 0000 0000 0000 0000 0000 0000 0000 0000 0000 0000 0000 0000 0000 0000 0000 0000 0000 0000 0000 0000 0000 0000 0000 0000 0000 0000 0000 0000 0000 0000 0000 0000 0000 0000 0000 0000 0000 0000 0000 0000 0000 0000 0000 0000 0000 0000 0000 0000 0000 0000 0000 0000 0000 0000 0000 0000 0000 0000 0000 0000 0000 0000 0000 0000 0000 0000 0000 0000 0000 0000 0000 0000 0000 0000 0000 0000 0000 0000 0000 0000 0000 0000 0000 0000 0000 0000 0000 0000 0000 0000 0000 0000 0000 0000 0000 0000 0000 0000 0000 0000 0000 0000 0000 0000 0000 0000 0000 0000 0000 0000 0000 0000 0000 0000 0000 0000 0000 0000 0000 0000 0000 0000 0000 0000 0000 0000 0000 0000 0000 0000 0000 0000 0000 0000 0000 0000 0000 0000 0000 0000 0000 0000 
[0;32mI (207875) SPI_SLAVE: pushed into queue[0m

[0;32mI (207875) MQTT_TASK: Read from queue[0m
[0;32mI (208725) SPI_SLAVE: Expected: 720 bytes, Got: 720 bytes[0m
[0;32mI (208725) SPI_SLAVE: Received uint16_t data:[0m
0000 0000 0000 0000 0000 0000 0000 0000 0000 0000 0000 0000 0000 0000 0000 0000 0000 0000 0000 0000 0000 0000 0000 0000 0000 0000 0000 0000 0000 0000 0000 0000 0000 0000 0000 0000 0000 0000 0000 0000 0000 0000 0000 0000 0000 0000 0000 0000 0000 0000 0000 0000 0000 0000 0000 0000 0000 0000 0000 0000 0000 0000 0000 0000 0000 0000 0000 0000 0000 0000 0000 0000 0000 0000 0000 0000 0000 0000 0000 0000 0000 0000 0000 0000 0000 0000 0000 0000 0000 0000 0000 0000 0000 0000 0000 0000 0000 0000 0000 0000 0000 0000 0000 0000 0000 0000 0000 0000 0000 0000 0000 0000 0000 0000 0000 0000 0000 0000 0000 0000 0000 0000 0000 0000 0000 0000 0000 0000 0000 0000 0000 0000 0000 0000 0000 0000 0000 0000 0000 0000 0000 0000 0000 0000 0000 0000 0000 0000 0000 0000 0000 0000 0000 0000 0000 0000 0000 0000 0000 0000 0000 0000 0000 0000 0000 0000 0000 0000 0000 0000 0000 0000 0000 0000 0000 0000 0000 0000 0000 0000 0000 0000 0000 0000 0000 0000 0000 0000 0000 0000 0000 0000 0000 0000 0000 0000 0000 0000 0000 0000 0000 0000 0000 0000 0000 0000 0000 0000 0000 0000 0000 0000 0000 0000 0000 0000 0000 0000 0000 0000 0000 0000 0000 0000 0000 0000 0000 0000 0000 0000 0000 0000 0000 0000 0000 0000 0000 0000 0000 0000 0000 0000 0000 0000 0000 0000 0000 0000 0000 0000 0000 0000 0000 0000 0000 0000 0000 0000 0000 0000 0000 0000 0000 0000 0000 0000 0000 0000 0000 0000 0000 0000 0000 0000 0000 0000 0000 0000 0000 0000 0000 0000 0000 0000 0000 0000 0000 0000 0000 0000 0000 0000 0000 0000 0000 0000 0000 0000 0000 0000 0000 0000 0000 0000 0000 0000 0000 0000 0000 0000 0000 0000 0000 0000 0000 0000 0000 0000 0000 0000 0000 0000 0000 0000 0000 0000 0000 0000 0000 0000 0000 0000 0000 0000 0000 0000 0000 0000 0000 0000 0000 0000 0000 0000 0000 0000 0000 0000 0000 0000 0000 0000 0000 0000 0000 0000 0000 0000 0000 0000 
[0;32mI (208875) SPI_SLAVE: pushed into queue[0m

[0;32mI (208875) MQTT_TASK: Read from queue[0m
[0;32mI (209725) SPI_SLAVE: Expected: 720 bytes, Got: 720 bytes[0m
[0;32mI (209725) SPI_SLAVE: Received uint16_t data:[0m
0000 0000 0000 0000 0000 0000 0000 0000 0000 0000 0000 0000 0000 0000 0000 0000 0000 0000 0000 0000 0000 0000 0000 0000 0000 0000 0000 0000 0000 0000 0000 0000 0000 0000 0000 0000 0000 0000 0000 0000 0000 0000 0000 0000 0000 0000 0000 0000 0000 0000 0000 0000 0000 0000 0000 0000 0000 0000 0000 0000 0000 0000 0000 0000 0000 0000 0000 0000 0000 0000 0000 0000 0000 0000 0000 0000 0000 0000 0000 0000 0000 0000 0000 0000 0000 0000 0000 0000 0000 0000 0000 0000 0000 0000 0000 0000 0000 0000 0000 0000 0000 0000 0000 0000 0000 0000 0000 0000 0000 0000 0000 0000 0000 0000 0000 0000 0000 0000 0000 0000 0000 0000 0000 0000 0000 0000 0000 0000 0000 0000 0000 0000 0000 0000 0000 0000 0000 0000 0000 0000 0000 0000 0000 0000 0000 0000 0000 0000 0000 0000 0000 0000 0000 0000 0000 0000 0000 0000 0000 0000 0000 0000 0000 0000 0000 0000 0000 0000 0000 0000 0000 0000 0000 0000 0000 0000 0000 0000 0000 0000 0000 0000 0000 0000 0000 0000 0000 0000 0000 0000 0000 0000 0000 0000 0000 0000 0000 0000 0000 0000 0000 0000 0000 0000 0000 0000 0000 0000 0000 0000 0000 0000 0000 0000 0000 0000 0000 0000 0000 0000 0000 0000 0000 0000 0000 0000 0000 0000 0000 0000 0000 0000 0000 0000 0000 0000 0000 0000 0000 0000 0000 0000 0000 0000 0000 0000 0000 0000 0000 0000 0000 0000 0000 0000 0000 0000 0000 0000 0000 0000 0000 0000 0000 0000 0000 0000 0000 0000 0000 0000 0000 0000 0000 0000 0000 0000 0000 0000 0000 0000 0000 0000 0000 0000 0000 0000 0000 0000 0000 0000 0000 0000 0000 0000 0000 0000 0000 0000 0000 0000 0000 0000 0000 0000 0000 0000 0000 0000 0000 0000 0000 0000 0000 0000 0000 0000 0000 0000 0000 0000 0000 0000 0000 0000 0000 0000 0000 0000 0000 0000 0000 0000 0000 0000 0000 0000 0000 0000 0000 0000 0000 0000 0000 0000 0000 0000 0000 0000 0000 0000 0000 0000 0000 0000 0000 0000 0000 0000 0000 0000 
[0;32mI (209875) SPI_SLAVE: pushed into queue[0m

[0;32mI (209875) MQTT_TASK: Read from queue[0m
[0;32mI (210725) SPI_SLAVE: Expected: 720 bytes, Got: 720 bytes[0m
[0;32mI (210725) SPI_SLAVE: Received uint16_t data:[0m
0000 0000 0000 0000 0000 0000 0000 0000 0000 0000 0000 0000 0000 0000 0000 0000 0000 0000 0000 0000 0000 0000 0000 0000 0000 0000 0000 0000 0000 0000 0000 0000 0000 0000 0000 0000 0000 0000 0000 0000 0000 0000 0000 0000 0000 0000 0000 0000 0000 0000 0000 0000 0000 0000 0000 0000 0000 0000 0000 0000 0000 0000 0000 0000 0000 0000 0000 0000 0000 0000 0000 0000 0000 0000 0000 0000 0000 0000 0000 0000 0000 0000 0000 0000 0000 0000 0000 0000 0000 0000 0000 0000 0000 0000 0000 0000 0000 0000 0000 0000 0000 0000 0000 0000 0000 0000 0000 0000 0000 0000 0000 0000 0000 0000 0000 0000 0000 0000 0000 0000 0000 0000 0000 0000 0000 0000 0000 0000 0000 0000 0000 0000 0000 0000 0000 0000 0000 0000 0000 0000 0000 0000 0000 0000 0000 0000 0000 0000 0000 0000 0000 0000 0000 0000 0000 0000 0000 0000 0000 0000 0000 0000 0000 0000 0000 0000 0000 0000 0000 0000 0000 0000 0000 0000 0000 0000 0000 0000 0000 0000 0000 0000 0000 0000 0000 0000 0000 0000 0000 0000 0000 0000 0000 0000 0000 0000 0000 0000 0000 0000 0000 0000 0000 0000 0000 0000 0000 0000 0000 0000 0000 0000 0000 0000 0000 0000 0000 0000 0000 0000 0000 0000 0000 0000 0000 0000 0000 0000 0000 0000 0000 0000 0000 0000 0000 0000 0000 0000 0000 0000 0000 0000 0000 0000 0000 0000 0000 0000 0000 0000 0000 0000 0000 0000 0000 0000 0000 0000 0000 0000 0000 0000 0000 0000 0000 0000 0000 0000 0000 0000 0000 0000 0000 0000 0000 0000 0000 0000 0000 0000 0000 0000 0000 0000 0000 0000 0000 0000 0000 0000 0000 0000 0000 0000 0000 0000 0000 0000 0000 0000 0000 0000 0000 0000 0000 0000 0000 0000 0000 0000 0000 0000 0000 0000 0000 0000 0000 0000 0000 0000 0000 0000 0000 0000 0000 0000 0000 0000 0000 0000 0000 0000 0000 0000 0000 0000 0000 0000 0000 0000 0000 0000 0000 0000 0000 0000 0000 0000 0000 0000 0000 0000 0000 0000 0000 0000 0000 0000 0000 0000 
[0;32mI (210875) SPI_SLAVE: pushed into queue[0m

[0;32mI (210875) MQTT_TASK: Read from queue[0m
[0;32mI (211725) SPI_SLAVE: Expected: 720 bytes, Got: 720 bytes[0m
[0;32mI (211725) SPI_SLAVE: Received uint16_t data:[0m
0000 0000 0000 0000 0000 0000 0000 0000 0000 0000 0000 0000 0000 0000 0000 0000 0000 0000 0000 0000 0000 0000 0000 0000 0000 0000 0000 0000 0000 0000 0000 0000 0000 0000 0000 0000 0000 0000 0000 0000 0000 0000 0000 0000 0000 0000 0000 0000 0000 0000 0000 0000 0000 0000 0000 0000 0000 0000 0000 0000 0000 0000 0000 0000 0000 0000 0000 0000 0000 0000 0000 0000 0000 0000 0000 0000 0000 0000 0000 0000 0000 0000 0000 0000 0000 0000 0000 0000 0000 0000 0000 0000 0000 0000 0000 0000 0000 0000 0000 0000 0000 0000 0000 0000 0000 0000 0000 0000 0000 0000 0000 0000 0000 0000 0000 0000 0000 0000 0000 0000 0000 0000 0000 0000 0000 0000 0000 0000 0000 0000 0000 0000 0000 0000 0000 0000 0000 0000 0000 0000 0000 0000 0000 0000 0000 0000 0000 0000 0000 0000 0000 0000 0000 0000 0000 0000 0000 0000 0000 0000 0000 0000 0000 0000 0000 0000 0000 0000 0000 0000 0000 0000 0000 0000 0000 0000 0000 0000 0000 0000 0000 0000 0000 0000 0000 0000 0000 0000 0000 0000 0000 0000 0000 0000 0000 0000 0000 0000 0000 0000 0000 0000 0000 0000 0000 0000 0000 0000 0000 0000 0000 0000 0000 0000 0000 0000 0000 0000 0000 0000 0000 0000 0000 0000 0000 0000 0000 0000 0000 0000 0000 0000 0000 0000 0000 0000 0000 0000 0000 0000 0000 0000 0000 0000 0000 0000 0000 0000 0000 0000 0000 0000 0000 0000 0000 0000 0000 0000 0000 0000 0000 0000 0000 0000 0000 0000 0000 0000 0000 0000 0000 0000 0000 0000 0000 0000 0000 0000 0000 0000 0000 0000 0000 0000 0000 0000 0000 0000 0000 0000 0000 0000 0000 0000 0000 0000 0000 0000 0000 0000 0000 0000 0000 0000 0000 0000 0000 0000 0000 0000 0000 0000 0000 0000 0000 0000 0000 0000 0000 0000 0000 0000 0000 0000 0000 0000 0000 0000 0000 0000 0000 0000 0000 0000 0000 0000 0000 0000 0000 0000 0000 0000 0000 0000 0000 0000 0000 0000 0000 0000 0000 0000 0000 0000 0000 0000 0000 0000 0000 0000 
[0;32mI (211875) SPI_SLAVE: pushed into queue[0m

[0;32mI (211875) MQTT_TASK: Read from queue[0m
[0;32mI (212725) SPI_SLAVE: Expected: 720 bytes, Got: 720 bytes[0m
[0;32mI (212725) SPI_SLAVE: Received uint16_t data:[0m
0000 0000 0000 0000 0000 0000 0000 0000 0000 0000 0000 0000 0000 0000 0000 0000 0000 0000 0000 0000 0000 0000 0000 0000 0000 0000 0000 0000 0000 0000 0000 0000 0000 0000 0000 0000 0000 0000 0000 0000 0000 0000 0000 0000 0000 0000 0000 0000 0000 0000 0000 0000 0000 0000 0000 0000 0000 0000 0000 0000 0000 0000 0000 0000 0000 0000 0000 0000 0000 0000 0000 0000 0000 0000 0000 0000 0000 0000 0000 0000 0000 0000 0000 0000 0000 0000 0000 0000 0000 0000 0000 0000 0000 0000 0000 0000 0000 0000 0000 0000 0000 0000 0000 0000 0000 0000 0000 0000 0000 0000 0000 0000 0000 0000 0000 0000 0000 0000 0000 0000 0000 0000 0000 0000 0000 0000 0000 0000 0000 0000 0000 0000 0000 0000 0000 0000 0000 0000 0000 0000 0000 0000 0000 0000 0000 0000 0000 0000 0000 0000 0000 0000 0000 0000 0000 0000 0000 0000 0000 0000 0000 0000 0000 0000 0000 0000 0000 0000 0000 0000 0000 0000 0000 0000 0000 0000 0000 0000 0000 0000 0000 0000 0000 0000 0000 0000 0000 0000 0000 0000 0000 0000 0000 0000 0000 0000 0000 0000 0000 0000 0000 0000 0000 0000 0000 0000 0000 0000 0000 0000 0000 0000 0000 0000 0000 0000 0000 0000 0000 0000 0000 0000 0000 0000 0000 0000 0000 0000 0000 0000 0000 0000 0000 0000 0000 0000 0000 0000 0000 0000 0000 0000 0000 0000 0000 0000 0000 0000 0000 0000 0000 0000 0000 0000 0000 0000 0000 0000 0000 0000 0000 0000 0000 0000 0000 0000 0000 0000 0000 0000 0000 0000 0000 0000 0000 0000 0000 0000 0000 0000 0000 0000 0000 0000 0000 0000 0000 0000 0000 0000 0000 0000 0000 0000 0000 0000 0000 0000 0000 0000 0000 0000 0000 0000 0000 0000 0000 0000 0000 0000 0000 0000 0000 0000 0000 0000 0000 0000 0000 0000 0000 0000 0000 0000 0000 0000 0000 0000 0000 0000 0000 0000 0000 0000 0000 0000 0000 0000 0000 0000 0000 0000 0000 0000 0000 0000 0000 0000 0000 0000 0000 0000 0000 0000 0000 0000 0000 0000 0000 0000 
[0;32mI (212875) SPI_SLAVE: pushed into queue[0m

[0;32mI (212875) MQTT_TASK: Read from queue[0m
[0;32mI (213725) SPI_SLAVE: Expected: 720 bytes, Got: 720 bytes[0m
[0;32mI (213725) SPI_SLAVE: Received uint16_t data:[0m
0000 0000 0000 0000 0000 0000 0000 0000 0000 0000 0000 0000 0000 0000 0000 0000 0000 0000 0000 0000 0000 0000 0000 0000 0000 0000 0000 0000 0000 0000 0000 0000 0000 0000 0000 0000 0000 0000 0000 0000 0000 0000 0000 0000 0000 0000 0000 0000 0000 0000 0000 0000 0000 0000 0000 0000 0000 0000 0000 0000 0000 0000 0000 0000 0000 0000 0000 0000 0000 0000 0000 0000 0000 0000 0000 0000 0000 0000 0000 0000 0000 0000 0000 0000 0000 0000 0000 0000 0000 0000 0000 0000 0000 0000 0000 0000 0000 0000 0000 0000 0000 0000 0000 0000 0000 0000 0000 0000 0000 0000 0000 0000 0000 0000 0000 0000 0000 0000 0000 0000 0000 0000 0000 0000 0000 0000 0000 0000 0000 0000 0000 0000 0000 0000 0000 0000 0000 0000 0000 0000 0000 0000 0000 0000 0000 0000 0000 0000 0000 0000 0000 0000 0000 0000 0000 0000 0000 0000 0000 0000 0000 0000 0000 0000 0000 0000 0000 0000 0000 0000 0000 0000 0000 0000 0000 0000 0000 0000 0000 0000 0000 0000 0000 0000 0000 0000 0000 0000 0000 0000 0000 0000 0000 0000 0000 0000 0000 0000 0000 0000 0000 0000 0000 0000 0000 0000 0000 0000 0000 0000 0000 0000 0000 0000 0000 0000 0000 0000 0000 0000 0000 0000 0000 0000 0000 0000 0000 0000 0000 0000 0000 0000 0000 0000 0000 0000 0000 0000 0000 0000 0000 0000 0000 0000 0000 0000 0000 0000 0000 0000 0000 0000 0000 0000 0000 0000 0000 0000 0000 0000 0000 0000 0000 0000 0000 0000 0000 0000 0000 0000 0000 0000 0000 0000 0000 0000 0000 0000 0000 0000 0000 0000 0000 0000 0000 0000 0000 0000 0000 0000 0000 0000 0000 0000 0000 0000 0000 0000 0000 0000 0000 0000 0000 0000 0000 0000 0000 0000 0000 0000 0000 0000 0000 0000 0000 0000 0000 0000 0000 0000 0000 0000 0000 0000 0000 0000 0000 0000 0000 0000 0000 0000 0000 0000 0000 0000 0000 0000 0000 0000 0000 0000 0000 0000 0000 0000 0000 0000 0000 0000 0000 0000 0000 0000 0000 0000 0000 0000 0000 0000 
[0;32mI (213875) SPI_SLAVE: pushed into queue[0m

[0;32mI (213875) MQTT_TASK: Read from queue[0m
[0;32mI (214725) SPI_SLAVE: Expected: 720 bytes, Got: 720 bytes[0m
[0;32mI (214725) SPI_SLAVE: Received uint16_t data:[0m
0000 0000 0000 0000 0000 0000 0000 0000 0000 0000 0000 0000 0000 0000 0000 0000 0000 0000 0000 0000 0000 0000 0000 0000 0000 0000 0000 0000 0000 0000 0000 0000 0000 0000 0000 0000 0000 0000 0000 0000 0000 0000 0000 0000 0000 0000 0000 0000 0000 0000 0000 0000 0000 0000 0000 0000 0000 0000 0000 0000 0000 0000 0000 0000 0000 0000 0000 0000 0000 0000 0000 0000 0000 0000 0000 0000 0000 0000 0000 0000 0000 0000 0000 0000 0000 0000 0000 0000 0000 0000 0000 0000 0000 0000 0000 0000 0000 0000 0000 0000 0000 0000 0000 0000 0000 0000 0000 0000 0000 0000 0000 0000 0000 0000 0000 0000 0000 0000 0000 0000 0000 0000 0000 0000 0000 0000 0000 0000 0000 0000 0000 0000 0000 0000 0000 0000 0000 0000 0000 0000 0000 0000 0000 0000 0000 0000 0000 0000 0000 0000 0000 0000 0000 0000 0000 0000 0000 0000 0000 0000 0000 0000 0000 0000 0000 0000 0000 0000 0000 0000 0000 0000 0000 0000 0000 0000 0000 0000 0000 0000 0000 0000 0000 0000 0000 0000 0000 0000 0000 0000 0000 0000 0000 0000 0000 0000 0000 0000 0000 0000 0000 0000 0000 0000 0000 0000 0000 0000 0000 0000 0000 0000 0000 0000 0000 0000 0000 0000 0000 0000 0000 0000 0000 0000 0000 0000 0000 0000 0000 0000 0000 0000 0000 0000 0000 0000 0000 0000 0000 0000 0000 0000 0000 0000 0000 0000 0000 0000 0000 0000 0000 0000 0000 0000 0000 0000 0000 0000 0000 0000 0000 0000 0000 0000 0000 0000 0000 0000 0000 0000 0000 0000 0000 0000 0000 0000 0000 0000 0000 0000 0000 0000 0000 0000 0000 0000 0000 0000 0000 0000 0000 0000 0000 0000 0000 0000 0000 0000 0000 0000 0000 0000 0000 0000 0000 0000 0000 0000 0000 0000 0000 0000 0000 0000 0000 0000 0000 0000 0000 0000 0000 0000 0000 0000 0000 0000 0000 0000 0000 0000 0000 0000 0000 0000 0000 0000 0000 0000 0000 0000 0000 0000 0000 0000 0000 0000 0000 0000 0000 0000 0000 0000 0000 0000 0000 0000 0000 0000 0000 0000 
[0;32mI (214875) SPI_SLAVE: pushed into queue[0m

[0;32mI (214875) MQTT_TASK: Read from queue[0m
[0;32mI (215725) SPI_SLAVE: Expected: 720 bytes, Got: 720 bytes[0m
[0;32mI (215725) SPI_SLAVE: Received uint16_t data:[0m
0000 0000 0000 0000 0000 0000 0000 0000 0000 0000 0000 0000 0000 0000 0000 0000 0000 0000 0000 0000 0000 0000 0000 0000 0000 0000 0000 0000 0000 0000 0000 0000 0000 0000 0000 0000 0000 0000 0000 0000 0000 0000 0000 0000 0000 0000 0000 0000 0000 0000 0000 0000 0000 0000 0000 0000 0000 0000 0000 0000 0000 0000 0000 0000 0000 0000 0000 0000 0000 0000 0000 0000 0000 0000 0000 0000 0000 0000 0000 0000 0000 0000 0000 0000 0000 0000 0000 0000 0000 0000 0000 0000 0000 0000 0000 0000 0000 0000 0000 0000 0000 0000 0000 0000 0000 0000 0000 0000 0000 0000 0000 0000 0000 0000 0000 0000 0000 0000 0000 0000 0000 0000 0000 0000 0000 0000 0000 0000 0000 0000 0000 0000 0000 0000 0000 0000 0000 0000 0000 0000 0000 0000 0000 0000 0000 0000 0000 0000 0000 0000 0000 0000 0000 0000 0000 0000 0000 0000 0000 0000 0000 0000 0000 0000 0000 0000 0000 0000 0000 0000 0000 0000 0000 0000 0000 0000 0000 0000 0000 0000 0000 0000 0000 0000 0000 0000 0000 0000 0000 0000 0000 0000 0000 0000 0000 0000 0000 0000 0000 0000 0000 0000 0000 0000 0000 0000 0000 0000 0000 0000 0000 0000 0000 0000 0000 0000 0000 0000 0000 0000 0000 0000 0000 0000 0000 0000 0000 0000 0000 0000 0000 0000 0000 0000 0000 0000 0000 0000 0000 0000 0000 0000 0000 0000 0000 0000 0000 0000 0000 0000 0000 0000 0000 0000 0000 0000 0000 0000 0000 0000 0000 0000 0000 0000 0000 0000 0000 0000 0000 0000 0000 0000 0000 0000 0000 0000 0000 0000 0000 0000 0000 0000 0000 0000 0000 0000 0000 0000 0000 0000 0000 0000 0000 0000 0000 0000 0000 0000 0000 0000 0000 0000 0000 0000 0000 0000 0000 0000 0000 0000 0000 0000 0000 0000 0000 0000 0000 0000 0000 0000 0000 0000 0000 0000 0000 0000 0000 0000 0000 0000 0000 0000 0000 0000 0000 0000 0000 0000 0000 0000 0000 0000 0000 0000 0000 0000 0000 0000 0000 0000 0000 0000 0000 0000 0000 0000 0000 0000 0000 0000 
[0;32mI (215875) SPI_SLAVE: pushed into queue[0m

[0;32mI (215875) MQTT_TASK: Read from queue[0m
[0;32mI (216725) SPI_SLAVE: Expected: 720 bytes, Got: 720 bytes[0m
[0;32mI (216725) SPI_SLAVE: Received uint16_t data:[0m
0000 0000 0000 0000 0000 0000 0000 0000 0000 0000 0000 0000 0000 0000 0000 0000 0000 0000 0000 0000 0000 0000 0000 0000 0000 0000 0000 0000 0000 0000 0000 0000 0000 0000 0000 0000 0000 0000 0000 0000 0000 0000 0000 0000 0000 0000 0000 0000 0000 0000 0000 0000 0000 0000 0000 0000 0000 0000 0000 0000 0000 0000 0000 0000 0000 0000 0000 0000 0000 0000 0000 0000 0000 0000 0000 0000 0000 0000 0000 0000 0000 0000 0000 0000 0000 0000 0000 0000 0000 0000 0000 0000 0000 0000 0000 0000 0000 0000 0000 0000 0000 0000 0000 0000 0000 0000 0000 0000 0000 0000 0000 0000 0000 0000 0000 0000 0000 0000 0000 0000 0000 0000 0000 0000 0000 0000 0000 0000 0000 0000 0000 0000 0000 0000 0000 0000 0000 0000 0000 0000 0000 0000 0000 0000 0000 0000 0000 0000 0000 0000 0000 0000 0000 0000 0000 0000 0000 0000 0000 0000 0000 0000 0000 0000 0000 0000 0000 0000 0000 0000 0000 0000 0000 0000 0000 0000 0000 0000 0000 0000 0000 0000 0000 0000 0000 0000 0000 0000 0000 0000 0000 0000 0000 0000 0000 0000 0000 0000 0000 0000 0000 0000 0000 0000 0000 0000 0000 0000 0000 0000 0000 0000 0000 0000 0000 0000 0000 0000 0000 0000 0000 0000 0000 0000 0000 0000 0000 0000 0000 0000 0000 0000 0000 0000 0000 0000 0000 0000 0000 0000 0000 0000 0000 0000 0000 0000 0000 0000 0000 0000 0000 0000 0000 0000 0000 0000 0000 0000 0000 0000 0000 0000 0000 0000 0000 0000 0000 0000 0000 0000 0000 0000 0000 0000 0000 0000 0000 0000 0000 0000 0000 0000 0000 0000 0000 0000 0000 0000 0000 0000 0000 0000 0000 0000 0000 0000 0000 0000 0000 0000 0000 0000 0000 0000 0000 0000 0000 0000 0000 0000 0000 0000 0000 0000 0000 0000 0000 0000 0000 0000 0000 0000 0000 0000 0000 0000 0000 0000 0000 0000 0000 0000 0000 0000 0000 0000 0000 0000 0000 0000 0000 0000 0000 0000 0000 0000 0000 0000 0000 0000 0000 0000 0000 0000 0000 0000 0000 0000 0000 0000 
[0;32mI (216875) SPI_SLAVE: pushed into queue[0m

[0;32mI (216875) MQTT_TASK: Read from queue[0m
[0;32mI (217155) MQTT_CLIENT: Unhandled event id: 7[0m
[1;31mE (217155) esp-tls: [sock=54] connect() error: Host is unreachable[0m
[1;31mE (217155) transport_base: Failed to open a new connection: 32772[0m
[1;31mE (217155) mqtt_client: Error transport connect[0m
[0;32mI (217155) MQTT_CLIENT: MQTT_EVENT_ERROR[0m
[0;32mI (217165) MQTT_CLIENT: MQTT_EVENT_DISCONNECTED[0m
[0;32mI (217725) SPI_SLAVE: Expected: 720 bytes, Got: 720 bytes[0m
[0;32mI (217725) SPI_SLAVE: Received uint16_t data:[0m
0000 0000 0000 0000 0000 0000 0000 0000 0000 0000 0000 0000 0000 0000 0000 0000 0000 0000 0000 0000 0000 0000 0000 0000 0000 0000 0000 0000 0000 0000 0000 0000 0000 0000 0000 0000 0000 0000 0000 0000 0000 0000 0000 0000 0000 0000 0000 0000 0000 0000 0000 0000 0000 0000 0000 0000 0000 0000 0000 0000 0000 0000 0000 0000 0000 0000 0000 0000 0000 0000 0000 0000 0000 0000 0000 0000 0000 0000 0000 0000 0000 0000 0000 0000 0000 0000 0000 0000 0000 0000 0000 0000 0000 0000 0000 0000 0000 0000 0000 0000 0000 0000 0000 0000 0000 0000 0000 0000 0000 0000 0000 0000 0000 0000 0000 0000 0000 0000 0000 0000 0000 0000 0000 0000 0000 0000 0000 0000 0000 0000 0000 0000 0000 0000 0000 0000 0000 0000 0000 0000 0000 0000 0000 0000 0000 0000 0000 0000 0000 0000 0000 0000 0000 0000 0000 0000 0000 0000 0000 0000 0000 0000 0000 0000 0000 0000 0000 0000 0000 0000 0000 0000 0000 0000 0000 0000 0000 0000 0000 0000 0000 0000 0000 0000 0000 0000 0000 0000 0000 0000 0000 0000 0000 0000 0000 0000 0000 0000 0000 0000 0000 0000 0000 0000 0000 0000 0000 0000 0000 0000 0000 0000 0000 0000 0000 0000 0000 0000 0000 0000 0000 0000 0000 0000 0000 0000 0000 0000 0000 0000 0000 0000 0000 0000 0000 0000 0000 0000 0000 0000 0000 0000 0000 0000 0000 0000 0000 0000 0000 0000 0000 0000 0000 0000 0000 0000 0000 0000 0000 0000 0000 0000 0000 0000 0000 0000 0000 0000 0000 0000 0000 0000 0000 0000 0000 0000 0000 0000 0000 0000 0000 0000 0000 0000 0000 0000 0000 0000 0000 0000 0000 0000 0000 0000 0000 0000 0000 0000 0000 0000 0000 0000 0000 0000 0000 0000 0000 0000 0000 0000 0000 0000 0000 0000 0000 0000 0000 0000 0000 0000 0000 0000 0000 0000 0000 0000 0000 0000 0000 0000 0000 0000 0000 0000 0000 0000 0000 0000 0000 0000 0000 0000 0000 0000 0000 0000 0000 0000 0000 0000 0000 0000 0000 0000 0000 0000 0000 0000 0000 0000 
[0;32mI (217875) SPI_SLAVE: pushed into queue[0m

[0;32mI (217875) MQTT_TASK: Read from queue[0m
[0;32mI (218725) SPI_SLAVE: Expected: 720 bytes, Got: 720 bytes[0m
[0;32mI (218725) SPI_SLAVE: Received uint16_t data:[0m
0000 0000 0000 0000 0000 0000 0000 0000 0000 0000 0000 0000 0000 0000 0000 0000 0000 0000 0000 0000 0000 0000 0000 0000 0000 0000 0000 0000 0000 0000 0000 0000 0000 0000 0000 0000 0000 0000 0000 0000 0000 0000 0000 0000 0000 0000 0000 0000 0000 0000 0000 0000 0000 0000 0000 0000 0000 0000 0000 0000 0000 0000 0000 0000 0000 0000 0000 0000 0000 0000 0000 0000 0000 0000 0000 0000 0000 0000 0000 0000 0000 0000 0000 0000 0000 0000 0000 0000 0000 0000 0000 0000 0000 0000 0000 0000 0000 0000 0000 0000 0000 0000 0000 0000 0000 0000 0000 0000 0000 0000 0000 0000 0000 0000 0000 0000 0000 0000 0000 0000 0000 0000 0000 0000 0000 0000 0000 0000 0000 0000 0000 0000 0000 0000 0000 0000 0000 0000 0000 0000 0000 0000 0000 0000 0000 0000 0000 0000 0000 0000 0000 0000 0000 0000 0000 0000 0000 0000 0000 0000 0000 0000 0000 0000 0000 0000 0000 0000 0000 0000 0000 0000 0000 0000 0000 0000 0000 0000 0000 0000 0000 0000 0000 0000 0000 0000 0000 0000 0000 0000 0000 0000 0000 0000 0000 0000 0000 0000 0000 0000 0000 0000 0000 0000 0000 0000 0000 0000 0000 0000 0000 0000 0000 0000 0000 0000 0000 0000 0000 0000 0000 0000 0000 0000 0000 0000 0000 0000 0000 0000 0000 0000 0000 0000 0000 0000 0000 0000 0000 0000 0000 0000 0000 0000 0000 0000 0000 0000 0000 0000 0000 0000 0000 0000 0000 0000 0000 0000 0000 0000 0000 0000 0000 0000 0000 0000 0000 0000 0000 0000 0000 0000 0000 0000 0000 0000 0000 0000 0000 0000 0000 0000 0000 0000 0000 0000 0000 0000 0000 0000 0000 0000 0000 0000 0000 0000 0000 0000 0000 0000 0000 0000 0000 0000 0000 0000 0000 0000 0000 0000 0000 0000 0000 0000 0000 0000 0000 0000 0000 0000 0000 0000 0000 0000 0000 0000 0000 0000 0000 0000 0000 0000 0000 0000 0000 0000 0000 0000 0000 0000 0000 0000 0000 0000 0000 0000 0000 0000 0000 0000 0000 0000 0000 0000 0000 0000 0000 0000 0000 0000 
[0;32mI (218875) SPI_SLAVE: pushed into queue[0m

[0;32mI (218875) MQTT_TASK: Read from queue[0m
[0;32mI (219725) SPI_SLAVE: Expected: 720 bytes, Got: 720 bytes[0m
[0;32mI (219725) SPI_SLAVE: Received uint16_t data:[0m
0000 0000 0000 0000 0000 0000 0000 0000 0000 0000 0000 0000 0000 0000 0000 0000 0000 0000 0000 0000 0000 0000 0000 0000 0000 0000 0000 0000 0000 0000 0000 0000 0000 0000 0000 0000 0000 0000 0000 0000 0000 0000 0000 0000 0000 0000 0000 0000 0000 0000 0000 0000 0000 0000 0000 0000 0000 0000 0000 0000 0000 0000 0000 0000 0000 0000 0000 0000 0000 0000 0000 0000 0000 0000 0000 0000 0000 0000 0000 0000 0000 0000 0000 0000 0000 0000 0000 0000 0000 0000 0000 0000 0000 0000 0000 0000 0000 0000 0000 0000 0000 0000 0000 0000 0000 0000 0000 0000 0000 0000 0000 0000 0000 0000 0000 0000 0000 0000 0000 0000 0000 0000 0000 0000 0000 0000 0000 0000 0000 0000 0000 0000 0000 0000 0000 0000 0000 0000 0000 0000 0000 0000 0000 0000 0000 0000 0000 0000 0000 0000 0000 0000 0000 0000 0000 0000 0000 0000 0000 0000 0000 0000 0000 0000 0000 0000 0000 0000 0000 0000 0000 0000 0000 0000 0000 0000 0000 0000 0000 0000 0000 0000 0000 0000 0000 0000 0000 0000 0000 0000 0000 0000 0000 0000 0000 0000 0000 0000 0000 0000 0000 0000 0000 0000 0000 0000 0000 0000 0000 0000 0000 0000 0000 0000 0000 0000 0000 0000 0000 0000 0000 0000 0000 0000 0000 0000 0000 0000 0000 0000 0000 0000 0000 0000 0000 0000 0000 0000 0000 0000 0000 0000 0000 0000 0000 0000 0000 0000 0000 0000 0000 0000 0000 0000 0000 0000 0000 0000 0000 0000 0000 0000 0000 0000 0000 0000 0000 0000 0000 0000 0000 0000 0000 0000 0000 0000 0000 0000 0000 0000 0000 0000 0000 0000 0000 0000 0000 0000 0000 0000 0000 0000 0000 0000 0000 0000 0000 0000 0000 0000 0000 0000 0000 0000 0000 0000 0000 0000 0000 0000 0000 0000 0000 0000 0000 0000 0000 0000 0000 0000 0000 0000 0000 0000 0000 0000 0000 0000 0000 0000 0000 0000 0000 0000 0000 0000 0000 0000 0000 0000 0000 0000 0000 0000 0000 0000 0000 0000 0000 0000 0000 0000 0000 0000 0000 0000 0000 0000 0000 0000 
[0;32mI (219875) SPI_SLAVE: pushed into queue[0m

[0;32mI (219875) MQTT_TASK: Read from queue[0m
[0;32mI (220725) SPI_SLAVE: Expected: 720 bytes, Got: 720 bytes[0m
[0;32mI (220725) SPI_SLAVE: Received uint16_t data:[0m
0000 0000 0000 0000 0000 0000 0000 0000 0000 0000 0000 0000 0000 0000 0000 0000 0000 0000 0000 0000 0000 0000 0000 0000 0000 0000 0000 0000 0000 0000 0000 0000 0000 0000 0000 0000 0000 0000 0000 0000 0000 0000 0000 0000 0000 0000 0000 0000 0000 0000 0000 0000 0000 0000 0000 0000 0000 0000 0000 0000 0000 0000 0000 0000 0000 0000 0000 0000 0000 0000 0000 0000 0000 0000 0000 0000 0000 0000 0000 0000 0000 0000 0000 0000 0000 0000 0000 0000 0000 0000 0000 0000 0000 0000 0000 0000 0000 0000 0000 0000 0000 0000 0000 0000 0000 0000 0000 0000 0000 0000 0000 0000 0000 0000 0000 0000 0000 0000 0000 0000 0000 0000 0000 0000 0000 0000 0000 0000 0000 0000 0000 0000 0000 0000 0000 0000 0000 0000 0000 0000 0000 0000 0000 0000 0000 0000 0000 0000 0000 0000 0000 0000 0000 0000 0000 0000 0000 0000 0000 0000 0000 0000 0000 0000 0000 0000 0000 0000 0000 0000 0000 0000 0000 0000 0000 0000 0000 0000 0000 0000 0000 0000 0000 0000 0000 0000 0000 0000 0000 0000 0000 0000 0000 0000 0000 0000 0000 0000 0000 0000 0000 0000 0000 0000 0000 0000 0000 0000 0000 0000 0000 0000 0000 0000 0000 0000 0000 0000 0000 0000 0000 0000 0000 0000 0000 0000 0000 0000 0000 0000 0000 0000 0000 0000 0000 0000 0000 0000 0000 0000 0000 0000 0000 0000 0000 0000 0000 0000 0000 0000 0000 0000 0000 0000 0000 0000 0000 0000 0000 0000 0000 0000 0000 0000 0000 0000 0000 0000 0000 0000 0000 0000 0000 0000 0000 0000 0000 0000 0000 0000 0000 0000 0000 0000 0000 0000 0000 0000 0000 0000 0000 0000 0000 0000 0000 0000 0000 0000 0000 0000 0000 0000 0000 0000 0000 0000 0000 0000 0000 0000 0000 0000 0000 0000 0000 0000 0000 0000 0000 0000 0000 0000 0000 0000 0000 0000 0000 0000 0000 0000 0000 0000 0000 0000 0000 0000 0000 0000 0000 0000 0000 0000 0000 0000 0000 0000 0000 0000 0000 0000 0000 0000 0000 0000 0000 0000 0000 0000 0000 0000 
[0;32mI (220875) SPI_SLAVE: pushed into queue[0m

[0;32mI (220875) MQTT_TASK: Read from queue[0m
[0;32mI (221725) SPI_SLAVE: Expected: 720 bytes, Got: 720 bytes[0m
[0;32mI (221725) SPI_SLAVE: Received uint16_t data:[0m
0000 0000 0000 0000 0000 0000 0000 0000 0000 0000 0000 0000 0000 0000 0000 0000 0000 0000 0000 0000 0000 0000 0000 0000 0000 0000 0000 0000 0000 0000 0000 0000 0000 0000 0000 0000 0000 0000 0000 0000 0000 0000 0000 0000 0000 0000 0000 0000 0000 0000 0000 0000 0000 0000 0000 0000 0000 0000 0000 0000 0000 0000 0000 0000 0000 0000 0000 0000 0000 0000 0000 0000 0000 0000 0000 0000 0000 0000 0000 0000 0000 0000 0000 0000 0000 0000 0000 0000 0000 0000 0000 0000 0000 0000 0000 0000 0000 0000 0000 0000 0000 0000 0000 0000 0000 0000 0000 0000 0000 0000 0000 0000 0000 0000 0000 0000 0000 0000 0000 0000 0000 0000 0000 0000 0000 0000 0000 0000 0000 0000 0000 0000 0000 0000 0000 0000 0000 0000 0000 0000 0000 0000 0000 0000 0000 0000 0000 0000 0000 0000 0000 0000 0000 0000 0000 0000 0000 0000 0000 0000 0000 0000 0000 0000 0000 0000 0000 0000 0000 0000 0000 0000 0000 0000 0000 0000 0000 0000 0000 0000 0000 0000 0000 0000 0000 0000 0000 0000 0000 0000 0000 0000 0000 0000 0000 0000 0000 0000 0000 0000 0000 0000 0000 0000 0000 0000 0000 0000 0000 0000 0000 0000 0000 0000 0000 0000 0000 0000 0000 0000 0000 0000 0000 0000 0000 0000 0000 0000 0000 0000 0000 0000 0000 0000 0000 0000 0000 0000 0000 0000 0000 0000 0000 0000 0000 0000 0000 0000 0000 0000 0000 0000 0000 0000 0000 0000 0000 0000 0000 0000 0000 0000 0000 0000 0000 0000 0000 0000 0000 0000 0000 0000 0000 0000 0000 0000 0000 0000 0000 0000 0000 0000 0000 0000 0000 0000 0000 0000 0000 0000 0000 0000 0000 0000 0000 0000 0000 0000 0000 0000 0000 0000 0000 0000 0000 0000 0000 0000 0000 0000 0000 0000 0000 0000 0000 0000 0000 0000 0000 0000 0000 0000 0000 0000 0000 0000 0000 0000 0000 0000 0000 0000 0000 0000 0000 0000 0000 0000 0000 0000 0000 0000 0000 0000 0000 0000 0000 0000 0000 0000 0000 0000 0000 0000 0000 0000 0000 0000 0000 0000 
[0;32mI (221875) SPI_SLAVE: pushed into queue[0m

[0;32mI (221875) MQTT_TASK: Read from queue[0m
[0;32mI (222725) SPI_SLAVE: Expected: 720 bytes, Got: 720 bytes[0m
[0;32mI (222725) SPI_SLAVE: Received uint16_t data:[0m
0000 0000 0000 0000 0000 0000 0000 0000 0000 0000 0000 0000 0000 0000 0000 0000 0000 0000 0000 0000 0000 0000 0000 0000 0000 0000 0000 0000 0000 0000 0000 0000 0000 0000 0000 0000 0000 0000 0000 0000 0000 0000 0000 0000 0000 0000 0000 0000 0000 0000 0000 0000 0000 0000 0000 0000 0000 0000 0000 0000 0000 0000 0000 0000 0000 0000 0000 0000 0000 0000 0000 0000 0000 0000 0000 0000 0000 0000 0000 0000 0000 0000 0000 0000 0000 0000 0000 0000 0000 0000 0000 0000 0000 0000 0000 0000 0000 0000 0000 0000 0000 0000 0000 0000 0000 0000 0000 0000 0000 0000 0000 0000 0000 0000 0000 0000 0000 0000 0000 0000 0000 0000 0000 0000 0000 0000 0000 0000 0000 0000 0000 0000 0000 0000 0000 0000 0000 0000 0000 0000 0000 0000 0000 0000 0000 0000 0000 0000 0000 0000 0000 0000 0000 0000 0000 0000 0000 0000 0000 0000 0000 0000 0000 0000 0000 0000 0000 0000 0000 0000 0000 0000 0000 0000 0000 0000 0000 0000 0000 0000 0000 0000 0000 0000 0000 0000 0000 0000 0000 0000 0000 0000 0000 0000 0000 0000 0000 0000 0000 0000 0000 0000 0000 0000 0000 0000 0000 0000 0000 0000 0000 0000 0000 0000 0000 0000 0000 0000 0000 0000 0000 0000 0000 0000 0000 0000 0000 0000 0000 0000 0000 0000 0000 0000 0000 0000 0000 0000 0000 0000 0000 0000 0000 0000 0000 0000 0000 0000 0000 0000 0000 0000 0000 0000 0000 0000 0000 0000 0000 0000 0000 0000 0000 0000 0000 0000 0000 0000 0000 0000 0000 0000 0000 0000 0000 0000 0000 0000 0000 0000 0000 0000 0000 0000 0000 0000 0000 0000 0000 0000 0000 0000 0000 0000 0000 0000 0000 0000 0000 0000 0000 0000 0000 0000 0000 0000 0000 0000 0000 0000 0000 0000 0000 0000 0000 0000 0000 0000 0000 0000 0000 0000 0000 0000 0000 0000 0000 0000 0000 0000 0000 0000 0000 0000 0000 0000 0000 0000 0000 0000 0000 0000 0000 0000 0000 0000 0000 0000 0000 0000 0000 0000 0000 0000 0000 0000 0000 0000 0000 0000 
[0;32mI (222875) SPI_SLAVE: pushed into queue[0m

[0;32mI (222875) MQTT_TASK: Read from queue[0m
[0;32mI (223725) SPI_SLAVE: Expected: 720 bytes, Got: 720 bytes[0m
[0;32mI (223725) SPI_SLAVE: Received uint16_t data:[0m
0000 0000 0000 0000 0000 0000 0000 0000 0000 0000 0000 0000 0000 0000 0000 0000 0000 0000 0000 0000 0000 0000 0000 0000 0000 0000 0000 0000 0000 0000 0000 0000 0000 0000 0000 0000 0000 0000 0000 0000 0000 0000 0000 0000 0000 0000 0000 0000 0000 0000 0000 0000 0000 0000 0000 0000 0000 0000 0000 0000 0000 0000 0000 0000 0000 0000 0000 0000 0000 0000 0000 0000 0000 0000 0000 0000 0000 0000 0000 0000 0000 0000 0000 0000 0000 0000 0000 0000 0000 0000 0000 0000 0000 0000 0000 0000 0000 0000 0000 0000 0000 0000 0000 0000 0000 0000 0000 0000 0000 0000 0000 0000 0000 0000 0000 0000 0000 0000 0000 0000 0000 0000 0000 0000 0000 0000 0000 0000 0000 0000 0000 0000 0000 0000 0000 0000 0000 0000 0000 0000 0000 0000 0000 0000 0000 0000 0000 0000 0000 0000 0000 0000 0000 0000 0000 0000 0000 0000 0000 0000 0000 0000 0000 0000 0000 0000 0000 0000 0000 0000 0000 0000 0000 0000 0000 0000 0000 0000 0000 0000 0000 0000 0000 0000 0000 0000 0000 0000 0000 0000 0000 0000 0000 0000 0000 0000 0000 0000 0000 0000 0000 0000 0000 0000 0000 0000 0000 0000 0000 0000 0000 0000 0000 0000 0000 0000 0000 0000 0000 0000 0000 0000 0000 0000 0000 0000 0000 0000 0000 0000 0000 0000 0000 0000 0000 0000 0000 0000 0000 0000 0000 0000 0000 0000 0000 0000 0000 0000 0000 0000 0000 0000 0000 0000 0000 0000 0000 0000 0000 0000 0000 0000 0000 0000 0000 0000 0000 0000 0000 0000 0000 0000 0000 0000 0000 0000 0000 0000 0000 0000 0000 0000 0000 0000 0000 0000 0000 0000 0000 0000 0000 0000 0000 0000 0000 0000 0000 0000 0000 0000 0000 0000 0000 0000 0000 0000 0000 0000 0000 0000 0000 0000 0000 0000 0000 0000 0000 0000 0000 0000 0000 0000 0000 0000 0000 0000 0000 0000 0000 0000 0000 0000 0000 0000 0000 0000 0000 0000 0000 0000 0000 0000 0000 0000 0000 0000 0000 0000 0000 0000 0000 0000 0000 0000 0000 0000 0000 0000 0000 0000 
[0;32mI (223875) SPI_SLAVE: pushed into queue[0m

[0;32mI (223875) MQTT_TASK: Read from queue[0m
[0;32mI (224725) SPI_SLAVE: Expected: 720 bytes, Got: 720 bytes[0m
[0;32mI (224725) SPI_SLAVE: Received uint16_t data:[0m
0000 0000 0000 0000 0000 0000 0000 0000 0000 0000 0000 0000 0000 0000 0000 0000 0000 0000 0000 0000 0000 0000 0000 0000 0000 0000 0000 0000 0000 0000 0000 0000 0000 0000 0000 0000 0000 0000 0000 0000 0000 0000 0000 0000 0000 0000 0000 0000 0000 0000 0000 0000 0000 0000 0000 0000 0000 0000 0000 0000 0000 0000 0000 0000 0000 0000 0000 0000 0000 0000 0000 0000 0000 0000 0000 0000 0000 0000 0000 0000 0000 0000 0000 0000 0000 0000 0000 0000 0000 0000 0000 0000 0000 0000 0000 0000 0000 0000 0000 0000 0000 0000 0000 0000 0000 0000 0000 0000 0000 0000 0000 0000 0000 0000 0000 0000 0000 0000 0000 0000 0000 0000 0000 0000 0000 0000 0000 0000 0000 0000 0000 0000 0000 0000 0000 0000 0000 0000 0000 0000 0000 0000 0000 0000 0000 0000 0000 0000 0000 0000 0000 0000 0000 0000 0000 0000 0000 0000 0000 0000 0000 0000 0000 0000 0000 0000 0000 0000 0000 0000 0000 0000 0000 0000 0000 0000 0000 0000 0000 0000 0000 0000 0000 0000 0000 0000 0000 0000 0000 0000 0000 0000 0000 0000 0000 0000 0000 0000 0000 0000 0000 0000 0000 0000 0000 0000 0000 0000 0000 0000 0000 0000 0000 0000 0000 0000 0000 0000 0000 0000 0000 0000 0000 0000 0000 0000 0000 0000 0000 0000 0000 0000 0000 0000 0000 0000 0000 0000 0000 0000 0000 0000 0000 0000 0000 0000 0000 0000 0000 0000 0000 0000 0000 0000 0000 0000 0000 0000 0000 0000 0000 0000 0000 0000 0000 0000 0000 0000 0000 0000 0000 0000 0000 0000 0000 0000 0000 0000 0000 0000 0000 0000 0000 0000 0000 0000 0000 0000 0000 0000 0000 0000 0000 0000 0000 0000 0000 0000 0000 0000 0000 0000 0000 0000 0000 0000 0000 0000 0000 0000 0000 0000 0000 0000 0000 0000 0000 0000 0000 0000 0000 0000 0000 0000 0000 0000 0000 0000 0000 0000 0000 0000 0000 0000 0000 0000 0000 0000 0000 0000 0000 0000 0000 0000 0000 0000 0000 0000 0000 0000 0000 0000 0000 0000 0000 0000 0000 0000 0000 0000 
[0;32mI (224875) SPI_SLAVE: pushed into queue[0m

[0;32mI (224875) MQTT_TASK: Read from queue[0m
[0;32mI (225725) SPI_SLAVE: Expected: 720 bytes, Got: 720 bytes[0m
[0;32mI (225725) SPI_SLAVE: Received uint16_t data:[0m
0000 0000 0000 0000 0000 0000 0000 0000 0000 0000 0000 0000 0000 0000 0000 0000 0000 0000 0000 0000 0000 0000 0000 0000 0000 0000 0000 0000 0000 0000 0000 0000 0000 0000 0000 0000 0000 0000 0000 0000 0000 0000 0000 0000 0000 0000 0000 0000 0000 0000 0000 0000 0000 0000 0000 0000 0000 0000 0000 0000 0000 0000 0000 0000 0000 0000 0000 0000 0000 0000 0000 0000 0000 0000 0000 0000 0000 0000 0000 0000 0000 0000 0000 0000 0000 0000 0000 0000 0000 0000 0000 0000 0000 0000 0000 0000 0000 0000 0000 0000 0000 0000 0000 0000 0000 0000 0000 0000 0000 0000 0000 0000 0000 0000 0000 0000 0000 0000 0000 0000 0000 0000 0000 0000 0000 0000 0000 0000 0000 0000 0000 0000 0000 0000 0000 0000 0000 0000 0000 0000 0000 0000 0000 0000 0000 0000 0000 0000 0000 0000 0000 0000 0000 0000 0000 0000 0000 0000 0000 0000 0000 0000 0000 0000 0000 0000 0000 0000 0000 0000 0000 0000 0000 0000 0000 0000 0000 0000 0000 0000 0000 0000 0000 0000 0000 0000 0000 0000 0000 0000 0000 0000 0000 0000 0000 0000 0000 0000 0000 0000 0000 0000 0000 0000 0000 0000 0000 0000 0000 0000 0000 0000 0000 0000 0000 0000 0000 0000 0000 0000 0000 0000 0000 0000 0000 0000 0000 0000 0000 0000 0000 0000 0000 0000 0000 0000 0000 0000 0000 0000 0000 0000 0000 0000 0000 0000 0000 0000 0000 0000 0000 0000 0000 0000 0000 0000 0000 0000 0000 0000 0000 0000 0000 0000 0000 0000 0000 0000 0000 0000 0000 0000 0000 0000 0000 0000 0000 0000 0000 0000 0000 0000 0000 0000 0000 0000 0000 0000 0000 0000 0000 0000 0000 0000 0000 0000 0000 0000 0000 0000 0000 0000 0000 0000 0000 0000 0000 0000 0000 0000 0000 0000 0000 0000 0000 0000 0000 0000 0000 0000 0000 0000 0000 0000 0000 0000 0000 0000 0000 0000 0000 0000 0000 0000 0000 0000 0000 0000 0000 0000 0000 0000 0000 0000 0000 0000 0000 0000 0000 0000 0000 0000 0000 0000 0000 0000 0000 0000 0000 0000 
[0;32mI (225875) SPI_SLAVE: pushed into queue[0m

[0;32mI (225875) MQTT_TASK: Read from queue[0m
[0;32mI (226725) SPI_SLAVE: Expected: 720 bytes, Got: 720 bytes[0m
[0;32mI (226725) SPI_SLAVE: Received uint16_t data:[0m
0000 0000 0000 0000 0000 0000 0000 0000 0000 0000 0000 0000 0000 0000 0000 0000 0000 0000 0000 0000 0000 0000 0000 0000 0000 0000 0000 0000 0000 0000 0000 0000 0000 0000 0000 0000 0000 0000 0000 0000 0000 0000 0000 0000 0000 0000 0000 0000 0000 0000 0000 0000 0000 0000 0000 0000 0000 0000 0000 0000 0000 0000 0000 0000 0000 0000 0000 0000 0000 0000 0000 0000 0000 0000 0000 0000 0000 0000 0000 0000 0000 0000 0000 0000 0000 0000 0000 0000 0000 0000 0000 0000 0000 0000 0000 0000 0000 0000 0000 0000 0000 0000 0000 0000 0000 0000 0000 0000 0000 0000 0000 0000 0000 0000 0000 0000 0000 0000 0000 0000 0000 0000 0000 0000 0000 0000 0000 0000 0000 0000 0000 0000 0000 0000 0000 0000 0000 0000 0000 0000 0000 0000 0000 0000 0000 0000 0000 0000 0000 0000 0000 0000 0000 0000 0000 0000 0000 0000 0000 0000 0000 0000 0000 0000 0000 0000 0000 0000 0000 0000 0000 0000 0000 0000 0000 0000 0000 0000 0000 0000 0000 0000 0000 0000 0000 0000 0000 0000 0000 0000 0000 0000 0000 0000 0000 0000 0000 0000 0000 0000 0000 0000 0000 0000 0000 0000 0000 0000 0000 0000 0000 0000 0000 0000 0000 0000 0000 0000 0000 0000 0000 0000 0000 0000 0000 0000 0000 0000 0000 0000 0000 0000 0000 0000 0000 0000 0000 0000 0000 0000 0000 0000 0000 0000 0000 0000 0000 0000 0000 0000 0000 0000 0000 0000 0000 0000 0000 0000 0000 0000 0000 0000 0000 0000 0000 0000 0000 0000 0000 0000 0000 0000 0000 0000 0000 0000 0000 0000 0000 0000 0000 0000 0000 0000 0000 0000 0000 0000 0000 0000 0000 0000 0000 0000 0000 0000 0000 0000 0000 0000 0000 0000 0000 0000 0000 0000 0000 0000 0000 0000 0000 0000 0000 0000 0000 0000 0000 0000 0000 0000 0000 0000 0000 0000 0000 0000 0000 0000 0000 0000 0000 0000 0000 0000 0000 0000 0000 0000 0000 0000 0000 0000 0000 0000 0000 0000 0000 0000 0000 0000 0000 0000 0000 0000 0000 0000 0000 0000 0000 0000 
[0;32mI (226875) SPI_SLAVE: pushed into queue[0m

[0;32mI (226875) MQTT_TASK: Read from queue[0m
[0;32mI (227725) SPI_SLAVE: Expected: 720 bytes, Got: 720 bytes[0m
[0;32mI (227725) SPI_SLAVE: Received uint16_t data:[0m
0000 0000 0000 0000 0000 0000 0000 0000 0000 0000 0000 0000 0000 0000 0000 0000 0000 0000 0000 0000 0000 0000 0000 0000 0000 0000 0000 0000 0000 0000 0000 0000 0000 0000 0000 0000 0000 0000 0000 0000 0000 0000 0000 0000 0000 0000 0000 0000 0000 0000 0000 0000 0000 0000 0000 0000 0000 0000 0000 0000 0000 0000 0000 0000 0000 0000 0000 0000 0000 0000 0000 0000 0000 0000 0000 0000 0000 0000 0000 0000 0000 0000 0000 0000 0000 0000 0000 0000 0000 0000 0000 0000 0000 0000 0000 0000 0000 0000 0000 0000 0000 0000 0000 0000 0000 0000 0000 0000 0000 0000 0000 0000 0000 0000 0000 0000 0000 0000 0000 0000 0000 0000 0000 0000 0000 0000 0000 0000 0000 0000 0000 0000 0000 0000 0000 0000 0000 0000 0000 0000 0000 0000 0000 0000 0000 0000 0000 0000 0000 0000 0000 0000 0000 0000 0000 0000 0000 0000 0000 0000 0000 0000 0000 0000 0000 0000 0000 0000 0000 0000 0000 0000 0000 0000 0000 0000 0000 0000 0000 0000 0000 0000 0000 0000 0000 0000 0000 0000 0000 0000 0000 0000 0000 0000 0000 0000 0000 0000 0000 0000 0000 0000 0000 0000 0000 0000 0000 0000 0000 0000 0000 0000 0000 0000 0000 0000 0000 0000 0000 0000 0000 0000 0000 0000 0000 0000 0000 0000 0000 0000 0000 0000 0000 0000 0000 0000 0000 0000 0000 0000 0000 0000 0000 0000 0000 0000 0000 0000 0000 0000 0000 0000 0000 0000 0000 0000 0000 0000 0000 0000 0000 0000 0000 0000 0000 0000 0000 0000 0000 0000 0000 0000 0000 0000 0000 0000 0000 0000 0000 0000 0000 0000 0000 0000 0000 0000 0000 0000 0000 0000 0000 0000 0000 0000 0000 0000 0000 0000 0000 0000 0000 0000 0000 0000 0000 0000 0000 0000 0000 0000 0000 0000 0000 0000 0000 0000 0000 0000 0000 0000 0000 0000 0000 0000 0000 0000 0000 0000 0000 0000 0000 0000 0000 0000 0000 0000 0000 0000 0000 0000 0000 0000 0000 0000 0000 0000 0000 0000 0000 0000 0000 0000 0000 0000 0000 0000 0000 0000 0000 0000 
[0;32mI (227875) SPI_SLAVE: pushed into queue[0m

[0;32mI (227875) MQTT_TASK: Read from queue[0m
Guru Meditation Error: Core  1 panic'ed (LoadProhibited). Exception was unhandled.

Core  1 register dump:
PC      : 0x400014fd  PS      : 0x00060130  A0      : 0x800d9421  A1      : 0x3ffcf980  
A2      : 0x00000000  A3      : 0xfffffffc  A4      : 0x000000ff  A5      : 0x0000ff00  
A6      : 0x00ff0000  A7      : 0xff000000  A8      : 0x00000000  A9      : 0x3ffcf950  
A10     : 0x3ffc94e0  A11     : 0x00000000  A12     : 0x3ffb0378  A13     : 0x000003fe  
A14     : 0x7ff00000  A15     : 0x00000000  SAR     : 0x00000016  EXCCAUSE: 0x0000001c  
EXCVADDR: 0x00000000  LBEG    : 0x400014fd  LEND    : 0x4000150d  LCOUNT  : 0xffffffff  


Backtrace: 0x400014fa:0x3ffcf980 0x400d941e:0x3ffcf990 0x400d8fa8:0x3ffcf9b0 0x4008a811:0x3ffcf9d0




ELF file SHA256: 351021d3b

Rebooting...
ets Jul 29 2019 12:21:46

rst:0xc (SW_CPU_RESET),boot:0x13 (SPI_FAST_FLASH_BOOT)
configsip: 0, SPIWP:0xee
clk_drv:0x00,q_drv:0x00,d_drv:0x00,cs0_drv:0x00,hd_drv:0x00,wp_drv:0x00
mode:DIO, clock div:2
load:0x3fff0030,len:6276
load:0x40078000,len:15748
load:0x40080400,len:4
ho 8 tail 4 room 4
load:0x40080404,len:3860
entry 0x4008063c
[0;32mI (31) boot: ESP-IDF v5.4.1-dirty 2nd stage bootloader[0m
[0;32mI (31) boot: compile time Oct 28 2025 18:02:24[0m
[0;32mI (31) boot: Multicore bootloader[0m
[0;32mI (33) boot: chip revision: v3.1[0m
[0;32mI (36) boot.esp32: SPI Speed      : 40MHz[0m
[0;32mI (39) boot.esp32: SPI Mode       : DIO[0m
[0;32mI (43) boot.esp32: SPI Flash Size : 4MB[0m
[0;32mI (47) boot: Enabling RNG early entropy source...[0m
[0;32mI (51) boot: Partition Table:[0m
[0;32mI (54) boot: ## Label            Usage          Type ST Offset   Length[0m
[0;32mI (60) boot:  0 nvs              WiFi data        01 02 00009000 00006000[0m
[0;32mI (67) boot:  1 phy_init         RF data          01 01 0000f000 00001000[0m
[0;32mI (73) boot:  2 factory          factory app      00 00 00010000 00100000[0m
[0;32mI (80) boot: End of partition table[0m
[0;32mI (83) esp_image: segment 0: paddr=00010020 vaddr=3f400020 size=1f204h (127492) map[0m
[0;32mI (134) esp_image: segment 1: paddr=0002f22c vaddr=3ff80000 size=0001ch (    28) load[0m
[0;32mI (134) esp_image: segment 2: paddr=0002f250 vaddr=3ffb0000 size=00dc8h (  3528) load[0m
[0;32mI (139) esp_image: segment 3: paddr=00030020 vaddr=400d0020 size=a5bc0h (678848) map[0m
[0;32mI (377) esp_image: segment 4: paddr=000d5be8 vaddr=3ffb0dc8 size=03168h ( 12648) load[0m
[0;32mI (382) esp_image: segment 5: paddr=000d8d58 vaddr=40080000 size=180ech ( 98540) load[0m
[0;32mI (432) boot: Loaded app from partition at offset 0x10000[0m
[0;32mI (432) boot: Disabling RNG early entropy source...[0m
[0;32mI (443) cpu_start: Multicore app[0m
[0;32mI (451) cpu_start: Pro cpu start user code[0m
[0;32mI (451) cpu_start: cpu freq: 160000000 Hz[0m
[0;32mI (451) app_init: Application information:[0m
[0;32mI (451) app_init: Project name:     .[0m
[0;32mI (454) app_init: App version:      3303fed-dirty[0m
[0;32mI (459) app_init: Compile time:     Nov  5 2025 16:17:04[0m
[0;32mI (464) app_init: ELF file SHA256:  351021d3b...[0m
[0;32mI (468) app_init: ESP-IDF:          v5.4.1-dirty[0m
[0;32mI (472) efuse_init: Min chip rev:     v0.0[0m
[0;32mI (476) efuse_init: Max chip rev:     v3.99 [0m
[0;32mI (480) efuse_init: Chip rev:         v3.1[0m
[0;32mI (484) heap_init: Initializing. RAM available for dynamic allocation:[0m
[0;32mI (491) heap_init: At 3FFAE6E0 len 00001920 (6 KiB): DRAM[0m
[0;32mI (496) heap_init: At 3FFBA148 len 00025EB8 (151 KiB): DRAM[0m
[0;32mI (501) heap_init: At 3FFE0440 len 00003AE0 (14 KiB): D/IRAM[0m
[0;32mI (506) heap_init: At 3FFE4350 len 0001BCB0 (111 KiB): D/IRAM[0m
[0;32mI (512) heap_init: At 400980EC len 00007F14 (31 KiB): IRAM[0m
[0;32mI (519) spi_flash: detected chip: generic[0m
[0;32mI (521) spi_flash: flash io: dio[0m
[0;32mI (525) main_task: Started on CPU0[0m
[0;32mI (535) main_task: Calling app_main()[0m
[0;32mI (565) WIFI: ESP_WIFI_MODE_STA[0m
[0;32mI (575) wifi:wifi driver task: 3ffc2168, prio:23, stack:6656, core=0[0m
[0;32mI (585) wifi:wifi firmware version: 79fa3f41ba[0m
[0;32mI (585) wifi:wifi certification version: v7.0[0m
[0;32mI (585) wifi:config NVS flash: enabled[0m
[0;32mI (585) wifi:config nano formatting: disabled[0m
[0;32mI (595) wifi:Init data frame dynamic rx buffer num: 32[0m
[0;32mI (595) wifi:Init static rx mgmt buffer num: 5[0m
[0;32mI (605) wifi:Init management short buffer num: 32[0m
[0;32mI (605) wifi:Init dynamic tx buffer num: 32[0m
[0;32mI (615) wifi:Init static rx buffer size: 1600[0m
[0;32mI (615) wifi:Init static rx buffer num: 10[0m
[0;32mI (615) wifi:Init dynamic rx buffer num: 32[0m
[0;32mI (625) wifi_init: rx ba win: 6[0m
[0;32mI (625) wifi_init: accept mbox: 6[0m
[0;32mI (625) wifi_init: tcpip mbox: 32[0m
[0;32mI (635) wifi_init: udp mbox: 6[0m
[0;32mI (635) wifi_init: tcp mbox: 6[0m
[0;32mI (635) wifi_init: tcp tx win: 5760[0m
[0;32mI (645) wifi_init: tcp rx win: 5760[0m
[0;32mI (645) wifi_init: tcp mss: 1440[0m
[0;32mI (645) wifi_init: WiFi IRAM OP enabled[0m
[0;32mI (645) wifi_init: WiFi RX IRAM OP enabled[0m
[0;32mI (655) phy_init: phy_version 4860,6b7a6e5,Feb  6 2025,14:47:07[0m
[0;32mI (735) wifi:mode : sta (08:b6:1f:b9:1f:70)[0m
[0;32mI (735) wifi:enable tsf[0m
[0;32mI (735) WIFI: wifi_init_sta finished.[0m
[0;32mI (3155) WIFI: retry to connect to the AP[0m
[0;32mI (3155) WIFI: connect to the AP fail[0m
[0;32mI (5575) WIFI: retry to connect to the AP[0m
[0;32mI (5575) WIFI: connect to the AP fail[0m
[0;32mI (7985) WIFI: retry to connect to the AP[0m
[0;32mI (7985) WIFI: connect to the AP fail[0m
[0;32mI (10405) WIFI: retry to connect to the AP[0m
[0;32mI (10405) WIFI: connect to the AP fail[0m
[0;32mI (12815) WIFI: retry to connect to the AP[0m
[0;32mI (12815) WIFI: connect to the AP fail[0m
[0;32mI (15235) WIFI: retry to connect to the AP[0m
[0;32mI (15235) WIFI: connect to the AP fail[0m
[0;32mI (17645) WIFI: retry to connect to the AP[0m
[0;32mI (17645) WIFI: connect to the AP fail[0m
[0;32mI (20065) WIFI: retry to connect to the AP[0m
[0;32mI (20065) WIFI: connect to the AP fail[0m
[0;32mI (22475) WIFI: retry to connect to the AP[0m
[0;32mI (22485) WIFI: connect to the AP fail[0m
[0;32mI (24895) WIFI: retry to connect to the AP[0m
[0;32mI (24895) WIFI: connect to the AP fail[0m
[0;32mI (27305) WIFI: connect to the AP fail[0m
[0;32mI (27305) WIFI: Failed to connect to SSID:MyHotspot, password:12345678[0m
[0;32mI (27315) MQTT_CLIENT: Unhandled event id: 7[0m
[1;31mE (27315) esp-tls: [sock=54] connect() error: Host is unreachable[0m
[1;31mE (27315) transport_base: Failed to open a new connection: 32772[0m
[1;31mE (27325) mqtt_client: Error transport connect[0m
[0;32mI (27325) MQTT_CLIENT: MQTT_EVENT_ERROR[0m
[0;32mI (27335) MQTT_CLIENT: MQTT_EVENT_DISCONNECTED[0m
[0;32mI (27335) QUEUE: Queue tao thanh cong[0m
[1;31mE (27335) mqtt_client: Client has not connected[0m
[0;32mI (27345) main_task: Returned from app_main()[0m
[0;32mI (27745) SPI_SLAVE: Expected: 720 bytes, Got: 720 bytes[0m
[0;32mI (27745) SPI_SLAVE: Received uint16_t data:[0m
0000 0000 0000 0000 0000 0000 0000 0000 0000 0000 0000 0000 0000 0000 0000 0000 0000 0000 0000 0000 0000 0000 0000 0000 0000 0000 0000 0000 0000 0000 0000 0000 0000 0000 0000 0000 0000 0000 0000 0000 0000 0000 0000 0000 0000 0000 0000 0000 0000 0000 0000 0000 0000 0000 0000 0000 0000 0000 0000 0000 0000 0000 0000 0000 0000 0000 0000 0000 0000 0000 0000 0000 0000 0000 0000 0000 0000 0000 0000 0000 0000 0000 0000 0000 0000 0000 0000 0000 0000 0000 0000 0000 0000 0000 0000 0000 0000 0000 0000 0000 0000 0000 0000 0000 0000 0000 0000 0000 0000 0000 0000 0000 0000 0000 0000 0000 0000 0000 0000 0000 0000 0000 0000 0000 0000 0000 0000 0000 0000 0000 0000 0000 0000 0000 0000 0000 0000 0000 0000 0000 0000 0000 0000 0000 0000 0000 0000 0000 0000 0000 0000 0000 0000 0000 0000 0000 0000 0000 0000 0000 0000 0000 0000 0000 0000 0000 0000 0000 0000 0000 0000 0000 0000 0000 0000 0000 0000 0000 0000 0000 0000 0000 0000 0000 0000 0000 0000 0000 0000 0000 0000 0000 0000 0000 0000 0000 0000 0000 0000 0000 0000 0000 0000 0000 0000 0000 0000 0000 0000 0000 0000 0000 0000 0000 0000 0000 0000 0000 0000 0000 0000 0000 0000 0000 0000 0000 0000 0000 0000 0000 0000 0000 0000 0000 0000 0000 0000 0000 0000 0000 0000 0000 0000 0000 0000 0000 0000 0000 0000 0000 0000 0000 0000 0000 0000 0000 0000 0000 0000 0000 0000 0000 0000 0000 0000 0000 0000 0000 0000 0000 0000 0000 0000 0000 0000 0000 0000 0000 0000 0000 0000 0000 0000 0000 0000 0000 0000 0000 0000 0000 0000 0000 0000 0000 0000 0000 0000 0000 0000 0000 0000 0000 0000 0000 0000 0000 0000 0000 0000 0000 0000 0000 0000 0000 0000 0000 0000 0000 0000 0000 0000 0000 0000 0000 0000 0000 0000 0000 0000 0000 0000 0000 0000 0000 0000 0000 0000 0000 0000 0000 0000 0000 0000 0000 0000 0000 0000 0000 0000 0000 0000 0000 0000 0000 0000 0000 0000 0000 0000 0000 
[0;32mI (27905) SPI_SLAVE: pushed into queue[0m

[0;32mI (27905) MQTT_TASK: Read from queue[0m
[0;32mI (28745) SPI_SLAVE: Expected: 720 bytes, Got: 720 bytes[0m
[0;32mI (28745) SPI_SLAVE: Received uint16_t data:[0m
0000 0000 0000 0000 0000 0000 0000 0000 0000 0000 0000 0000 0000 0000 0000 0000 0000 0000 0000 0000 0000 0000 0000 0000 0000 0000 0000 0000 0000 0000 0000 0000 0000 0000 0000 0000 0000 0000 0000 0000 0000 0000 0000 0000 0000 0000 0000 0000 0000 0000 0000 0000 0000 0000 0000 0000 0000 0000 0000 0000 0000 0000 0000 0000 0000 0000 0000 0000 0000 0000 0000 0000 0000 0000 0000 0000 0000 0000 0000 0000 0000 0000 0000 0000 0000 0000 0000 0000 0000 0000 0000 0000 0000 0000 0000 0000 0000 0000 0000 0000 0000 0000 0000 0000 0000 0000 0000 0000 0000 0000 0000 0000 0000 0000 0000 0000 0000 0000 0000 0000 0000 0000 0000 0000 0000 0000 0000 0000 0000 0000 0000 0000 0000 0000 0000 0000 0000 0000 0000 0000 0000 0000 0000 0000 0000 0000 0000 0000 0000 0000 0000 0000 0000 0000 0000 0000 0000 0000 0000 0000 0000 0000 0000 0000 0000 0000 0000 0000 0000 0000 0000 0000 0000 0000 0000 0000 0000 0000 0000 0000 0000 0000 0000 0000 0000 0000 0000 0000 0000 0000 0000 0000 0000 0000 0000 0000 0000 0000 0000 0000 0000 0000 0000 0000 0000 0000 0000 0000 0000 0000 0000 0000 0000 0000 0000 0000 0000 0000 0000 0000 0000 0000 0000 0000 0000 0000 0000 0000 0000 0000 0000 0000 0000 0000 0000 0000 0000 0000 0000 0000 0000 0000 0000 0000 0000 0000 0000 0000 0000 0000 0000 0000 0000 0000 0000 0000 0000 0000 0000 0000 0000 0000 0000 0000 0000 0000 0000 0000 0000 0000 0000 0000 0000 0000 0000 0000 0000 0000 0000 0000 0000 0000 0000 0000 0000 0000 0000 0000 0000 0000 0000 0000 0000 0000 0000 0000 0000 0000 0000 0000 0000 0000 0000 0000 0000 0000 0000 0000 0000 0000 0000 0000 0000 0000 0000 0000 0000 0000 0000 0000 0000 0000 0000 0000 0000 0000 0000 0000 0000 0000 0000 0000 0000 0000 0000 0000 0000 0000 0000 0000 0000 0000 0000 0000 0000 0000 0000 0000 0000 0000 0000 0000 0000 0000 0000 0000 0000 0000 0000 0000 
[0;32mI (28905) SPI_SLAVE: pushed into queue[0m

[0;32mI (28905) MQTT_TASK: Read from queue[0m
[0;32mI (29745) SPI_SLAVE: Expected: 720 bytes, Got: 720 bytes[0m
[0;32mI (29745) SPI_SLAVE: Received uint16_t data:[0m
0000 0000 0000 0000 0000 0000 0000 0000 0000 0000 0000 0000 0000 0000 0000 0000 0000 0000 0000 0000 0000 0000 0000 0000 0000 0000 0000 0000 0000 0000 0000 0000 0000 0000 0000 0000 0000 0000 0000 0000 0000 0000 0000 0000 0000 0000 0000 0000 0000 0000 0000 0000 0000 0000 0000 0000 0000 0000 0000 0000 0000 0000 0000 0000 0000 0000 0000 0000 0000 0000 0000 0000 0000 0000 0000 0000 0000 0000 0000 0000 0000 0000 0000 0000 0000 0000 0000 0000 0000 0000 0000 0000 0000 0000 0000 0000 0000 0000 0000 0000 0000 0000 0000 0000 0000 0000 0000 0000 0000 0000 0000 0000 0000 0000 0000 0000 0000 0000 0000 0000 0000 0000 0000 0000 0000 0000 0000 0000 0000 0000 0000 0000 0000 0000 0000 0000 0000 0000 0000 0000 0000 0000 0000 0000 0000 0000 0000 0000 0000 0000 0000 0000 0000 0000 0000 0000 0000 0000 0000 0000 0000 0000 0000 0000 0000 0000 0000 0000 0000 0000 0000 0000 0000 0000 0000 0000 0000 0000 0000 0000 0000 0000 0000 0000 0000 0000 0000 0000 0000 0000 0000 0000 0000 0000 0000 0000 0000 0000 0000 0000 0000 0000 0000 0000 0000 0000 0000 0000 0000 0000 0000 0000 0000 0000 0000 0000 0000 0000 0000 0000 0000 0000 0000 0000 0000 0000 0000 0000 0000 0000 0000 0000 0000 0000 0000 0000 0000 0000 0000 0000 0000 0000 0000 0000 0000 0000 0000 0000 0000 0000 0000 0000 0000 0000 0000 0000 0000 0000 0000 0000 0000 0000 0000 0000 0000 0000 0000 0000 0000 0000 0000 0000 0000 0000 0000 0000 0000 0000 0000 0000 0000 0000 0000 0000 0000 0000 0000 0000 0000 0000 0000 0000 0000 0000 0000 0000 0000 0000 0000 0000 0000 0000 0000 0000 0000 0000 0000 0000 0000 0000 0000 0000 0000 0000 0000 0000 0000 0000 0000 0000 0000 0000 0000 0000 0000 0000 0000 0000 0000 0000 0000 0000 0000 0000 0000 0000 0000 0000 0000 0000 0000 0000 0000 0000 0000 0000 0000 0000 0000 0000 0000 0000 0000 0000 0000 0000 0000 0000 0000 0000 
[0;32mI (29905) SPI_SLAVE: pushed into queue[0m

[0;32mI (29905) MQTT_TASK: Read from queue[0m
[0;32mI (30745) SPI_SLAVE: Expected: 720 bytes, Got: 720 bytes[0m
[0;32mI (30745) SPI_SLAVE: Received uint16_t data:[0m
0000 0000 0000 0000 0000 0000 0000 0000 0000 0000 0000 0000 0000 0000 0000 0000 0000 0000 0000 0000 0000 0000 0000 0000 0000 0000 0000 0000 0000 0000 0000 0000 0000 0000 0000 0000 0000 0000 0000 0000 0000 0000 0000 0000 0000 0000 0000 0000 0000 0000 0000 0000 0000 0000 0000 0000 0000 0000 0000 0000 0000 0000 0000 0000 0000 0000 0000 0000 0000 0000 0000 0000 0000 0000 0000 0000 0000 0000 0000 0000 0000 0000 0000 0000 0000 0000 0000 0000 0000 0000 0000 0000 0000 0000 0000 0000 0000 0000 0000 0000 0000 0000 0000 0000 0000 0000 0000 0000 0000 0000 0000 0000 0000 0000 0000 0000 0000 0000 0000 0000 0000 0000 0000 0000 0000 0000 0000 0000 0000 0000 0000 0000 0000 0000 0000 0000 0000 0000 0000 0000 0000 0000 0000 0000 0000 0000 0000 0000 0000 0000 0000 0000 0000 0000 0000 0000 0000 0000 0000 0000 0000 0000 0000 0000 0000 0000 0000 0000 0000 0000 0000 0000 0000 0000 0000 0000 0000 0000 0000 0000 0000 0000 0000 0000 0000 0000 0000 0000 0000 0000 0000 0000 0000 0000 0000 0000 0000 0000 0000 0000 0000 0000 0000 0000 0000 0000 0000 0000 0000 0000 0000 0000 0000 0000 0000 0000 0000 0000 0000 0000 0000 0000 0000 0000 0000 0000 0000 0000 0000 0000 0000 0000 0000 0000 0000 0000 0000 0000 0000 0000 0000 0000 0000 0000 0000 0000 0000 0000 0000 0000 0000 0000 0000 0000 0000 0000 0000 0000 0000 0000 0000 0000 0000 0000 0000 0000 0000 0000 0000 0000 0000 0000 0000 0000 0000 0000 0000 0000 0000 0000 0000 0000 0000 0000 0000 0000 0000 0000 0000 0000 0000 0000 0000 0000 0000 0000 0000 0000 0000 0000 0000 0000 0000 0000 0000 0000 0000 0000 0000 0000 0000 0000 0000 0000 0000 0000 0000 0000 0000 0000 0000 0000 0000 0000 0000 0000 0000 0000 0000 0000 0000 0000 0000 0000 0000 0000 0000 0000 0000 0000 0000 0000 0000 0000 0000 0000 0000 0000 0000 0000 0000 0000 0000 0000 0000 0000 0000 0000 0000 0000 
[0;32mI (30905) SPI_SLAVE: pushed into queue[0m

[0;32mI (30905) MQTT_TASK: Read from queue[0m
[0;32mI (31745) SPI_SLAVE: Expected: 720 bytes, Got: 720 bytes[0m
[0;32mI (31745) SPI_SLAVE: Received uint16_t data:[0m
0000 0000 0000 0000 0000 0000 0000 0000 0000 0000 0000 0000 0000 0000 0000 0000 0000 0000 0000 0000 0000 0000 0000 0000 0000 0000 0000 0000 0000 0000 0000 0000 0000 0000 0000 0000 0000 0000 0000 0000 0000 0000 0000 0000 0000 0000 0000 0000 0000 0000 0000 0000 0000 0000 0000 0000 0000 0000 0000 0000 0000 0000 0000 0000 0000 0000 0000 0000 0000 0000 0000 0000 0000 0000 0000 0000 0000 0000 0000 0000 0000 0000 0000 0000 0000 0000 0000 0000 0000 0000 0000 0000 0000 0000 0000 0000 0000 0000 0000 0000 0000 0000 0000 0000 0000 0000 0000 0000 0000 0000 0000 0000 0000 0000 0000 0000 0000 0000 0000 0000 0000 0000 0000 0000 0000 0000 0000 0000 0000 0000 0000 0000 0000 0000 0000 0000 0000 0000 0000 0000 0000 0000 0000 0000 0000 0000 0000 0000 0000 0000 0000 0000 0000 0000 0000 0000 0000 0000 0000 0000 0000 0000 0000 0000 0000 0000 0000 0000 0000 0000 0000 0000 0000 0000 0000 0000 0000 0000 0000 0000 0000 0000 0000 0000 0000 0000 0000 0000 0000 0000 0000 0000 0000 0000 0000 0000 0000 0000 0000 0000 0000 0000 0000 0000 0000 0000 0000 0000 0000 0000 0000 0000 0000 0000 0000 0000 0000 0000 0000 0000 0000 0000 0000 0000 0000 0000 0000 0000 0000 0000 0000 0000 0000 0000 0000 0000 0000 0000 0000 0000 0000 0000 0000 0000 0000 0000 0000 0000 0000 0000 0000 0000 0000 0000 0000 0000 0000 0000 0000 0000 0000 0000 0000 0000 0000 0000 0000 0000 0000 0000 0000 0000 0000 0000 0000 0000 0000 0000 0000 0000 0000 0000 0000 0000 0000 0000 0000 0000 0000 0000 0000 0000 0000 0000 0000 0000 0000 0000 0000 0000 0000 0000 0000 0000 0000 0000 0000 0000 0000 0000 0000 0000 0000 0000 0000 0000 0000 0000 0000 0000 0000 0000 0000 0000 0000 0000 0000 0000 0000 0000 0000 0000 0000 0000 0000 0000 0000 0000 0000 0000 0000 0000 0000 0000 0000 0000 0000 0000 0000 0000 0000 0000 0000 0000 0000 0000 0000 0000 0000 0000 
[0;32mI (31905) SPI_SLAVE: pushed into queue[0m

[0;32mI (31905) MQTT_TASK: Read from queue[0m
[0;32mI (32745) SPI_SLAVE: Expected: 720 bytes, Got: 720 bytes[0m
[0;32mI (32745) SPI_SLAVE: Received uint16_t data:[0m
0000 0000 0000 0000 0000 0000 0000 0000 0000 0000 0000 0000 0000 0000 0000 0000 0000 0000 0000 0000 0000 0000 0000 0000 0000 0000 0000 0000 0000 0000 0000 0000 0000 0000 0000 0000 0000 0000 0000 0000 0000 0000 0000 0000 0000 0000 0000 0000 0000 0000 0000 0000 0000 0000 0000 0000 0000 0000 0000 0000 0000 0000 0000 0000 0000 0000 0000 0000 0000 0000 0000 0000 0000 0000 0000 0000 0000 0000 0000 0000 0000 0000 0000 0000 0000 0000 0000 0000 0000 0000 0000 0000 0000 0000 0000 0000 0000 0000 0000 0000 0000 0000 0000 0000 0000 0000 0000 0000 0000 0000 0000 0000 0000 0000 0000 0000 0000 0000 0000 0000 0000 0000 0000 0000 0000 0000 0000 0000 0000 0000 0000 0000 0000 0000 0000 0000 0000 0000 0000 0000 0000 0000 0000 0000 0000 0000 0000 0000 0000 0000 0000 0000 0000 0000 0000 0000 0000 0000 0000 0000 0000 0000 0000 0000 0000 0000 0000 0000 0000 0000 0000 0000 0000 0000 0000 0000 0000 0000 0000 0000 0000 0000 0000 0000 0000 0000 0000 0000 0000 0000 0000 0000 0000 0000 0000 0000 0000 0000 0000 0000 0000 0000 0000 0000 0000 0000 0000 0000 0000 0000 0000 0000 0000 0000 0000 0000 0000 0000 0000 0000 0000 0000 0000 0000 0000 0000 0000 0000 0000 0000 0000 0000 0000 0000 0000 0000 0000 0000 0000 0000 0000 0000 0000 0000 0000 0000 0000 0000 0000 0000 0000 0000 0000 0000 0000 0000 0000 0000 0000 0000 0000 0000 0000 0000 0000 0000 0000 0000 0000 0000 0000 0000 0000 0000 0000 0000 0000 0000 0000 0000 0000 0000 0000 0000 0000 0000 0000 0000 0000 0000 0000 0000 0000 0000 0000 0000 0000 0000 0000 0000 0000 0000 0000 0000 0000 0000 0000 0000 0000 0000 0000 0000 0000 0000 0000 0000 0000 0000 0000 0000 0000 0000 0000 0000 0000 0000 0000 0000 0000 0000 0000 0000 0000 0000 0000 0000 0000 0000 0000 0000 0000 0000 0000 0000 0000 0000 0000 0000 0000 0000 0000 0000 0000 0000 0000 0000 0000 0000 0000 0000 
[0;32mI (32905) SPI_SLAVE: pushed into queue[0m

[0;32mI (32905) MQTT_TASK: Read from queue[0m
[0;32mI (33745) SPI_SLAVE: Expected: 720 bytes, Got: 720 bytes[0m
[0;32mI (33745) SPI_SLAVE: Received uint16_t data:[0m
0000 0000 0000 0000 0000 0000 0000 0000 0000 0000 0000 0000 0000 0000 0000 0000 0000 0000 0000 0000 0000 0000 0000 0000 0000 0000 0000 0000 0000 0000 0000 0000 0000 0000 0000 0000 0000 0000 0000 0000 0000 0000 0000 0000 0000 0000 0000 0000 0000 0000 0000 0000 0000 0000 0000 0000 0000 0000 0000 0000 0000 0000 0000 0000 0000 0000 0000 0000 0000 0000 0000 0000 0000 0000 0000 0000 0000 0000 0000 0000 0000 0000 0000 0000 0000 0000 0000 0000 0000 0000 0000 0000 0000 0000 0000 0000 0000 0000 0000 0000 0000 0000 0000 0000 0000 0000 0000 0000 0000 0000 0000 0000 0000 0000 0000 0000 0000 0000 0000 0000 0000 0000 0000 0000 0000 0000 0000 0000 0000 0000 0000 0000 0000 0000 0000 0000 0000 0000 0000 0000 0000 0000 0000 0000 0000 0000 0000 0000 0000 0000 0000 0000 0000 0000 0000 0000 0000 0000 0000 0000 0000 0000 0000 0000 0000 0000 0000 0000 0000 0000 0000 0000 0000 0000 0000 0000 0000 0000 0000 0000 0000 0000 0000 0000 0000 0000 0000 0000 0000 0000 0000 0000 0000 0000 0000 0000 0000 0000 0000 0000 0000 0000 0000 0000 0000 0000 0000 0000 0000 0000 0000 0000 0000 0000 0000 0000 0000 0000 0000 0000 0000 0000 0000 0000 0000 0000 0000 0000 0000 0000 0000 0000 0000 0000 0000 0000 0000 0000 0000 0000 0000 0000 0000 0000 0000 0000 0000 0000 0000 0000 0000 0000 0000 0000 0000 0000 0000 0000 0000 0000 0000 0000 0000 0000 0000 0000 0000 0000 0000 0000 0000 0000 0000 0000 0000 0000 0000 0000 0000 0000 0000 0000 0000 0000 0000 0000 0000 0000 0000 0000 0000 0000 0000 0000 0000 0000 0000 0000 0000 0000 0000 0000 0000 0000 0000 0000 0000 0000 0000 0000 0000 0000 0000 0000 0000 0000 0000 0000 0000 0000 0000 0000 0000 0000 0000 0000 0000 0000 0000 0000 0000 0000 0000 0000 0000 0000 0000 0000 0000 0000 0000 0000 0000 0000 0000 0000 0000 0000 0000 0000 0000 0000 0000 0000 0000 0000 0000 0000 0000 0000 
[0;32mI (33905) SPI_SLAVE: pushed into queue[0m

[0;32mI (33905) MQTT_TASK: Read from queue[0m
[0;32mI (34745) SPI_SLAVE: Expected: 720 bytes, Got: 720 bytes[0m
[0;32mI (34745) SPI_SLAVE: Received uint16_t data:[0m
0000 0000 0000 0000 0000 0000 0000 0000 0000 0000 0000 0000 0000 0000 0000 0000 0000 0000 0000 0000 0000 0000 0000 0000 0000 0000 0000 0000 0000 0000 0000 0000 0000 0000 0000 0000 0000 0000 0000 0000 0000 0000 0000 0000 0000 0000 0000 0000 0000 0000 0000 0000 0000 0000 0000 0000 0000 0000 0000 0000 0000 0000 0000 0000 0000 0000 0000 0000 0000 0000 0000 0000 0000 0000 0000 0000 0000 0000 0000 0000 0000 0000 0000 0000 0000 0000 0000 0000 0000 0000 0000 0000 0000 0000 0000 0000 0000 0000 0000 0000 0000 0000 0000 0000 0000 0000 0000 0000 0000 0000 0000 0000 0000 0000 0000 0000 0000 0000 0000 0000 0000 0000 0000 0000 0000 0000 0000 0000 0000 0000 0000 0000 0000 0000 0000 0000 0000 0000 0000 0000 0000 0000 0000 0000 0000 0000 0000 0000 0000 0000 0000 0000 0000 0000 0000 0000 0000 0000 0000 0000 0000 0000 0000 0000 0000 0000 0000 0000 0000 0000 0000 0000 0000 0000 0000 0000 0000 0000 0000 0000 0000 0000 0000 0000 0000 0000 0000 0000 0000 0000 0000 0000 0000 0000 0000 0000 0000 0000 0000 0000 0000 0000 0000 0000 0000 0000 0000 0000 0000 0000 0000 0000 0000 0000 0000 0000 0000 0000 0000 0000 0000 0000 0000 0000 0000 0000 0000 0000 0000 0000 0000 0000 0000 0000 0000 0000 0000 0000 0000 0000 0000 0000 0000 0000 0000 0000 0000 0000 0000 0000 0000 0000 0000 0000 0000 0000 0000 0000 0000 0000 0000 0000 0000 0000 0000 0000 0000 0000 0000 0000 0000 0000 0000 0000 0000 0000 0000 0000 0000 0000 0000 0000 0000 0000 0000 0000 0000 0000 0000 0000 0000 0000 0000 0000 0000 0000 0000 0000 0000 0000 0000 0000 0000 0000 0000 0000 0000 0000 0000 0000 0000 0000 0000 0000 0000 0000 0000 0000 0000 0000 0000 0000 0000 0000 0000 0000 0000 0000 0000 0000 0000 0000 0000 0000 0000 0000 0000 0000 0000 0000 0000 0000 0000 0000 0000 0000 0000 0000 0000 0000 0000 0000 0000 0000 0000 0000 0000 0000 0000 0000 
[0;32mI (34905) SPI_SLAVE: pushed into queue[0m

[0;32mI (34905) MQTT_TASK: Read from queue[0m
[0;32mI (35745) SPI_SLAVE: Expected: 720 bytes, Got: 720 bytes[0m
[0;32mI (35745) SPI_SLAVE: Received uint16_t data:[0m
0000 0000 0000 0000 0000 0000 0000 0000 0000 0000 0000 0000 0000 0000 0000 0000 0000 0000 0000 0000 0000 0000 0000 0000 0000 0000 0000 0000 0000 0000 0000 0000 0000 0000 0000 0000 0000 0000 0000 0000 0000 0000 0000 0000 0000 0000 0000 0000 0000 0000 0000 0000 0000 0000 0000 0000 0000 0000 0000 0000 0000 0000 0000 0000 0000 0000 0000 0000 0000 0000 0000 0000 0000 0000 0000 0000 0000 0000 0000 0000 0000 0000 0000 0000 0000 0000 0000 0000 0000 0000 0000 0000 0000 0000 0000 0000 0000 0000 0000 0000 0000 0000 0000 0000 0000 0000 0000 0000 0000 0000 0000 0000 0000 0000 0000 0000 0000 0000 0000 0000 0000 0000 0000 0000 0000 0000 0000 0000 0000 0000 0000 0000 0000 0000 0000 0000 0000 0000 0000 0000 0000 0000 0000 0000 0000 0000 0000 0000 0000 0000 0000 0000 0000 0000 0000 0000 0000 0000 0000 0000 0000 0000 0000 0000 0000 0000 0000 0000 0000 0000 0000 0000 0000 0000 0000 0000 0000 0000 0000 0000 0000 0000 0000 0000 0000 0000 0000 0000 0000 0000 0000 0000 0000 0000 0000 0000 0000 0000 0000 0000 0000 0000 0000 0000 0000 0000 0000 0000 0000 0000 0000 0000 0000 0000 0000 0000 0000 0000 0000 0000 0000 0000 0000 0000 0000 0000 0000 0000 0000 0000 0000 0000 0000 0000 0000 0000 0000 0000 0000 0000 0000 0000 0000 0000 0000 0000 0000 0000 0000 0000 0000 0000 0000 0000 0000 0000 0000 0000 0000 0000 0000 0000 0000 0000 0000 0000 0000 0000 0000 0000 0000 0000 0000 0000 0000 0000 0000 0000 0000 0000 0000 0000 0000 0000 0000 0000 0000 0000 0000 0000 0000 0000 0000 0000 0000 0000 0000 0000 0000 0000 0000 0000 0000 0000 0000 0000 0000 0000 0000 0000 0000 0000 0000 0000 0000 0000 0000 0000 0000 0000 0000 0000 0000 0000 0000 0000 0000 0000 0000 0000 0000 0000 0000 0000 0000 0000 0000 0000 0000 0000 0000 0000 0000 0000 0000 0000 0000 0000 0000 0000 0000 0000 0000 0000 0000 0000 0000 0000 0000 0000 
[0;32mI (35905) SPI_SLAVE: pushed into queue[0m

[0;32mI (35905) MQTT_TASK: Read from queue[0m
[0;32mI (36745) SPI_SLAVE: Expected: 720 bytes, Got: 720 bytes[0m
[0;32mI (36745) SPI_SLAVE: Received uint16_t data:[0m
0000 0000 0000 0000 0000 0000 0000 0000 0000 0000 0000 0000 0000 0000 0000 0000 0000 0000 0000 0000 0000 0000 0000 0000 0000 0000 0000 0000 0000 0000 0000 0000 0000 0000 0000 0000 0000 0000 0000 0000 0000 0000 0000 0000 0000 0000 0000 0000 0000 0000 0000 0000 0000 0000 0000 0000 0000 0000 0000 0000 0000 0000 0000 0000 0000 0000 0000 0000 0000 0000 0000 0000 0000 0000 0000 0000 0000 0000 0000 0000 0000 0000 0000 0000 0000 0000 0000 0000 0000 0000 0000 0000 0000 0000 0000 0000 0000 0000 0000 0000 0000 0000 0000 0000 0000 0000 0000 0000 0000 0000 0000 0000 0000 0000 0000 0000 0000 0000 0000 0000 0000 0000 0000 0000 0000 0000 0000 0000 0000 0000 0000 0000 0000 0000 0000 0000 0000 0000 0000 0000 0000 0000 0000 0000 0000 0000 0000 0000 0000 0000 0000 0000 0000 0000 0000 0000 0000 0000 0000 0000 0000 0000 0000 0000 0000 0000 0000 0000 0000 0000 0000 0000 0000 0000 0000 0000 0000 0000 0000 0000 0000 0000 0000 0000 0000 0000 0000 0000 0000 0000 0000 0000 0000 0000 0000 0000 0000 0000 0000 0000 0000 0000 0000 0000 0000 0000 0000 0000 0000 0000 0000 0000 0000 0000 0000 0000 0000 0000 0000 0000 0000 0000 0000 0000 0000 0000 0000 0000 0000 0000 0000 0000 0000 0000 0000 0000 0000 0000 0000 0000 0000 0000 0000 0000 0000 0000 0000 0000 0000 0000 0000 0000 0000 0000 0000 0000 0000 0000 0000 0000 0000 0000 0000 0000 0000 0000 0000 0000 0000 0000 0000 0000 0000 0000 0000 0000 0000 0000 0000 0000 0000 0000 0000 0000 0000 0000 0000 0000 0000 0000 0000 0000 0000 0000 0000 0000 0000 0000 0000 0000 0000 0000 0000 0000 0000 0000 0000 0000 0000 0000 0000 0000 0000 0000 0000 0000 0000 0000 0000 0000 0000 0000 0000 0000 0000 0000 0000 0000 0000 0000 0000 0000 0000 0000 0000 0000 0000 0000 0000 0000 0000 0000 0000 0000 0000 0000 0000 0000 0000 0000 0000 0000 0000 0000 0000 0000 0000 0000 0000 0000 
[0;32mI (36905) SPI_SLAVE: pushed into queue[0m

[0;32mI (36905) MQTT_TASK: Read from queue[0m
[0;32mI (37745) SPI_SLAVE: Expected: 720 bytes, Got: 720 bytes[0m
[0;32mI (37745) SPI_SLAVE: Received uint16_t data:[0m
0000 0000 0000 0000 0000 0000 0000 0000 0000 0000 0000 0000 0000 0000 0000 0000 0000 0000 0000 0000 0000 0000 0000 0000 0000 0000 0000 0000 0000 0000 0000 0000 0000 0000 0000 0000 0000 0000 0000 0000 0000 0000 0000 0000 0000 0000 0000 0000 0000 0000 0000 0000 0000 0000 0000 0000 0000 0000 0000 0000 0000 0000 0000 0000 0000 0000 0000 0000 0000 0000 0000 0000 0000 0000 0000 0000 0000 0000 0000 0000 0000 0000 0000 0000 0000 0000 0000 0000 0000 0000 0000 0000 0000 0000 0000 0000 0000 0000 0000 0000 0000 0000 0000 0000 0000 0000 0000 0000 0000 0000 0000 0000 0000 0000 0000 0000 0000 0000 0000 0000 0000 0000 0000 0000 0000 0000 0000 0000 0000 0000 0000 0000 0000 0000 0000 0000 0000 0000 0000 0000 0000 0000 0000 0000 0000 0000 0000 0000 0000 0000 0000 0000 0000 0000 0000 0000 0000 0000 0000 0000 0000 0000 0000 0000 0000 0000 0000 0000 0000 0000 0000 0000 0000 0000 0000 0000 0000 0000 0000 0000 0000 0000 0000 0000 0000 0000 0000 0000 0000 0000 0000 0000 0000 0000 0000 0000 0000 0000 0000 0000 0000 0000 0000 0000 0000 0000 0000 0000 0000 0000 0000 0000 0000 0000 0000 0000 0000 0000 0000 0000 0000 0000 0000 0000 0000 0000 0000 0000 0000 0000 0000 0000 0000 0000 0000 0000 0000 0000 0000 0000 0000 0000 0000 0000 0000 0000 0000 0000 0000 0000 0000 0000 0000 0000 0000 0000 0000 0000 0000 0000 0000 0000 0000 0000 0000 0000 0000 0000 0000 0000 0000 0000 0000 0000 0000 0000 0000 0000 0000 0000 0000 0000 0000 0000 0000 0000 0000 0000 0000 0000 0000 0000 0000 0000 0000 0000 0000 0000 0000 0000 0000 0000 0000 0000 0000 0000 0000 0000 0000 0000 0000 0000 0000 0000 0000 0000 0000 0000 0000 0000 0000 0000 0000 0000 0000 0000 0000 0000 0000 0000 0000 0000 0000 0000 0000 0000 0000 0000 0000 0000 0000 0000 0000 0000 0000 0000 0000 0000 0000 0000 0000 0000 0000 0000 0000 0000 0000 0000 0000 0000 
[0;32mI (37905) SPI_SLAVE: pushed into queue[0m

[0;32mI (37905) MQTT_TASK: Read from queue[0m
[0;32mI (38745) SPI_SLAVE: Expected: 720 bytes, Got: 720 bytes[0m
[0;32mI (38745) SPI_SLAVE: Received uint16_t data:[0m
0000 0000 0000 0000 0000 0000 0000 0000 0000 0000 0000 0000 0000 0000 0000 0000 0000 0000 0000 0000 0000 0000 0000 0000 0000 0000 0000 0000 0000 0000 0000 0000 0000 0000 0000 0000 0000 0000 0000 0000 0000 0000 0000 0000 0000 0000 0000 0000 0000 0000 0000 0000 0000 0000 0000 0000 0000 0000 0000 0000 0000 0000 0000 0000 0000 0000 0000 0000 0000 0000 0000 0000 0000 0000 0000 0000 0000 0000 0000 0000 0000 0000 0000 0000 0000 0000 0000 0000 0000 0000 0000 0000 0000 0000 0000 0000 0000 0000 0000 0000 0000 0000 0000 0000 0000 0000 0000 0000 0000 0000 0000 0000 0000 0000 0000 0000 0000 0000 0000 0000 0000 0000 0000 0000 0000 0000 0000 0000 0000 0000 0000 0000 0000 0000 0000 0000 0000 0000 0000 0000 0000 0000 0000 0000 0000 0000 0000 0000 0000 0000 0000 0000 0000 0000 0000 0000 0000 0000 0000 0000 0000 0000 0000 0000 0000 0000 0000 0000 0000 0000 0000 0000 0000 0000 0000 0000 0000 0000 0000 0000 0000 0000 0000 0000 0000 0000 0000 0000 0000 0000 0000 0000 0000 0000 0000 0000 0000 0000 0000 0000 0000 0000 0000 0000 0000 0000 0000 0000 0000 0000 0000 0000 0000 0000 0000 0000 0000 0000 0000 0000 0000 0000 0000 0000 0000 0000 0000 0000 0000 0000 0000 0000 0000 0000 0000 0000 0000 0000 0000 0000 0000 0000 0000 0000 0000 0000 0000 0000 0000 0000 0000 0000 0000 0000 0000 0000 0000 0000 0000 0000 0000 0000 0000 0000 0000 0000 0000 0000 0000 0000 0000 0000 0000 0000 0000 0000 0000 0000 0000 0000 0000 0000 0000 0000 0000 0000 0000 0000 0000 0000 0000 0000 0000 0000 0000 0000 0000 0000 0000 0000 0000 0000 0000 0000 0000 0000 0000 0000 0000 0000 0000 0000 0000 0000 0000 0000 0000 0000 0000 0000 0000 0000 0000 0000 0000 0000 0000 0000 0000 0000 0000 0000 0000 0000 0000 0000 0000 0000 0000 0000 0000 0000 0000 0000 0000 0000 0000 0000 0000 0000 0000 0000 0000 0000 0000 0000 0000 0000 0000 0000 
[0;32mI (38905) SPI_SLAVE: pushed into queue[0m

[0;32mI (38905) MQTT_TASK: Read from queue[0m
[0;32mI (39745) SPI_SLAVE: Expected: 720 bytes, Got: 720 bytes[0m
[0;32mI (39745) SPI_SLAVE: Received uint16_t data:[0m
0000 0000 0000 0000 0000 0000 0000 0000 0000 0000 0000 0000 0000 0000 0000 0000 0000 0000 0000 0000 0000 0000 0000 0000 0000 0000 0000 0000 0000 0000 0000 0000 0000 0000 0000 0000 0000 0000 0000 0000 0000 0000 0000 0000 0000 0000 0000 0000 0000 0000 0000 0000 0000 0000 0000 0000 0000 0000 0000 0000 0000 0000 0000 0000 0000 0000 0000 0000 0000 0000 0000 0000 0000 0000 0000 0000 0000 0000 0000 0000 0000 0000 0000 0000 0000 0000 0000 0000 0000 0000 0000 0000 0000 0000 0000 0000 0000 0000 0000 0000 0000 0000 0000 0000 0000 0000 0000 0000 0000 0000 0000 0000 0000 0000 0000 0000 0000 0000 0000 0000 0000 0000 0000 0000 0000 0000 0000 0000 0000 0000 0000 0000 0000 0000 0000 0000 0000 0000 0000 0000 0000 0000 0000 0000 0000 0000 0000 0000 0000 0000 0000 0000 0000 0000 0000 0000 0000 0000 0000 0000 0000 0000 0000 0000 0000 0000 0000 0000 0000 0000 0000 0000 0000 0000 0000 0000 0000 0000 0000 0000 0000 0000 0000 0000 0000 0000 0000 0000 0000 0000 0000 0000 0000 0000 0000 0000 0000 0000 0000 0000 0000 0000 0000 0000 0000 0000 0000 0000 0000 0000 0000 0000 0000 0000 0000 0000 0000 0000 0000 0000 0000 0000 0000 0000 0000 0000 0000 0000 0000 0000 0000 0000 0000 0000 0000 0000 0000 0000 0000 0000 0000 0000 0000 0000 0000 0000 0000 0000 0000 0000 0000 0000 0000 0000 0000 0000 0000 0000 0000 0000 0000 0000 0000 0000 0000 0000 0000 0000 0000 0000 0000 0000 0000 0000 0000 0000 0000 0000 0000 0000 0000 0000 0000 0000 0000 0000 0000 0000 0000 0000 0000 0000 0000 0000 0000 0000 0000 0000 0000 0000 0000 0000 0000 0000 0000 0000 0000 0000 0000 0000 0000 0000 0000 0000 0000 0000 0000 0000 0000 0000 0000 0000 0000 0000 0000 0000 0000 0000 0000 0000 0000 0000 0000 0000 0000 0000 0000 0000 0000 0000 0000 0000 0000 0000 0000 0000 0000 0000 0000 0000 0000 0000 0000 0000 0000 0000 0000 0000 0000 0000 
[0;32mI (39905) SPI_SLAVE: pushed into queue[0m

[0;32mI (39905) MQTT_TASK: Read from queue[0m
[0;32mI (40745) SPI_SLAVE: Expected: 720 bytes, Got: 720 bytes[0m
[0;32mI (40745) SPI_SLAVE: Received uint16_t data:[0m
0000 0000 0000 0000 0000 0000 0000 0000 0000 0000 0000 0000 0000 0000 0000 0000 0000 0000 0000 0000 0000 0000 0000 0000 0000 0000 0000 0000 0000 0000 0000 0000 0000 0000 0000 0000 0000 0000 0000 0000 0000 0000 0000 0000 0000 0000 0000 0000 0000 0000 0000 0000 0000 0000 0000 0000 0000 0000 0000 0000 0000 0000 0000 0000 0000 0000 0000 0000 0000 0000 0000 0000 0000 0000 0000 0000 0000 0000 0000 0000 0000 0000 0000 0000 0000 0000 0000 0000 0000 0000 0000 0000 0000 0000 0000 0000 0000 0000 0000 0000 0000 0000 0000 0000 0000 0000 0000 0000 0000 0000 0000 0000 0000 0000 0000 0000 0000 0000 0000 0000 0000 0000 0000 0000 0000 0000 0000 0000 0000 0000 0000 0000 0000 0000 0000 0000 0000 0000 0000 0000 0000 0000 0000 0000 0000 0000 0000 0000 0000 0000 0000 0000 0000 0000 0000 0000 0000 0000 0000 0000 0000 0000 0000 0000 0000 0000 0000 0000 0000 0000 0000 0000 0000 0000 0000 0000 0000 0000 0000 0000 0000 0000 0000 0000 0000 0000 0000 0000 0000 0000 0000 0000 0000 0000 0000 0000 0000 0000 0000 0000 0000 0000 0000 0000 0000 0000 0000 0000 0000 0000 0000 0000 0000 0000 0000 0000 0000 0000 0000 0000 0000 0000 0000 0000 0000 0000 0000 0000 0000 0000 0000 0000 0000 0000 0000 0000 0000 0000 0000 0000 0000 0000 0000 0000 0000 0000 0000 0000 0000 0000 0000 0000 0000 0000 0000 0000 0000 0000 0000 0000 0000 0000 0000 0000 0000 0000 0000 0000 0000 0000 0000 0000 0000 0000 0000 0000 0000 0000 0000 0000 0000 0000 0000 0000 0000 0000 0000 0000 0000 0000 0000 0000 0000 0000 0000 0000 0000 0000 0000 0000 0000 0000 0000 0000 0000 0000 0000 0000 0000 0000 0000 0000 0000 0000 0000 0000 0000 0000 0000 0000 0000 0000 0000 0000 0000 0000 0000 0000 0000 0000 0000 0000 0000 0000 0000 0000 0000 0000 0000 0000 0000 0000 0000 0000 0000 0000 0000 0000 0000 0000 0000 0000 0000 0000 0000 0000 0000 0000 0000 0000 
[0;32mI (40905) SPI_SLAVE: pushed into queue[0m

[0;32mI (40905) MQTT_TASK: Read from queue[0m
[0;32mI (41745) SPI_SLAVE: Expected: 720 bytes, Got: 720 bytes[0m
[0;32mI (41745) SPI_SLAVE: Received uint16_t data:[0m
0000 0000 0000 0000 0000 0000 0000 0000 0000 0000 0000 0000 0000 0000 0000 0000 0000 0000 0000 0000 0000 0000 0000 0000 0000 0000 0000 0000 0000 0000 0000 0000 0000 0000 0000 0000 0000 0000 0000 0000 0000 0000 0000 0000 0000 0000 0000 0000 0000 0000 0000 0000 0000 0000 0000 0000 0000 0000 0000 0000 0000 0000 0000 0000 0000 0000 0000 0000 0000 0000 0000 0000 0000 0000 0000 0000 0000 0000 0000 0000 0000 0000 0000 0000 0000 0000 0000 0000 0000 0000 0000 0000 0000 0000 0000 0000 0000 0000 0000 0000 0000 0000 0000 0000 0000 0000 0000 0000 0000 0000 0000 0000 0000 0000 0000 0000 0000 0000 0000 0000 0000 0000 0000 0000 0000 0000 0000 0000 0000 0000 0000 0000 0000 0000 0000 0000 0000 0000 0000 0000 0000 0000 0000 0000 0000 0000 0000 0000 0000 0000 0000 0000 0000 0000 0000 0000 0000 0000 0000 0000 0000 0000 0000 0000 0000 0000 0000 0000 0000 0000 0000 0000 0000 0000 0000 0000 0000 0000 0000 0000 0000 0000 0000 0000 0000 0000 0000 0000 0000 0000 0000 0000 0000 0000 0000 0000 0000 0000 0000 0000 0000 0000 0000 0000 0000 0000 0000 0000 0000 0000 0000 0000 0000 0000 0000 0000 0000 0000 0000 0000 0000 0000 0000 0000 0000 0000 0000 0000 0000 0000 0000 0000 0000 0000 0000 0000 0000 0000 0000 0000 0000 0000 0000 0000 0000 0000 0000 0000 0000 0000 0000 0000 0000 0000 0000 0000 0000 0000 0000 0000 0000 0000 0000 0000 0000 0000 0000 0000 0000 0000 0000 0000 0000 0000 0000 0000 0000 0000 0000 0000 0000 0000 0000 0000 0000 0000 0000 0000 0000 0000 0000 0000 0000 0000 0000 0000 0000 0000 0000 0000 0000 0000 0000 0000 0000 0000 0000 0000 0000 0000 0000 0000 0000 0000 0000 0000 0000 0000 0000 0000 0000 0000 0000 0000 0000 0000 0000 0000 0000 0000 0000 0000 0000 0000 0000 0000 0000 0000 0000 0000 0000 0000 0000 0000 0000 0000 0000 0000 0000 0000 0000 0000 0000 0000 0000 0000 0000 0000 0000 0000 
[0;32mI (41905) SPI_SLAVE: pushed into queue[0m

[0;32mI (41905) MQTT_TASK: Read from queue[0m
[0;32mI (42335) MQTT_CLIENT: Unhandled event id: 7[0m
[1;31mE (42335) esp-tls: [sock=54] connect() error: Host is unreachable[0m
[1;31mE (42335) transport_base: Failed to open a new connection: 32772[0m
[1;31mE (42335) mqtt_client: Error transport connect[0m
[0;32mI (42335) MQTT_CLIENT: MQTT_EVENT_ERROR[0m
[0;32mI (42345) MQTT_CLIENT: MQTT_EVENT_DISCONNECTED[0m
[0;32mI (42745) SPI_SLAVE: Expected: 720 bytes, Got: 720 bytes[0m
[0;32mI (42745) SPI_SLAVE: Received uint16_t data:[0m
0000 0000 0000 0000 0000 0000 0000 0000 0000 0000 0000 0000 0000 0000 0000 0000 0000 0000 0000 0000 0000 0000 0000 0000 0000 0000 0000 0000 0000 0000 0000 0000 0000 0000 0000 0000 0000 0000 0000 0000 0000 0000 0000 0000 0000 0000 0000 0000 0000 0000 0000 0000 0000 0000 0000 0000 0000 0000 0000 0000 0000 0000 0000 0000 0000 0000 0000 0000 0000 0000 0000 0000 0000 0000 0000 0000 0000 0000 0000 0000 0000 0000 0000 0000 0000 0000 0000 0000 0000 0000 0000 0000 0000 0000 0000 0000 0000 0000 0000 0000 0000 0000 0000 0000 0000 0000 0000 0000 0000 0000 0000 0000 0000 0000 0000 0000 0000 0000 0000 0000 0000 0000 0000 0000 0000 0000 0000 0000 0000 0000 0000 0000 0000 0000 0000 0000 0000 0000 0000 0000 0000 0000 0000 0000 0000 0000 0000 0000 0000 0000 0000 0000 0000 0000 0000 0000 0000 0000 0000 0000 0000 0000 0000 0000 0000 0000 0000 0000 0000 0000 0000 0000 0000 0000 0000 0000 0000 0000 0000 0000 0000 0000 0000 0000 0000 0000 0000 0000 0000 0000 0000 0000 0000 0000 0000 0000 0000 0000 0000 0000 0000 0000 0000 0000 0000 0000 0000 0000 0000 0000 0000 0000 0000 0000 0000 0000 0000 0000 0000 0000 0000 0000 0000 0000 0000 0000 0000 0000 0000 0000 0000 0000 0000 0000 0000 0000 0000 0000 0000 0000 0000 0000 0000 0000 0000 0000 0000 0000 0000 0000 0000 0000 0000 0000 0000 0000 0000 0000 0000 0000 0000 0000 0000 0000 0000 0000 0000 0000 0000 0000 0000 0000 0000 0000 0000 0000 0000 0000 0000 0000 0000 0000 0000 0000 0000 0000 0000 0000 0000 0000 0000 0000 0000 0000 0000 0000 0000 0000 0000 0000 0000 0000 0000 0000 0000 0000 0000 0000 0000 0000 0000 0000 0000 0000 0000 0000 0000 0000 0000 0000 0000 0000 0000 0000 0000 0000 0000 0000 0000 0000 0000 0000 0000 0000 0000 0000 0000 0000 0000 0000 0000 0000 0000 0000 0000 0000 0000 0000 0000 0000 0000 0000 0000 0000 0000 0000 0000 0000 0000 0000 
[0;32mI (42905) SPI_SLAVE: pushed into queue[0m

[0;32mI (42905) MQTT_TASK: Read from queue[0m
[0;32mI (43745) SPI_SLAVE: Expected: 720 bytes, Got: 720 bytes[0m
[0;32mI (43745) SPI_SLAVE: Received uint16_t data:[0m
0000 0000 0000 0000 0000 0000 0000 0000 0000 0000 0000 0000 0000 0000 0000 0000 0000 0000 0000 0000 0000 0000 0000 0000 0000 0000 0000 0000 0000 0000 0000 0000 0000 0000 0000 0000 0000 0000 0000 0000 0000 0000 0000 0000 0000 0000 0000 0000 0000 0000 0000 0000 0000 0000 0000 0000 0000 0000 0000 0000 0000 0000 0000 0000 0000 0000 0000 0000 0000 0000 0000 0000 0000 0000 0000 0000 0000 0000 0000 0000 0000 0000 0000 0000 0000 0000 0000 0000 0000 0000 0000 0000 0000 0000 0000 0000 0000 0000 0000 0000 0000 0000 0000 0000 0000 0000 0000 0000 0000 0000 0000 0000 0000 0000 0000 0000 0000 0000 0000 0000 0000 0000 0000 0000 0000 0000 0000 0000 0000 0000 0000 0000 0000 0000 0000 0000 0000 0000 0000 0000 0000 0000 0000 0000 0000 0000 0000 0000 0000 0000 0000 0000 0000 0000 0000 0000 0000 0000 0000 0000 0000 0000 0000 0000 0000 0000 0000 0000 0000 0000 0000 0000 0000 0000 0000 0000 0000 0000 0000 0000 0000 0000 0000 0000 0000 0000 0000 0000 0000 0000 0000 0000 0000 0000 0000 0000 0000 0000 0000 0000 0000 0000 0000 0000 0000 0000 0000 0000 0000 0000 0000 0000 0000 0000 0000 0000 0000 0000 0000 0000 0000 0000 0000 0000 0000 0000 0000 0000 0000 0000 0000 0000 0000 0000 0000 0000 0000 0000 0000 0000 0000 0000 0000 0000 0000 0000 0000 0000 0000 0000 0000 0000 0000 0000 0000 0000 0000 0000 0000 0000 0000 0000 0000 0000 0000 0000 0000 0000 0000 0000 0000 0000 0000 0000 0000 0000 0000 0000 0000 0000 0000 0000 0000 0000 0000 0000 0000 0000 0000 0000 0000 0000 0000 0000 0000 0000 0000 0000 0000 0000 0000 0000 0000 0000 0000 0000 0000 0000 0000 0000 0000 0000 0000 0000 0000 0000 0000 0000 0000 0000 0000 0000 0000 0000 0000 0000 0000 0000 0000 0000 0000 0000 0000 0000 0000 0000 0000 0000 0000 0000 0000 0000 0000 0000 0000 0000 0000 0000 0000 0000 0000 0000 0000 0000 0000 0000 0000 0000 0000 0000 
[0;32mI (43905) SPI_SLAVE: pushed into queue[0m

[0;32mI (43905) MQTT_TASK: Read from queue[0m
[0;32mI (44745) SPI_SLAVE: Expected: 720 bytes, Got: 720 bytes[0m
[0;32mI (44745) SPI_SLAVE: Received uint16_t data:[0m
0000 0000 0000 0000 0000 0000 0000 0000 0000 0000 0000 0000 0000 0000 0000 0000 0000 0000 0000 0000 0000 0000 0000 0000 0000 0000 0000 0000 0000 0000 0000 0000 0000 0000 0000 0000 0000 0000 0000 0000 0000 0000 0000 0000 0000 0000 0000 0000 0000 0000 0000 0000 0000 0000 0000 0000 0000 0000 0000 0000 0000 0000 0000 0000 0000 0000 0000 0000 0000 0000 0000 0000 0000 0000 0000 0000 0000 0000 0000 0000 0000 0000 0000 0000 0000 0000 0000 0000 0000 0000 0000 0000 0000 0000 0000 0000 0000 0000 0000 0000 0000 0000 0000 0000 0000 0000 0000 0000 0000 0000 0000 0000 0000 0000 0000 0000 0000 0000 0000 0000 0000 0000 0000 0000 0000 0000 0000 0000 0000 0000 0000 0000 0000 0000 0000 0000 0000 0000 0000 0000 0000 0000 0000 0000 0000 0000 0000 0000 0000 0000 0000 0000 0000 0000 0000 0000 0000 0000 0000 0000 0000 0000 0000 0000 0000 0000 0000 0000 0000 0000 0000 0000 0000 0000 0000 0000 0000 0000 0000 0000 0000 0000 0000 0000 0000 0000 0000 0000 0000 0000 0000 0000 0000 0000 0000 0000 0000 0000 0000 0000 0000 0000 0000 0000 0000 0000 0000 0000 0000 0000 0000 0000 0000 0000 0000 0000 0000 0000 0000 0000 0000 0000 0000 0000 0000 0000 0000 0000 0000 0000 0000 0000 0000 0000 0000 0000 0000 0000 0000 0000 0000 0000 0000 0000 0000 0000 0000 0000 0000 0000 0000 0000 0000 0000 0000 0000 0000 0000 0000 0000 0000 0000 0000 0000 0000 0000 0000 0000 0000 0000 0000 0000 0000 0000 0000 0000 0000 0000 0000 0000 0000 0000 0000 0000 0000 0000 0000 0000 0000 0000 0000 0000 0000 0000 0000 0000 0000 0000 0000 0000 0000 0000 0000 0000 0000 0000 0000 0000 0000 0000 0000 0000 0000 0000 0000 0000 0000 0000 0000 0000 0000 0000 0000 0000 0000 0000 0000 0000 0000 0000 0000 0000 0000 0000 0000 0000 0000 0000 0000 0000 0000 0000 0000 0000 0000 0000 0000 0000 0000 0000 0000 0000 0000 0000 0000 0000 0000 0000 0000 0000 
[0;32mI (44905) SPI_SLAVE: pushed into queue[0m

[0;32mI (44905) MQTT_TASK: Read from queue[0m
[0;32mI (45745) SPI_SLAVE: Expected: 720 bytes, Got: 720 bytes[0m
[0;32mI (45745) SPI_SLAVE: Received uint16_t data:[0m
0000 0000 0000 0000 0000 0000 0000 0000 0000 0000 0000 0000 0000 0000 0000 0000 0000 0000 0000 0000 0000 0000 0000 0000 0000 0000 0000 0000 0000 0000 0000 0000 0000 0000 0000 0000 0000 0000 0000 0000 0000 0000 0000 0000 0000 0000 0000 0000 0000 0000 0000 0000 0000 0000 0000 0000 0000 0000 0000 0000 0000 0000 0000 0000 0000 0000 0000 0000 0000 0000 0000 0000 0000 0000 0000 0000 0000 0000 0000 0000 0000 0000 0000 0000 0000 0000 0000 0000 0000 0000 0000 0000 0000 0000 0000 0000 0000 0000 0000 0000 0000 0000 0000 0000 0000 0000 0000 0000 0000 0000 0000 0000 0000 0000 0000 0000 0000 0000 0000 0000 0000 0000 0000 0000 0000 0000 0000 0000 0000 0000 0000 0000 0000 0000 0000 0000 0000 0000 0000 0000 0000 0000 0000 0000 0000 0000 0000 0000 0000 0000 0000 0000 0000 0000 0000 0000 0000 0000 0000 0000 0000 0000 0000 0000 0000 0000 0000 0000 0000 0000 0000 0000 0000 0000 0000 0000 0000 0000 0000 0000 0000 0000 0000 0000 0000 0000 0000 0000 0000 0000 0000 0000 0000 0000 0000 0000 0000 0000 0000 0000 0000 0000 0000 0000 0000 0000 0000 0000 0000 0000 0000 0000 0000 0000 0000 0000 0000 0000 0000 0000 0000 0000 0000 0000 0000 0000 0000 0000 0000 0000 0000 0000 0000 0000 0000 0000 0000 0000 0000 0000 0000 0000 0000 0000 0000 0000 0000 0000 0000 0000 0000 0000 0000 0000 0000 0000 0000 0000 0000 0000 0000 0000 0000 0000 0000 0000 0000 0000 0000 0000 0000 0000 0000 0000 0000 0000 0000 0000 0000 0000 0000 0000 0000 0000 0000 0000 0000 0000 0000 0000 0000 0000 0000 0000 0000 0000 0000 0000 0000 0000 0000 0000 0000 0000 0000 0000 0000 0000 0000 0000 0000 0000 0000 0000 0000 0000 0000 0000 0000 0000 0000 0000 0000 0000 0000 0000 0000 0000 0000 0000 0000 0000 0000 0000 0000 0000 0000 0000 0000 0000 0000 0000 0000 0000 0000 0000 0000 0000 0000 0000 0000 0000 0000 0000 0000 0000 0000 0000 0000 0000 
[0;32mI (45905) SPI_SLAVE: pushed into queue[0m

[0;32mI (45905) MQTT_TASK: Read from queue[0m
[0;32mI (46745) SPI_SLAVE: Expected: 720 bytes, Got: 720 bytes[0m
[0;32mI (46745) SPI_SLAVE: Received uint16_t data:[0m
0000 0000 0000 0000 0000 0000 0000 0000 0000 0000 0000 0000 0000 0000 0000 0000 0000 0000 0000 0000 0000 0000 0000 0000 0000 0000 0000 0000 0000 0000 0000 0000 0000 0000 0000 0000 0000 0000 0000 0000 0000 0000 0000 0000 0000 0000 0000 0000 0000 0000 0000 0000 0000 0000 0000 0000 0000 0000 0000 0000 0000 0000 0000 0000 0000 0000 0000 0000 0000 0000 0000 0000 0000 0000 0000 0000 0000 0000 0000 0000 0000 0000 0000 0000 0000 0000 0000 0000 0000 0000 0000 0000 0000 0000 0000 0000 0000 0000 0000 0000 0000 0000 0000 0000 0000 0000 0000 0000 0000 0000 0000 0000 0000 0000 0000 0000 0000 0000 0000 0000 0000 0000 0000 0000 0000 0000 0000 0000 0000 0000 0000 0000 0000 0000 0000 0000 0000 0000 0000 0000 0000 0000 0000 0000 0000 0000 0000 0000 0000 0000 0000 0000 0000 0000 0000 0000 0000 0000 0000 0000 0000 0000 0000 0000 0000 0000 0000 0000 0000 0000 0000 0000 0000 0000 0000 0000 0000 0000 0000 0000 0000 0000 0000 0000 0000 0000 0000 0000 0000 0000 0000 0000 0000 0000 0000 0000 0000 0000 0000 0000 0000 0000 0000 0000 0000 0000 0000 0000 0000 0000 0000 0000 0000 0000 0000 0000 0000 0000 0000 0000 0000 0000 0000 0000 0000 0000 0000 0000 0000 0000 0000 0000 0000 0000 0000 0000 0000 0000 0000 0000 0000 0000 0000 0000 0000 0000 0000 0000 0000 0000 0000 0000 0000 0000 0000 0000 0000 0000 0000 0000 0000 0000 0000 0000 0000 0000 0000 0000 0000 0000 0000 0000 0000 0000 0000 0000 0000 0000 0000 0000 0000 0000 0000 0000 0000 0000 0000 0000 0000 0000 0000 0000 0000 0000 0000 0000 0000 0000 0000 0000 0000 0000 0000 0000 0000 0000 0000 0000 0000 0000 0000 0000 0000 0000 0000 0000 0000 0000 0000 0000 0000 0000 0000 0000 0000 0000 0000 0000 0000 0000 0000 0000 0000 0000 0000 0000 0000 0000 0000 0000 0000 0000 0000 0000 0000 0000 0000 0000 0000 0000 0000 0000 0000 0000 0000 0000 0000 0000 0000 0000 
[0;32mI (46905) SPI_SLAVE: pushed into queue[0m

[0;32mI (46905) MQTT_TASK: Read from queue[0m
[0;32mI (47745) SPI_SLAVE: Expected: 720 bytes, Got: 720 bytes[0m
[0;32mI (47745) SPI_SLAVE: Received uint16_t data:[0m
0000 0000 0000 0000 0000 0000 0000 0000 0000 0000 0000 0000 0000 0000 0000 0000 0000 0000 0000 0000 0000 0000 0000 0000 0000 0000 0000 0000 0000 0000 0000 0000 0000 0000 0000 0000 0000 0000 0000 0000 0000 0000 0000 0000 0000 0000 0000 0000 0000 0000 0000 0000 0000 0000 0000 0000 0000 0000 0000 0000 0000 0000 0000 0000 0000 0000 0000 0000 0000 0000 0000 0000 0000 0000 0000 0000 0000 0000 0000 0000 0000 0000 0000 0000 0000 0000 0000 0000 0000 0000 0000 0000 0000 0000 0000 0000 0000 0000 0000 0000 0000 0000 0000 0000 0000 0000 0000 0000 0000 0000 0000 0000 0000 0000 0000 0000 0000 0000 0000 0000 0000 0000 0000 0000 0000 0000 0000 0000 0000 0000 0000 0000 0000 0000 0000 0000 0000 0000 0000 0000 0000 0000 0000 0000 0000 0000 0000 0000 0000 0000 0000 0000 0000 0000 0000 0000 0000 0000 0000 0000 0000 0000 0000 0000 0000 0000 0000 0000 0000 0000 0000 0000 0000 0000 0000 0000 0000 0000 0000 0000 0000 0000 0000 0000 0000 0000 0000 0000 0000 0000 0000 0000 0000 0000 0000 0000 0000 0000 0000 0000 0000 0000 0000 0000 0000 0000 0000 0000 0000 0000 0000 0000 0000 0000 0000 0000 0000 0000 0000 0000 0000 0000 0000 0000 0000 0000 0000 0000 0000 0000 0000 0000 0000 0000 0000 0000 0000 0000 0000 0000 0000 0000 0000 0000 0000 0000 0000 0000 0000 0000 0000 0000 0000 0000 0000 0000 0000 0000 0000 0000 0000 0000 0000 0000 0000 0000 0000 0000 0000 0000 0000 0000 0000 0000 0000 0000 0000 0000 0000 0000 0000 0000 0000 0000 0000 0000 0000 0000 0000 0000 0000 0000 0000 0000 0000 0000 0000 0000 0000 0000 0000 0000 0000 0000 0000 0000 0000 0000 0000 0000 0000 0000 0000 0000 0000 0000 0000 0000 0000 0000 0000 0000 0000 0000 0000 0000 0000 0000 0000 0000 0000 0000 0000 0000 0000 0000 0000 0000 0000 0000 0000 0000 0000 0000 0000 0000 0000 0000 0000 0000 0000 0000 0000 0000 0000 0000 0000 0000 0000 0000 
[0;32mI (47905) SPI_SLAVE: pushed into queue[0m

[0;32mI (47905) MQTT_TASK: Read from queue[0m
[0;32mI (48745) SPI_SLAVE: Expected: 720 bytes, Got: 720 bytes[0m
[0;32mI (48745) SPI_SLAVE: Received uint16_t data:[0m
0000 0000 0000 0000 0000 0000 0000 0000 0000 0000 0000 0000 0000 0000 0000 0000 0000 0000 0000 0000 0000 0000 0000 0000 0000 0000 0000 0000 0000 0000 0000 0000 0000 0000 0000 0000 0000 0000 0000 0000 0000 0000 0000 0000 0000 0000 0000 0000 0000 0000 0000 0000 0000 0000 0000 0000 0000 0000 0000 0000 0000 0000 0000 0000 0000 0000 0000 0000 0000 0000 0000 0000 0000 0000 0000 0000 0000 0000 0000 0000 0000 0000 0000 0000 0000 0000 0000 0000 0000 0000 0000 0000 0000 0000 0000 0000 0000 0000 0000 0000 0000 0000 0000 0000 0000 0000 0000 0000 0000 0000 0000 0000 0000 0000 0000 0000 0000 0000 0000 0000 0000 0000 0000 0000 0000 0000 0000 0000 0000 0000 0000 0000 0000 0000 0000 0000 0000 0000 0000 0000 0000 0000 0000 0000 0000 0000 0000 0000 0000 0000 0000 0000 0000 0000 0000 0000 0000 0000 0000 0000 0000 0000 0000 0000 0000 0000 0000 0000 0000 0000 0000 0000 0000 0000 0000 0000 0000 0000 0000 0000 0000 0000 0000 0000 0000 0000 0000 0000 0000 0000 0000 0000 0000 0000 0000 0000 0000 0000 0000 0000 0000 0000 0000 0000 0000 0000 0000 0000 0000 0000 0000 0000 0000 0000 0000 0000 0000 0000 0000 0000 0000 0000 0000 0000 0000 0000 0000 0000 0000 0000 0000 0000 0000 0000 0000 0000 0000 0000 0000 0000 0000 0000 0000 0000 0000 0000 0000 0000 0000 0000 0000 0000 0000 0000 0000 0000 0000 0000 0000 0000 0000 0000 0000 0000 0000 0000 0000 0000 0000 0000 0000 0000 0000 0000 0000 0000 0000 0000 0000 0000 0000 0000 0000 0000 0000 0000 0000 0000 0000 0000 0000 0000 0000 0000 0000 0000 0000 0000 0000 0000 0000 0000 0000 0000 0000 0000 0000 0000 0000 0000 0000 0000 0000 0000 0000 0000 0000 0000 0000 0000 0000 0000 0000 0000 0000 0000 0000 0000 0000 0000 0000 0000 0000 0000 0000 0000 0000 0000 0000 0000 0000 0000 0000 0000 0000 0000 0000 0000 0000 0000 0000 0000 0000 0000 0000 0000 0000 0000 0000 0000 
[0;32mI (48905) SPI_SLAVE: pushed into queue[0m

[0;32mI (48905) MQTT_TASK: Read from queue[0m
[0;32mI (49745) SPI_SLAVE: Expected: 720 bytes, Got: 720 bytes[0m
[0;32mI (49745) SPI_SLAVE: Received uint16_t data:[0m
0000 0000 0000 0000 0000 0000 0000 0000 0000 0000 0000 0000 0000 0000 0000 0000 0000 0000 0000 0000 0000 0000 0000 0000 0000 0000 0000 0000 0000 0000 0000 0000 0000 0000 0000 0000 0000 0000 0000 0000 0000 0000 0000 0000 0000 0000 0000 0000 0000 0000 0000 0000 0000 0000 0000 0000 0000 0000 0000 0000 0000 0000 0000 0000 0000 0000 0000 0000 0000 0000 0000 0000 0000 0000 0000 0000 0000 0000 0000 0000 0000 0000 0000 0000 0000 0000 0000 0000 0000 0000 0000 0000 0000 0000 0000 0000 0000 0000 0000 0000 0000 0000 0000 0000 0000 0000 0000 0000 0000 0000 0000 0000 0000 0000 0000 0000 0000 0000 0000 0000 0000 0000 0000 0000 0000 0000 0000 0000 0000 0000 0000 0000 0000 0000 0000 0000 0000 0000 0000 0000 0000 0000 0000 0000 0000 0000 0000 0000 0000 0000 0000 0000 0000 0000 0000 0000 0000 0000 0000 0000 0000 0000 0000 0000 0000 0000 0000 0000 0000 0000 0000 0000 0000 0000 0000 0000 0000 0000 0000 0000 0000 0000 0000 0000 0000 0000 0000 0000 0000 0000 0000 0000 0000 0000 0000 0000 0000 0000 0000 0000 0000 0000 0000 0000 0000 0000 0000 0000 0000 0000 0000 0000 0000 0000 0000 0000 0000 0000 0000 0000 0000 0000 0000 0000 0000 0000 0000 0000 0000 0000 0000 0000 0000 0000 0000 0000 0000 0000 0000 0000 0000 0000 0000 0000 0000 0000 0000 0000 0000 0000 0000 0000 0000 0000 0000 0000 0000 0000 0000 0000 0000 0000 0000 0000 0000 0000 0000 0000 0000 0000 0000 0000 0000 0000 0000 0000 0000 0000 0000 0000 0000 0000 0000 0000 0000 0000 0000 0000 0000 0000 0000 0000 0000 0000 0000 0000 0000 0000 0000 0000 0000 0000 0000 0000 0000 0000 0000 0000 0000 0000 0000 0000 0000 0000 0000 0000 0000 0000 0000 0000 0000 0000 0000 0000 0000 0000 0000 0000 0000 0000 0000 0000 0000 0000 0000 0000 0000 0000 0000 0000 0000 0000 0000 0000 0000 0000 0000 0000 0000 0000 0000 0000 0000 0000 0000 0000 0000 0000 0000 0000 
[0;32mI (49905) SPI_SLAVE: pushed into queue[0m

[0;32mI (49905) MQTT_TASK: Read from queue[0m
[0;32mI (50745) SPI_SLAVE: Expected: 720 bytes, Got: 720 bytes[0m
[0;32mI (50745) SPI_SLAVE: Received uint16_t data:[0m
0000 0000 0000 0000 0000 0000 0000 0000 0000 0000 0000 0000 0000 0000 0000 0000 0000 0000 0000 0000 0000 0000 0000 0000 0000 0000 0000 0000 0000 0000 0000 0000 0000 0000 0000 0000 0000 0000 0000 0000 0000 0000 0000 0000 0000 0000 0000 0000 0000 0000 0000 0000 0000 0000 0000 0000 0000 0000 0000 0000 0000 0000 0000 0000 0000 0000 0000 0000 0000 0000 0000 0000 0000 0000 0000 0000 0000 0000 0000 0000 0000 0000 0000 0000 0000 0000 0000 0000 0000 0000 0000 0000 0000 0000 0000 0000 0000 0000 0000 0000 0000 0000 0000 0000 0000 0000 0000 0000 0000 0000 0000 0000 0000 0000 0000 0000 0000 0000 0000 0000 0000 0000 0000 0000 0000 0000 0000 0000 0000 0000 0000 0000 0000 0000 0000 0000 0000 0000 0000 0000 0000 0000 0000 0000 0000 0000 0000 0000 0000 0000 0000 0000 0000 0000 0000 0000 0000 0000 0000 0000 0000 0000 0000 0000 0000 0000 0000 0000 0000 0000 0000 0000 0000 0000 0000 0000 0000 0000 0000 0000 0000 0000 0000 0000 0000 0000 0000 0000 0000 0000 0000 0000 0000 0000 0000 0000 0000 0000 0000 0000 0000 0000 0000 0000 0000 0000 0000 0000 0000 0000 0000 0000 0000 0000 0000 0000 0000 0000 0000 0000 0000 0000 0000 0000 0000 0000 0000 0000 0000 0000 0000 0000 0000 0000 0000 0000 0000 0000 0000 0000 0000 0000 0000 0000 0000 0000 0000 0000 0000 0000 0000 0000 0000 0000 0000 0000 0000 0000 0000 0000 0000 0000 0000 0000 0000 0000 0000 0000 0000 0000 0000 0000 0000 0000 0000 0000 0000 0000 0000 0000 0000 0000 0000 0000 0000 0000 0000 0000 0000 0000 0000 0000 0000 0000 0000 0000 0000 0000 0000 0000 0000 0000 0000 0000 0000 0000 0000 0000 0000 0000 0000 0000 0000 0000 0000 0000 0000 0000 0000 0000 0000 0000 0000 0000 0000 0000 0000 0000 0000 0000 0000 0000 0000 0000 0000 0000 0000 0000 0000 0000 0000 0000 0000 0000 0000 0000 0000 0000 0000 0000 0000 0000 0000 0000 0000 0000 0000 0000 0000 0000 
[0;32mI (50905) SPI_SLAVE: pushed into queue[0m

[0;32mI (50905) MQTT_TASK: Read from queue[0m
[0;32mI (51745) SPI_SLAVE: Expected: 720 bytes, Got: 720 bytes[0m
[0;32mI (51745) SPI_SLAVE: Received uint16_t data:[0m
0000 0000 0000 0000 0000 0000 0000 0000 0000 0000 0000 0000 0000 0000 0000 0000 0000 0000 0000 0000 0000 0000 0000 0000 0000 0000 0000 0000 0000 0000 0000 0000 0000 0000 0000 0000 0000 0000 0000 0000 0000 0000 0000 0000 0000 0000 0000 0000 0000 0000 0000 0000 0000 0000 0000 0000 0000 0000 0000 0000 0000 0000 0000 0000 0000 0000 0000 0000 0000 0000 0000 0000 0000 0000 0000 0000 0000 0000 0000 0000 0000 0000 0000 0000 0000 0000 0000 0000 0000 0000 0000 0000 0000 0000 0000 0000 0000 0000 0000 0000 0000 0000 0000 0000 0000 0000 0000 0000 0000 0000 0000 0000 0000 0000 0000 0000 0000 0000 0000 0000 0000 0000 0000 0000 0000 0000 0000 0000 0000 0000 0000 0000 0000 0000 0000 0000 0000 0000 0000 0000 0000 0000 0000 0000 0000 0000 0000 0000 0000 0000 0000 0000 0000 0000 0000 0000 0000 0000 0000 0000 0000 0000 0000 0000 0000 0000 0000 0000 0000 0000 0000 0000 0000 0000 0000 0000 0000 0000 0000 0000 0000 0000 0000 0000 0000 0000 0000 0000 0000 0000 0000 0000 0000 0000 0000 0000 0000 0000 0000 0000 0000 0000 0000 0000 0000 0000 0000 0000 0000 0000 0000 0000 0000 0000 0000 0000 0000 0000 0000 0000 0000 0000 0000 0000 0000 0000 0000 0000 0000 0000 0000 0000 0000 0000 0000 0000 0000 0000 0000 0000 0000 0000 0000 0000 0000 0000 0000 0000 0000 0000 0000 0000 0000 0000 0000 0000 0000 0000 0000 0000 0000 0000 0000 0000 0000 0000 0000 0000 0000 0000 0000 0000 0000 0000 0000 0000 0000 0000 0000 0000 0000 0000 0000 0000 0000 0000 0000 0000 0000 0000 0000 0000 0000 0000 0000 0000 0000 0000 0000 0000 0000 0000 0000 0000 0000 0000 0000 0000 0000 0000 0000 0000 0000 0000 0000 0000 0000 0000 0000 0000 0000 0000 0000 0000 0000 0000 0000 0000 0000 0000 0000 0000 0000 0000 0000 0000 0000 0000 0000 0000 0000 0000 0000 0000 0000 0000 0000 0000 0000 0000 0000 0000 0000 0000 0000 0000 0000 0000 0000 0000 
[0;32mI (51905) SPI_SLAVE: pushed into queue[0m

[0;32mI (51905) MQTT_TASK: Read from queue[0m
[0;32mI (52745) SPI_SLAVE: Expected: 720 bytes, Got: 720 bytes[0m
[0;32mI (52745) SPI_SLAVE: Received uint16_t data:[0m
0000 0000 0000 0000 0000 0000 0000 0000 0000 0000 0000 0000 0000 0000 0000 0000 0000 0000 0000 0000 0000 0000 0000 0000 0000 0000 0000 0000 0000 0000 0000 0000 0000 0000 0000 0000 0000 0000 0000 0000 0000 0000 0000 0000 0000 0000 0000 0000 0000 0000 0000 0000 0000 0000 0000 0000 0000 0000 0000 0000 0000 0000 0000 0000 0000 0000 0000 0000 0000 0000 0000 0000 0000 0000 0000 0000 0000 0000 0000 0000 0000 0000 0000 0000 0000 0000 0000 0000 0000 0000 0000 0000 0000 0000 0000 0000 0000 0000 0000 0000 0000 0000 0000 0000 0000 0000 0000 0000 0000 0000 0000 0000 0000 0000 0000 0000 0000 0000 0000 0000 0000 0000 0000 0000 0000 0000 0000 0000 0000 0000 0000 0000 0000 0000 0000 0000 0000 0000 0000 0000 0000 0000 0000 0000 0000 0000 0000 0000 0000 0000 0000 0000 0000 0000 0000 0000 0000 0000 0000 0000 0000 0000 0000 0000 0000 0000 0000 0000 0000 0000 0000 0000 0000 0000 0000 0000 0000 0000 0000 0000 0000 0000 0000 0000 0000 0000 0000 0000 0000 0000 0000 0000 0000 0000 0000 0000 0000 0000 0000 0000 0000 0000 0000 0000 0000 0000 0000 0000 0000 0000 0000 0000 0000 0000 0000 0000 0000 0000 0000 0000 0000 0000 0000 0000 0000 0000 0000 0000 0000 0000 0000 0000 0000 0000 0000 0000 0000 0000 0000 0000 0000 0000 0000 0000 0000 0000 0000 0000 0000 0000 0000 0000 0000 0000 0000 0000 0000 0000 0000 0000 0000 0000 0000 0000 0000 0000 0000 0000 0000 0000 0000 0000 0000 0000 0000 0000 0000 0000 0000 0000 0000 0000 0000 0000 0000 0000 0000 0000 0000 0000 0000 0000 0000 0000 0000 0000 0000 0000 0000 0000 0000 0000 0000 0000 0000 0000 0000 0000 0000 0000 0000 0000 0000 0000 0000 0000 0000 0000 0000 0000 0000 0000 0000 0000 0000 0000 0000 0000 0000 0000 0000 0000 0000 0000 0000 0000 0000 0000 0000 0000 0000 0000 0000 0000 0000 0000 0000 0000 0000 0000 0000 0000 0000 0000 0000 0000 0000 0000 0000 0000 
[0;32mI (52905) SPI_SLAVE: pushed into queue[0m

[0;32mI (52905) MQTT_TASK: Read from queue[0m
[0;32mI (53745) SPI_SLAVE: Expected: 720 bytes, Got: 720 bytes[0m
[0;32mI (53745) SPI_SLAVE: Received uint16_t data:[0m
0000 0000 0000 0000 0000 0000 0000 0000 0000 0000 0000 0000 0000 0000 0000 0000 0000 0000 0000 0000 0000 0000 0000 0000 0000 0000 0000 0000 0000 0000 0000 0000 0000 0000 0000 0000 0000 0000 0000 0000 0000 0000 0000 0000 0000 0000 0000 0000 0000 0000 0000 0000 0000 0000 0000 0000 0000 0000 0000 0000 0000 0000 0000 0000 0000 0000 0000 0000 0000 0000 0000 0000 0000 0000 0000 0000 0000 0000 0000 0000 0000 0000 0000 0000 0000 0000 0000 0000 0000 0000 0000 0000 0000 0000 0000 0000 0000 0000 0000 0000 0000 0000 0000 0000 0000 0000 0000 0000 0000 0000 0000 0000 0000 0000 0000 0000 0000 0000 0000 0000 0000 0000 0000 0000 0000 0000 0000 0000 0000 0000 0000 0000 0000 0000 0000 0000 0000 0000 0000 0000 0000 0000 0000 0000 0000 0000 0000 0000 0000 0000 0000 0000 0000 0000 0000 0000 0000 0000 0000 0000 0000 0000 0000 0000 0000 0000 0000 0000 0000 0000 0000 0000 0000 0000 0000 0000 0000 0000 0000 0000 0000 0000 0000 0000 0000 0000 0000 0000 0000 0000 0000 0000 0000 0000 0000 0000 0000 0000 0000 0000 0000 0000 0000 0000 0000 0000 0000 0000 0000 0000 0000 0000 0000 0000 0000 0000 0000 0000 0000 0000 0000 0000 0000 0000 0000 0000 0000 0000 0000 0000 0000 0000 0000 0000 0000 0000 0000 0000 0000 0000 0000 0000 0000 0000 0000 0000 0000 0000 0000 0000 0000 0000 0000 0000 0000 0000 0000 0000 0000 0000 0000 0000 0000 0000 0000 0000 0000 0000 0000 0000 0000 0000 0000 0000 0000 0000 0000 0000 0000 0000 0000 0000 0000 0000 0000 0000 0000 0000 0000 0000 0000 0000 0000 0000 0000 0000 0000 0000 0000 0000 0000 0000 0000 0000 0000 0000 0000 0000 0000 0000 0000 0000 0000 0000 0000 0000 0000 0000 0000 0000 0000 0000 0000 0000 0000 0000 0000 0000 0000 0000 0000 0000 0000 0000 0000 0000 0000 0000 0000 0000 0000 0000 0000 0000 0000 0000 0000 0000 0000 0000 0000 0000 0000 0000 0000 0000 0000 0000 0000 0000 
[0;32mI (53905) SPI_SLAVE: pushed into queue[0m

[0;32mI (53905) MQTT_TASK: Read from queue[0m
[0;32mI (54745) SPI_SLAVE: Expected: 720 bytes, Got: 720 bytes[0m
[0;32mI (54745) SPI_SLAVE: Received uint16_t data:[0m
0000 0000 0000 0000 0000 0000 0000 0000 0000 0000 0000 0000 0000 0000 0000 0000 0000 0000 0000 0000 0000 0000 0000 0000 0000 0000 0000 0000 0000 0000 0000 0000 0000 0000 0000 0000 0000 0000 0000 0000 0000 0000 0000 0000 0000 0000 0000 0000 0000 0000 0000 0000 0000 0000 0000 0000 0000 0000 0000 0000 0000 0000 0000 0000 0000 0000 0000 0000 0000 0000 0000 0000 0000 0000 0000 0000 0000 0000 0000 0000 0000 0000 0000 0000 0000 0000 0000 0000 0000 0000 0000 0000 0000 0000 0000 0000 0000 0000 0000 0000 0000 0000 0000 0000 0000 0000 0000 0000 0000 0000 0000 0000 0000 0000 0000 0000 0000 0000 0000 0000 0000 0000 0000 0000 0000 0000 0000 0000 0000 0000 0000 0000 0000 0000 0000 0000 0000 0000 0000 0000 0000 0000 0000 0000 0000 0000 0000 0000 0000 0000 0000 0000 0000 0000 0000 0000 0000 0000 0000 0000 0000 0000 0000 0000 0000 0000 0000 0000 0000 0000 0000 0000 0000 0000 0000 0000 0000 0000 0000 0000 0000 0000 0000 0000 0000 0000 0000 0000 0000 0000 0000 0000 0000 0000 0000 0000 0000 0000 0000 0000 0000 0000 0000 0000 0000 0000 0000 0000 0000 0000 0000 0000 0000 0000 0000 0000 0000 0000 0000 0000 0000 0000 0000 0000 0000 0000 0000 0000 0000 0000 0000 0000 0000 0000 0000 0000 0000 0000 0000 0000 0000 0000 0000 0000 0000 0000 0000 0000 0000 0000 0000 0000 0000 0000 0000 0000 0000 0000 0000 0000 0000 0000 0000 0000 0000 0000 0000 0000 0000 0000 0000 0000 0000 0000 0000 0000 0000 0000 0000 0000 0000 0000 0000 0000 0000 0000 0000 0000 0000 0000 0000 0000 0000 0000 0000 0000 0000 0000 0000 0000 0000 0000 0000 0000 0000 0000 0000 0000 0000 0000 0000 0000 0000 0000 0000 0000 0000 0000 0000 0000 0000 0000 0000 0000 0000 0000 0000 0000 0000 0000 0000 0000 0000 0000 0000 0000 0000 0000 0000 0000 0000 0000 0000 0000 0000 0000 0000 0000 0000 0000 0000 0000 0000 0000 0000 0000 0000 0000 0000 0000 
[0;32mI (54905) SPI_SLAVE: pushed into queue[0m

[0;32mI (54905) MQTT_TASK: Read from queue[0m
[0;32mI (55745) SPI_SLAVE: Expected: 720 bytes, Got: 720 bytes[0m
[0;32mI (55745) SPI_SLAVE: Received uint16_t data:[0m
0000 0000 0000 0000 0000 0000 0000 0000 0000 0000 0000 0000 0000 0000 0000 0000 0000 0000 0000 0000 0000 0000 0000 0000 0000 0000 0000 0000 0000 0000 0000 0000 0000 0000 0000 0000 0000 0000 0000 0000 0000 0000 0000 0000 0000 0000 0000 0000 0000 0000 0000 0000 0000 0000 0000 0000 0000 0000 0000 0000 0000 0000 0000 0000 0000 0000 0000 0000 0000 0000 0000 0000 0000 0000 0000 0000 0000 0000 0000 0000 0000 0000 0000 0000 0000 0000 0000 0000 0000 0000 0000 0000 0000 0000 0000 0000 0000 0000 0000 0000 0000 0000 0000 0000 0000 0000 0000 0000 0000 0000 0000 0000 0000 0000 0000 0000 0000 0000 0000 0000 0000 0000 0000 0000 0000 0000 0000 0000 0000 0000 0000 0000 0000 0000 0000 0000 0000 0000 0000 0000 0000 0000 0000 0000 0000 0000 0000 0000 0000 0000 0000 0000 0000 0000 0000 0000 0000 0000 0000 0000 0000 0000 0000 0000 0000 0000 0000 0000 0000 0000 0000 0000 0000 0000 0000 0000 0000 0000 0000 0000 0000 0000 0000 0000 0000 0000 0000 0000 0000 0000 0000 0000 0000 0000 0000 0000 0000 0000 0000 0000 0000 0000 0000 0000 0000 0000 0000 0000 0000 0000 0000 0000 0000 0000 0000 0000 0000 0000 0000 0000 0000 0000 0000 0000 0000 0000 0000 0000 0000 0000 0000 0000 0000 0000 0000 0000 0000 0000 0000 0000 0000 0000 0000 0000 0000 0000 0000 0000 0000 0000 0000 0000 0000 0000 0000 0000 0000 0000 0000 0000 0000 0000 0000 0000 0000 0000 0000 0000 0000 0000 0000 0000 0000 0000 0000 0000 0000 0000 0000 0000 0000 0000 0000 0000 0000 0000 0000 0000 0000 0000 0000 0000 0000 0000 0000 0000 0000 0000 0000 0000 0000 0000 0000 0000 0000 0000 0000 0000 0000 0000 0000 0000 0000 0000 0000 0000 0000 0000 0000 0000 0000 0000 0000 0000 0000 0000 0000 0000 0000 0000 0000 0000 0000 0000 0000 0000 0000 0000 0000 0000 0000 0000 0000 0000 0000 0000 0000 0000 0000 0000 0000 0000 0000 0000 0000 0000 0000 0000 0000 0000 
[0;32mI (55905) SPI_SLAVE: pushed into queue[0m

[0;32mI (55905) MQTT_TASK: Read from queue[0m
[0;32mI (56745) SPI_SLAVE: Expected: 720 bytes, Got: 720 bytes[0m
[0;32mI (56745) SPI_SLAVE: Received uint16_t data:[0m
0000 0000 0000 0000 0000 0000 0000 0000 0000 0000 0000 0000 0000 0000 0000 0000 0000 0000 0000 0000 0000 0000 0000 0000 0000 0000 0000 0000 0000 0000 0000 0000 0000 0000 0000 0000 0000 0000 0000 0000 0000 0000 0000 0000 0000 0000 0000 0000 0000 0000 0000 0000 0000 0000 0000 0000 0000 0000 0000 0000 0000 0000 0000 0000 0000 0000 0000 0000 0000 0000 0000 0000 0000 0000 0000 0000 0000 0000 0000 0000 0000 0000 0000 0000 0000 0000 0000 0000 0000 0000 0000 0000 0000 0000 0000 0000 0000 0000 0000 0000 0000 0000 0000 0000 0000 0000 0000 0000 0000 0000 0000 0000 0000 0000 0000 0000 0000 0000 0000 0000 0000 0000 0000 0000 0000 0000 0000 0000 0000 0000 0000 0000 0000 0000 0000 0000 0000 0000 0000 0000 0000 0000 0000 0000 0000 0000 0000 0000 0000 0000 0000 0000 0000 0000 0000 0000 0000 0000 0000 0000 0000 0000 0000 0000 0000 0000 0000 0000 0000 0000 0000 0000 0000 0000 0000 0000 0000 0000 0000 0000 0000 0000 0000 0000 0000 0000 0000 0000 0000 0000 0000 0000 0000 0000 0000 0000 0000 0000 0000 0000 0000 0000 0000 0000 0000 0000 0000 0000 0000 0000 0000 0000 0000 0000 0000 0000 0000 0000 0000 0000 0000 0000 0000 0000 0000 0000 0000 0000 0000 0000 0000 0000 0000 0000 0000 0000 0000 0000 0000 0000 0000 0000 0000 0000 0000 0000 0000 0000 0000 0000 0000 0000 0000 0000 0000 0000 0000 0000 0000 0000 0000 0000 0000 0000 0000 0000 0000 0000 0000 0000 0000 0000 0000 0000 0000 0000 0000 0000 0000 0000 0000 0000 0000 0000 0000 0000 0000 0000 0000 0000 0000 0000 0000 0000 0000 0000 0000 0000 0000 0000 0000 0000 0000 0000 0000 0000 0000 0000 0000 0000 0000 0000 0000 0000 0000 0000 0000 0000 0000 0000 0000 0000 0000 0000 0000 0000 0000 0000 0000 0000 0000 0000 0000 0000 0000 0000 0000 0000 0000 0000 0000 0000 0000 0000 0000 0000 0000 0000 0000 0000 0000 0000 0000 0000 0000 0000 0000 0000 0000 0000 
[0;32mI (56905) SPI_SLAVE: pushed into queue[0m

[0;32mI (56905) MQTT_TASK: Read from queue[0m
[0;32mI (57345) MQTT_CLIENT: Unhandled event id: 7[0m
[1;31mE (57345) esp-tls: [sock=54] connect() error: Host is unreachable[0m
[1;31mE (57345) transport_base: Failed to open a new connection: 32772[0m
[1;31mE (57345) mqtt_client: Error transport connect[0m
[0;32mI (57345) MQTT_CLIENT: MQTT_EVENT_ERROR[0m
[0;32mI (57355) MQTT_CLIENT: MQTT_EVENT_DISCONNECTED[0m
[0;32mI (57745) SPI_SLAVE: Expected: 720 bytes, Got: 720 bytes[0m
[0;32mI (57745) SPI_SLAVE: Received uint16_t data:[0m
0000 0000 0000 0000 0000 0000 0000 0000 0000 0000 0000 0000 0000 0000 0000 0000 0000 0000 0000 0000 0000 0000 0000 0000 0000 0000 0000 0000 0000 0000 0000 0000 0000 0000 0000 0000 0000 0000 0000 0000 0000 0000 0000 0000 0000 0000 0000 0000 0000 0000 0000 0000 0000 0000 0000 0000 0000 0000 0000 0000 0000 0000 0000 0000 0000 0000 0000 0000 0000 0000 0000 0000 0000 0000 0000 0000 0000 0000 0000 0000 0000 0000 0000 0000 0000 0000 0000 0000 0000 0000 0000 0000 0000 0000 0000 0000 0000 0000 0000 0000 0000 0000 0000 0000 0000 0000 0000 0000 0000 0000 0000 0000 0000 0000 0000 0000 0000 0000 0000 0000 0000 0000 0000 0000 0000 0000 0000 0000 0000 0000 0000 0000 0000 0000 0000 0000 0000 0000 0000 0000 0000 0000 0000 0000 0000 0000 0000 0000 0000 0000 0000 0000 0000 0000 0000 0000 0000 0000 0000 0000 0000 0000 0000 0000 0000 0000 0000 0000 0000 0000 0000 0000 0000 0000 0000 0000 0000 0000 0000 0000 0000 0000 0000 0000 0000 0000 0000 0000 0000 0000 0000 0000 0000 0000 0000 0000 0000 0000 0000 0000 0000 0000 0000 0000 0000 0000 0000 0000 0000 0000 0000 0000 0000 0000 0000 0000 0000 0000 0000 0000 0000 0000 0000 0000 0000 0000 0000 0000 0000 0000 0000 0000 0000 0000 0000 0000 0000 0000 0000 0000 0000 0000 0000 0000 0000 0000 0000 0000 0000 0000 0000 0000 0000 0000 0000 0000 0000 0000 0000 0000 0000 0000 0000 0000 0000 0000 0000 0000 0000 0000 0000 0000 0000 0000 0000 0000 0000 0000 0000 0000 0000 0000 0000 0000 0000 0000 0000 0000 0000 0000 0000 0000 0000 0000 0000 0000 0000 0000 0000 0000 0000 0000 0000 0000 0000 0000 0000 0000 0000 0000 0000 0000 0000 0000 0000 0000 0000 0000 0000 0000 0000 0000 0000 0000 0000 0000 0000 0000 0000 0000 0000 0000 0000 0000 0000 0000 0000 0000 0000 0000 0000 0000 0000 0000 0000 0000 0000 0000 0000 0000 0000 0000 0000 0000 0000 0000 0000 0000 0000 0000 
[0;32mI (57905) SPI_SLAVE: pushed into queue[0m

[0;32mI (57905) MQTT_TASK: Read from queue[0m
[0;32mI (58745) SPI_SLAVE: Expected: 720 bytes, Got: 720 bytes[0m
[0;32mI (58745) SPI_SLAVE: Received uint16_t data:[0m
0000 0000 0000 0000 0000 0000 0000 0000 0000 0000 0000 0000 0000 0000 0000 0000 0000 0000 0000 0000 0000 0000 0000 0000 0000 0000 0000 0000 0000 0000 0000 0000 0000 0000 0000 0000 0000 0000 0000 0000 0000 0000 0000 0000 0000 0000 0000 0000 0000 0000 0000 0000 0000 0000 0000 0000 0000 0000 0000 0000 0000 0000 0000 0000 0000 0000 0000 0000 0000 0000 0000 0000 0000 0000 0000 0000 0000 0000 0000 0000 0000 0000 0000 0000 0000 0000 0000 0000 0000 0000 0000 0000 0000 0000 0000 0000 0000 0000 0000 0000 0000 0000 0000 0000 0000 0000 0000 0000 0000 0000 0000 0000 0000 0000 0000 0000 0000 0000 0000 0000 0000 0000 0000 0000 0000 0000 0000 0000 0000 0000 0000 0000 0000 0000 0000 0000 0000 0000 0000 0000 0000 0000 0000 0000 0000 0000 0000 0000 0000 0000 0000 0000 0000 0000 0000 0000 0000 0000 0000 0000 0000 0000 0000 0000 0000 0000 0000 0000 0000 0000 0000 0000 0000 0000 0000 0000 0000 0000 0000 0000 0000 0000 0000 0000 0000 0000 0000 0000 0000 0000 0000 0000 0000 0000 0000 0000 0000 0000 0000 0000 0000 0000 0000 0000 0000 0000 0000 0000 0000 0000 0000 0000 0000 0000 0000 0000 0000 0000 0000 0000 0000 0000 0000 0000 0000 0000 0000 0000 0000 0000 0000 0000 0000 0000 0000 0000 0000 0000 0000 0000 0000 0000 0000 0000 0000 0000 0000 0000 0000 0000 0000 0000 0000 0000 0000 0000 0000 0000 0000 0000 0000 0000 0000 0000 0000 0000 0000 0000 0000 0000 0000 0000 0000 0000 0000 0000 0000 0000 0000 0000 0000 0000 0000 0000 0000 0000 0000 0000 0000 0000 0000 0000 0000 0000 0000 0000 0000 0000 0000 0000 0000 0000 0000 0000 0000 0000 0000 0000 0000 0000 0000 0000 0000 0000 0000 0000 0000 0000 0000 0000 0000 0000 0000 0000 0000 0000 0000 0000 0000 0000 0000 0000 0000 0000 0000 0000 0000 0000 0000 0000 0000 0000 0000 0000 0000 0000 0000 0000 0000 0000 0000 0000 0000 0000 0000 0000 0000 0000 0000 0000 
[0;32mI (58905) SPI_SLAVE: pushed into queue[0m

[0;32mI (58905) MQTT_TASK: Read from queue[0m
[0;32mI (59745) SPI_SLAVE: Expected: 720 bytes, Got: 720 bytes[0m
[0;32mI (59745) SPI_SLAVE: Received uint16_t data:[0m
0000 0000 0000 0000 0000 0000 0000 0000 0000 0000 0000 0000 0000 0000 0000 0000 0000 0000 0000 0000 0000 0000 0000 0000 0000 0000 0000 0000 0000 0000 0000 0000 0000 0000 0000 0000 0000 0000 0000 0000 0000 0000 0000 0000 0000 0000 0000 0000 0000 0000 0000 0000 0000 0000 0000 0000 0000 0000 0000 0000 0000 0000 0000 0000 0000 0000 0000 0000 0000 0000 0000 0000 0000 0000 0000 0000 0000 0000 0000 0000 0000 0000 0000 0000 0000 0000 0000 0000 0000 0000 0000 0000 0000 0000 0000 0000 0000 0000 0000 0000 0000 0000 0000 0000 0000 0000 0000 0000 0000 0000 0000 0000 0000 0000 0000 0000 0000 0000 0000 0000 0000 0000 0000 0000 0000 0000 0000 0000 0000 0000 0000 0000 0000 0000 0000 0000 0000 0000 0000 0000 0000 0000 0000 0000 0000 0000 0000 0000 0000 0000 0000 0000 0000 0000 0000 0000 0000 0000 0000 0000 0000 0000 0000 0000 0000 0000 0000 0000 0000 0000 0000 0000 0000 0000 0000 0000 0000 0000 0000 0000 0000 0000 0000 0000 0000 0000 0000 0000 0000 0000 0000 0000 0000 0000 0000 0000 0000 0000 0000 0000 0000 0000 0000 0000 0000 0000 0000 0000 0000 0000 0000 0000 0000 0000 0000 0000 0000 0000 0000 0000 0000 0000 0000 0000 0000 0000 0000 0000 0000 0000 0000 0000 0000 0000 0000 0000 0000 0000 0000 0000 0000 0000 0000 0000 0000 0000 0000 0000 0000 0000 0000 0000 0000 0000 0000 0000 0000 0000 0000 0000 0000 0000 0000 0000 0000 0000 0000 0000 0000 0000 0000 0000 0000 0000 0000 0000 0000 0000 0000 0000 0000 0000 0000 0000 0000 0000 0000 0000 0000 0000 0000 0000 0000 0000 0000 0000 0000 0000 0000 0000 0000 0000 0000 0000 0000 0000 0000 0000 0000 0000 0000 0000 0000 0000 0000 0000 0000 0000 0000 0000 0000 0000 0000 0000 0000 0000 0000 0000 0000 0000 0000 0000 0000 0000 0000 0000 0000 0000 0000 0000 0000 0000 0000 0000 0000 0000 0000 0000 0000 0000 0000 0000 0000 0000 0000 0000 0000 0000 0000 0000 
[0;32mI (59905) SPI_SLAVE: pushed into queue[0m

[0;32mI (59905) MQTT_TASK: Read from queue[0m
[0;32mI (60745) SPI_SLAVE: Expected: 720 bytes, Got: 720 bytes[0m
[0;32mI (60745) SPI_SLAVE: Received uint16_t data:[0m
0000 0000 0000 0000 0000 0000 0000 0000 0000 0000 0000 0000 0000 0000 0000 0000 0000 0000 0000 0000 0000 0000 0000 0000 0000 0000 0000 0000 0000 0000 0000 0000 0000 0000 0000 0000 0000 0000 0000 0000 0000 0000 0000 0000 0000 0000 0000 0000 0000 0000 0000 0000 0000 0000 0000 0000 0000 0000 0000 0000 0000 0000 0000 0000 0000 0000 0000 0000 0000 0000 0000 0000 0000 0000 0000 0000 0000 0000 0000 0000 0000 0000 0000 0000 0000 0000 0000 0000 0000 0000 0000 0000 0000 0000 0000 0000 0000 0000 0000 0000 0000 0000 0000 0000 0000 0000 0000 0000 0000 0000 0000 0000 0000 0000 0000 0000 0000 0000 0000 0000 0000 0000 0000 0000 0000 0000 0000 0000 0000 0000 0000 0000 0000 0000 0000 0000 0000 0000 0000 0000 0000 0000 0000 0000 0000 0000 0000 0000 0000 0000 0000 0000 0000 0000 0000 0000 0000 0000 0000 0000 0000 0000 0000 0000 0000 0000 0000 0000 0000 0000 0000 0000 0000 0000 0000 0000 0000 0000 0000 0000 0000 0000 0000 0000 0000 0000 0000 0000 0000 0000 0000 0000 0000 0000 0000 0000 0000 0000 0000 0000 0000 0000 0000 0000 0000 0000 0000 0000 0000 0000 0000 0000 0000 0000 0000 0000 0000 0000 0000 0000 0000 0000 0000 0000 0000 0000 0000 0000 0000 0000 0000 0000 0000 0000 0000 0000 0000 0000 0000 0000 0000 0000 0000 0000 0000 0000 0000 0000 0000 0000 0000 0000 0000 0000 0000 0000 0000 0000 0000 0000 0000 0000 0000 0000 0000 0000 0000 0000 0000 0000 0000 0000 0000 0000 0000 0000 0000 0000 0000 0000 0000 0000 0000 0000 0000 0000 0000 0000 0000 0000 0000 0000 0000 0000 0000 0000 0000 0000 0000 0000 0000 0000 0000 0000 0000 0000 0000 0000 0000 0000 0000 0000 0000 0000 0000 0000 0000 0000 0000 0000 0000 0000 0000 0000 0000 0000 0000 0000 0000 0000 0000 0000 0000 0000 0000 0000 0000 0000 0000 0000 0000 0000 0000 0000 0000 0000 0000 0000 0000 0000 0000 0000 0000 0000 0000 0000 0000 0000 0000 0000 
[0;32mI (60905) SPI_SLAVE: pushed into queue[0m

[0;32mI (60905) MQTT_TASK: Read from queue[0m
[0;32mI (61745) SPI_SLAVE: Expected: 720 bytes, Got: 720 bytes[0m
[0;32mI (61745) SPI_SLAVE: Received uint16_t data:[0m
0000 0000 0000 0000 0000 0000 0000 0000 0000 0000 0000 0000 0000 0000 0000 0000 0000 0000 0000 0000 0000 0000 0000 0000 0000 0000 0000 0000 0000 0000 0000 0000 0000 0000 0000 0000 0000 0000 0000 0000 0000 0000 0000 0000 0000 0000 0000 0000 0000 0000 0000 0000 0000 0000 0000 0000 0000 0000 0000 0000 0000 0000 0000 0000 0000 0000 0000 0000 0000 0000 0000 0000 0000 0000 0000 0000 0000 0000 0000 0000 0000 0000 0000 0000 0000 0000 0000 0000 0000 0000 0000 0000 0000 0000 0000 0000 0000 0000 0000 0000 0000 0000 0000 0000 0000 0000 0000 0000 0000 0000 0000 0000 0000 0000 0000 0000 0000 0000 0000 0000 0000 0000 0000 0000 0000 0000 0000 0000 0000 0000 0000 0000 0000 0000 0000 0000 0000 0000 0000 0000 0000 0000 0000 0000 0000 0000 0000 0000 0000 0000 0000 0000 0000 0000 0000 0000 0000 0000 0000 0000 0000 0000 0000 0000 0000 0000 0000 0000 0000 0000 0000 0000 0000 0000 0000 0000 0000 0000 0000 0000 0000 0000 0000 0000 0000 0000 0000 0000 0000 0000 0000 0000 0000 0000 0000 0000 0000 0000 0000 0000 0000 0000 0000 0000 0000 0000 0000 0000 0000 0000 0000 0000 0000 0000 0000 0000 0000 0000 0000 0000 0000 0000 0000 0000 0000 0000 0000 0000 0000 0000 0000 0000 0000 0000 0000 0000 0000 0000 0000 0000 0000 0000 0000 0000 0000 0000 0000 0000 0000 0000 0000 0000 0000 0000 0000 0000 0000 0000 0000 0000 0000 0000 0000 0000 0000 0000 0000 0000 0000 0000 0000 0000 0000 0000 0000 0000 0000 0000 0000 0000 0000 0000 0000 0000 0000 0000 0000 0000 0000 0000 0000 0000 0000 0000 0000 0000 0000 0000 0000 0000 0000 0000 0000 0000 0000 0000 0000 0000 0000 0000 0000 0000 0000 0000 0000 0000 0000 0000 0000 0000 0000 0000 0000 0000 0000 0000 0000 0000 0000 0000 0000 0000 0000 0000 0000 0000 0000 0000 0000 0000 0000 0000 0000 0000 0000 0000 0000 0000 0000 0000 0000 0000 0000 0000 0000 0000 0000 0000 0000 0000 
[0;32mI (61905) SPI_SLAVE: pushed into queue[0m

[0;32mI (61905) MQTT_TASK: Read from queue[0m
[0;32mI (62745) SPI_SLAVE: Expected: 720 bytes, Got: 720 bytes[0m
[0;32mI (62745) SPI_SLAVE: Received uint16_t data:[0m
0000 0000 0000 0000 0000 0000 0000 0000 0000 0000 0000 0000 0000 0000 0000 0000 0000 0000 0000 0000 0000 0000 0000 0000 0000 0000 0000 0000 0000 0000 0000 0000 0000 0000 0000 0000 0000 0000 0000 0000 0000 0000 0000 0000 0000 0000 0000 0000 0000 0000 0000 0000 0000 0000 0000 0000 0000 0000 0000 0000 0000 0000 0000 0000 0000 0000 0000 0000 0000 0000 0000 0000 0000 0000 0000 0000 0000 0000 0000 0000 0000 0000 0000 0000 0000 0000 0000 0000 0000 0000 0000 0000 0000 0000 0000 0000 0000 0000 0000 0000 0000 0000 0000 0000 0000 0000 0000 0000 0000 0000 0000 0000 0000 0000 0000 0000 0000 0000 0000 0000 0000 0000 0000 0000 0000 0000 0000 0000 0000 0000 0000 0000 0000 0000 0000 0000 0000 0000 0000 0000 0000 0000 0000 0000 0000 0000 0000 0000 0000 0000 0000 0000 0000 0000 0000 0000 0000 0000 0000 0000 0000 0000 0000 0000 0000 0000 0000 0000 0000 0000 0000 0000 0000 0000 0000 0000 0000 0000 0000 0000 0000 0000 0000 0000 0000 0000 0000 0000 0000 0000 0000 0000 0000 0000 0000 0000 0000 0000 0000 0000 0000 0000 0000 0000 0000 0000 0000 0000 0000 0000 0000 0000 0000 0000 0000 0000 0000 0000 0000 0000 0000 0000 0000 0000 0000 0000 0000 0000 0000 0000 0000 0000 0000 0000 0000 0000 0000 0000 0000 0000 0000 0000 0000 0000 0000 0000 0000 0000 0000 0000 0000 0000 0000 0000 0000 0000 0000 0000 0000 0000 0000 0000 0000 0000 0000 0000 0000 0000 0000 0000 0000 0000 0000 0000 0000 0000 0000 0000 0000 0000 0000 0000 0000 0000 0000 0000 0000 0000 0000 0000 0000 0000 0000 0000 0000 0000 0000 0000 0000 0000 0000 0000 0000 0000 0000 0000 0000 0000 0000 0000 0000 0000 0000 0000 0000 0000 0000 0000 0000 0000 0000 0000 0000 0000 0000 0000 0000 0000 0000 0000 0000 0000 0000 0000 0000 0000 0000 0000 0000 0000 0000 0000 0000 0000 0000 0000 0000 0000 0000 0000 0000 0000 0000 0000 0000 0000 0000 0000 0000 0000 
[0;32mI (62905) SPI_SLAVE: pushed into queue[0m

[0;32mI (62905) MQTT_TASK: Read from queue[0m
[0;32mI (63745) SPI_SLAVE: Expected: 720 bytes, Got: 720 bytes[0m
[0;32mI (63745) SPI_SLAVE: Received uint16_t data:[0m
0000 0000 0000 0000 0000 0000 0000 0000 0000 0000 0000 0000 0000 0000 0000 0000 0000 0000 0000 0000 0000 0000 0000 0000 0000 0000 0000 0000 0000 0000 0000 0000 0000 0000 0000 0000 0000 0000 0000 0000 0000 0000 0000 0000 0000 0000 0000 0000 0000 0000 0000 0000 0000 0000 0000 0000 0000 0000 0000 0000 0000 0000 0000 0000 0000 0000 0000 0000 0000 0000 0000 0000 0000 0000 0000 0000 0000 0000 0000 0000 0000 0000 0000 0000 0000 0000 0000 0000 0000 0000 0000 0000 0000 0000 0000 0000 0000 0000 0000 0000 0000 0000 0000 0000 0000 0000 0000 0000 0000 0000 0000 0000 0000 0000 0000 0000 0000 0000 0000 0000 0000 0000 0000 0000 0000 0000 0000 0000 0000 0000 0000 0000 0000 0000 0000 0000 0000 0000 0000 0000 0000 0000 0000 0000 0000 0000 0000 0000 0000 0000 0000 0000 0000 0000 0000 0000 0000 0000 0000 0000 0000 0000 0000 0000 0000 0000 0000 0000 0000 0000 0000 0000 0000 0000 0000 0000 0000 0000 0000 0000 0000 0000 0000 0000 0000 0000 0000 0000 0000 0000 0000 0000 0000 0000 0000 0000 0000 0000 0000 0000 0000 0000 0000 0000 0000 0000 0000 0000 0000 0000 0000 0000 0000 0000 0000 0000 0000 0000 0000 0000 0000 0000 0000 0000 0000 0000 0000 0000 0000 0000 0000 0000 0000 0000 0000 0000 0000 0000 0000 0000 0000 0000 0000 0000 0000 0000 0000 0000 0000 0000 0000 0000 0000 0000 0000 0000 0000 0000 0000 0000 0000 0000 0000 0000 0000 0000 0000 0000 0000 0000 0000 0000 0000 0000 0000 0000 0000 0000 0000 0000 0000 0000 0000 0000 0000 0000 0000 0000 0000 0000 0000 0000 0000 0000 0000 0000 0000 0000 0000 0000 0000 0000 0000 0000 0000 0000 0000 0000 0000 0000 0000 0000 0000 0000 0000 0000 0000 0000 0000 0000 0000 0000 0000 0000 0000 0000 0000 0000 0000 0000 0000 0000 0000 0000 0000 0000 0000 0000 0000 0000 0000 0000 0000 0000 0000 0000 0000 0000 0000 0000 0000 0000 0000 0000 0000 0000 0000 0000 0000 0000 
[0;32mI (63905) SPI_SLAVE: pushed into queue[0m

[0;32mI (63905) MQTT_TASK: Read from queue[0m
[0;32mI (64745) SPI_SLAVE: Expected: 720 bytes, Got: 720 bytes[0m
[0;32mI (64745) SPI_SLAVE: Received uint16_t data:[0m
0000 0000 0000 0000 0000 0000 0000 0000 0000 0000 0000 0000 0000 0000 0000 0000 0000 0000 0000 0000 0000 0000 0000 0000 0000 0000 0000 0000 0000 0000 0000 0000 0000 0000 0000 0000 0000 0000 0000 0000 0000 0000 0000 0000 0000 0000 0000 0000 0000 0000 0000 0000 0000 0000 0000 0000 0000 0000 0000 0000 0000 0000 0000 0000 0000 0000 0000 0000 0000 0000 0000 0000 0000 0000 0000 0000 0000 0000 0000 0000 0000 0000 0000 0000 0000 0000 0000 0000 0000 0000 0000 0000 0000 0000 0000 0000 0000 0000 0000 0000 0000 0000 0000 0000 0000 0000 0000 0000 0000 0000 0000 0000 0000 0000 0000 0000 0000 0000 0000 0000 0000 0000 0000 0000 0000 0000 0000 0000 0000 0000 0000 0000 0000 0000 0000 0000 0000 0000 0000 0000 0000 0000 0000 0000 0000 0000 0000 0000 0000 0000 0000 0000 0000 0000 0000 0000 0000 0000 0000 0000 0000 0000 0000 0000 0000 0000 0000 0000 0000 0000 0000 0000 0000 0000 0000 0000 0000 0000 0000 0000 0000 0000 0000 0000 0000 0000 0000 0000 0000 0000 0000 0000 0000 0000 0000 0000 0000 0000 0000 0000 0000 0000 0000 0000 0000 0000 0000 0000 0000 0000 0000 0000 0000 0000 0000 0000 0000 0000 0000 0000 0000 0000 0000 0000 0000 0000 0000 0000 0000 0000 0000 0000 0000 0000 0000 0000 0000 0000 0000 0000 0000 0000 0000 0000 0000 0000 0000 0000 0000 0000 0000 0000 0000 0000 0000 0000 0000 0000 0000 0000 0000 0000 0000 0000 0000 0000 0000 0000 0000 0000 0000 0000 0000 0000 0000 0000 0000 0000 0000 0000 0000 0000 0000 0000 0000 0000 0000 0000 0000 0000 0000 0000 0000 0000 0000 0000 0000 0000 0000 0000 0000 0000 0000 0000 0000 0000 0000 0000 0000 0000 0000 0000 0000 0000 0000 0000 0000 0000 0000 0000 0000 0000 0000 0000 0000 0000 0000 0000 0000 0000 0000 0000 0000 0000 0000 0000 0000 0000 0000 0000 0000 0000 0000 0000 0000 0000 0000 0000 0000 0000 0000 0000 0000 0000 0000 0000 0000 0000 0000 0000 
[0;32mI (64905) SPI_SLAVE: pushed into queue[0m

[0;32mI (64905) MQTT_TASK: Read from queue[0m
[0;32mI (65745) SPI_SLAVE: Expected: 720 bytes, Got: 720 bytes[0m
[0;32mI (65745) SPI_SLAVE: Received uint16_t data:[0m
0000 0000 0000 0000 0000 0000 0000 0000 0000 0000 0000 0000 0000 0000 0000 0000 0000 0000 0000 0000 0000 0000 0000 0000 0000 0000 0000 0000 0000 0000 0000 0000 0000 0000 0000 0000 0000 0000 0000 0000 0000 0000 0000 0000 0000 0000 0000 0000 0000 0000 0000 0000 0000 0000 0000 0000 0000 0000 0000 0000 0000 0000 0000 0000 0000 0000 0000 0000 0000 0000 0000 0000 0000 0000 0000 0000 0000 0000 0000 0000 0000 0000 0000 0000 0000 0000 0000 0000 0000 0000 0000 0000 0000 0000 0000 0000 0000 0000 0000 0000 0000 0000 0000 0000 0000 0000 0000 0000 0000 0000 0000 0000 0000 0000 0000 0000 0000 0000 0000 0000 0000 0000 0000 0000 0000 0000 0000 0000 0000 0000 0000 0000 0000 0000 0000 0000 0000 0000 0000 0000 0000 0000 0000 0000 0000 0000 0000 0000 0000 0000 0000 0000 0000 0000 0000 0000 0000 0000 0000 0000 0000 0000 0000 0000 0000 0000 0000 0000 0000 0000 0000 0000 0000 0000 0000 0000 0000 0000 0000 0000 0000 0000 0000 0000 0000 0000 0000 0000 0000 0000 0000 0000 0000 0000 0000 0000 0000 0000 0000 0000 0000 0000 0000 0000 0000 0000 0000 0000 0000 0000 0000 0000 0000 0000 0000 0000 0000 0000 0000 0000 0000 0000 0000 0000 0000 0000 0000 0000 0000 0000 0000 0000 0000 0000 0000 0000 0000 0000 0000 0000 0000 0000 0000 0000 0000 0000 0000 0000 0000 0000 0000 0000 0000 0000 0000 0000 0000 0000 0000 0000 0000 0000 0000 0000 0000 0000 0000 0000 0000 0000 0000 0000 0000 0000 0000 0000 0000 0000 0000 0000 0000 0000 0000 0000 0000 0000 0000 0000 0000 0000 0000 0000 0000 0000 0000 0000 0000 0000 0000 0000 0000 0000 0000 0000 0000 0000 0000 0000 0000 0000 0000 0000 0000 0000 0000 0000 0000 0000 0000 0000 0000 0000 0000 0000 0000 0000 0000 0000 0000 0000 0000 0000 0000 0000 0000 0000 0000 0000 0000 0000 0000 0000 0000 0000 0000 0000 0000 0000 0000 0000 0000 0000 0000 0000 0000 0000 0000 0000 0000 0000 
[0;32mI (65905) SPI_SLAVE: pushed into queue[0m

[0;32mI (65905) MQTT_TASK: Read from queue[0m
[0;32mI (66745) SPI_SLAVE: Expected: 720 bytes, Got: 720 bytes[0m
[0;32mI (66745) SPI_SLAVE: Received uint16_t data:[0m
0000 0000 0000 0000 0000 0000 0000 0000 0000 0000 0000 0000 0000 0000 0000 0000 0000 0000 0000 0000 0000 0000 0000 0000 0000 0000 0000 0000 0000 0000 0000 0000 0000 0000 0000 0000 0000 0000 0000 0000 0000 0000 0000 0000 0000 0000 0000 0000 0000 0000 0000 0000 0000 0000 0000 0000 0000 0000 0000 0000 0000 0000 0000 0000 0000 0000 0000 0000 0000 0000 0000 0000 0000 0000 0000 0000 0000 0000 0000 0000 0000 0000 0000 0000 0000 0000 0000 0000 0000 0000 0000 0000 0000 0000 0000 0000 0000 0000 0000 0000 0000 0000 0000 0000 0000 0000 0000 0000 0000 0000 0000 0000 0000 0000 0000 0000 0000 0000 0000 0000 0000 0000 0000 0000 0000 0000 0000 0000 0000 0000 0000 0000 0000 0000 0000 0000 0000 0000 0000 0000 0000 0000 0000 0000 0000 0000 0000 0000 0000 0000 0000 0000 0000 0000 0000 0000 0000 0000 0000 0000 0000 0000 0000 0000 0000 0000 0000 0000 0000 0000 0000 0000 0000 0000 0000 0000 0000 0000 0000 0000 0000 0000 0000 0000 0000 0000 0000 0000 0000 0000 0000 0000 0000 0000 0000 0000 0000 0000 0000 0000 0000 0000 0000 0000 0000 0000 0000 0000 0000 0000 0000 0000 0000 0000 0000 0000 0000 0000 0000 0000 0000 0000 0000 0000 0000 0000 0000 0000 0000 0000 0000 0000 0000 0000 0000 0000 0000 0000 0000 0000 0000 0000 0000 0000 0000 0000 0000 0000 0000 0000 0000 0000 0000 0000 0000 0000 0000 0000 0000 0000 0000 0000 0000 0000 0000 0000 0000 0000 0000 0000 0000 0000 0000 0000 0000 0000 0000 0000 0000 0000 0000 0000 0000 0000 0000 0000 0000 0000 0000 0000 0000 0000 0000 0000 0000 0000 0000 0000 0000 0000 0000 0000 0000 0000 0000 0000 0000 0000 0000 0000 0000 0000 0000 0000 0000 0000 0000 0000 0000 0000 0000 0000 0000 0000 0000 0000 0000 0000 0000 0000 0000 0000 0000 0000 0000 0000 0000 0000 0000 0000 0000 0000 0000 0000 0000 0000 0000 0000 0000 0000 0000 0000 0000 0000 0000 0000 0000 0000 0000 0000 
[0;32mI (66905) SPI_SLAVE: pushed into queue[0m

[0;32mI (66905) MQTT_TASK: Read from queue[0m
[0;32mI (67745) SPI_SLAVE: Expected: 720 bytes, Got: 720 bytes[0m
[0;32mI (67745) SPI_SLAVE: Received uint16_t data:[0m
0000 0000 0000 0000 0000 0000 0000 0000 0000 0000 0000 0000 0000 0000 0000 0000 0000 0000 0000 0000 0000 0000 0000 0000 0000 0000 0000 0000 0000 0000 0000 0000 0000 0000 0000 0000 0000 0000 0000 0000 0000 0000 0000 0000 0000 0000 0000 0000 0000 0000 0000 0000 0000 0000 0000 0000 0000 0000 0000 0000 0000 0000 0000 0000 0000 0000 0000 0000 0000 0000 0000 0000 0000 0000 0000 0000 0000 0000 0000 0000 0000 0000 0000 0000 0000 0000 0000 0000 0000 0000 0000 0000 0000 0000 0000 0000 0000 0000 0000 0000 0000 0000 0000 0000 0000 0000 0000 0000 0000 0000 0000 0000 0000 0000 0000 0000 0000 0000 0000 0000 0000 0000 0000 0000 0000 0000 0000 0000 0000 0000 0000 0000 0000 0000 0000 0000 0000 0000 0000 0000 0000 0000 0000 0000 0000 0000 0000 0000 0000 0000 0000 0000 0000 0000 0000 0000 0000 0000 0000 0000 0000 0000 0000 0000 0000 0000 0000 0000 0000 0000 0000 0000 0000 0000 0000 0000 0000 0000 0000 0000 0000 0000 0000 0000 0000 0000 0000 0000 0000 0000 0000 0000 0000 0000 0000 0000 0000 0000 0000 0000 0000 0000 0000 0000 0000 0000 0000 0000 0000 0000 0000 0000 0000 0000 0000 0000 0000 0000 0000 0000 0000 0000 0000 0000 0000 0000 0000 0000 0000 0000 0000 0000 0000 0000 0000 0000 0000 0000 0000 0000 0000 0000 0000 0000 0000 0000 0000 0000 0000 0000 0000 0000 0000 0000 0000 0000 0000 0000 0000 0000 0000 0000 0000 0000 0000 0000 0000 0000 0000 0000 0000 0000 0000 0000 0000 0000 0000 0000 0000 0000 0000 0000 0000 0000 0000 0000 0000 0000 0000 0000 0000 0000 0000 0000 0000 0000 0000 0000 0000 0000 0000 0000 0000 0000 0000 0000 0000 0000 0000 0000 0000 0000 0000 0000 0000 0000 0000 0000 0000 0000 0000 0000 0000 0000 0000 0000 0000 0000 0000 0000 0000 0000 0000 0000 0000 0000 0000 0000 0000 0000 0000 0000 0000 0000 0000 0000 0000 0000 0000 0000 0000 0000 0000 0000 0000 0000 0000 0000 0000 0000 
[0;32mI (67905) SPI_SLAVE: pushed into queue[0m

[0;32mI (67905) MQTT_TASK: Read from queue[0m
[0;32mI (68745) SPI_SLAVE: Expected: 720 bytes, Got: 720 bytes[0m
[0;32mI (68745) SPI_SLAVE: Received uint16_t data:[0m
0000 0000 0000 0000 0000 0000 0000 0000 0000 0000 0000 0000 0000 0000 0000 0000 0000 0000 0000 0000 0000 0000 0000 0000 0000 0000 0000 0000 0000 0000 0000 0000 0000 0000 0000 0000 0000 0000 0000 0000 0000 0000 0000 0000 0000 0000 0000 0000 0000 0000 0000 0000 0000 0000 0000 0000 0000 0000 0000 0000 0000 0000 0000 0000 0000 0000 0000 0000 0000 0000 0000 0000 0000 0000 0000 0000 0000 0000 0000 0000 0000 0000 0000 0000 0000 0000 0000 0000 0000 0000 0000 0000 0000 0000 0000 0000 0000 0000 0000 0000 0000 0000 0000 0000 0000 0000 0000 0000 0000 0000 0000 0000 0000 0000 0000 0000 0000 0000 0000 0000 0000 0000 0000 0000 0000 0000 0000 0000 0000 0000 0000 0000 0000 0000 0000 0000 0000 0000 0000 0000 0000 0000 0000 0000 0000 0000 0000 0000 0000 0000 0000 0000 0000 0000 0000 0000 0000 0000 0000 0000 0000 0000 0000 0000 0000 0000 0000 0000 0000 0000 0000 0000 0000 0000 0000 0000 0000 0000 0000 0000 0000 0000 0000 0000 0000 0000 0000 0000 0000 0000 0000 0000 0000 0000 0000 0000 0000 0000 0000 0000 0000 0000 0000 0000 0000 0000 0000 0000 0000 0000 0000 0000 0000 0000 0000 0000 0000 0000 0000 0000 0000 0000 0000 0000 0000 0000 0000 0000 0000 0000 0000 0000 0000 0000 0000 0000 0000 0000 0000 0000 0000 0000 0000 0000 0000 0000 0000 0000 0000 0000 0000 0000 0000 0000 0000 0000 0000 0000 0000 0000 0000 0000 0000 0000 0000 0000 0000 0000 0000 0000 0000 0000 0000 0000 0000 0000 0000 0000 0000 0000 0000 0000 0000 0000 0000 0000 0000 0000 0000 0000 0000 0000 0000 0000 0000 0000 0000 0000 0000 0000 0000 0000 0000 0000 0000 0000 0000 0000 0000 0000 0000 0000 0000 0000 0000 0000 0000 0000 0000 0000 0000 0000 0000 0000 0000 0000 0000 0000 0000 0000 0000 0000 0000 0000 0000 0000 0000 0000 0000 0000 0000 0000 0000 0000 0000 0000 0000 0000 0000 0000 0000 0000 0000 0000 0000 0000 0000 0000 0000 0000 
[0;32mI (68905) SPI_SLAVE: pushed into queue[0m

[0;32mI (68905) MQTT_TASK: Read from queue[0m
[0;32mI (69745) SPI_SLAVE: Expected: 720 bytes, Got: 720 bytes[0m
[0;32mI (69745) SPI_SLAVE: Received uint16_t data:[0m
0000 0000 0000 0000 0000 0000 0000 0000 0000 0000 0000 0000 0000 0000 0000 0000 0000 0000 0000 0000 0000 0000 0000 0000 0000 0000 0000 0000 0000 0000 0000 0000 0000 0000 0000 0000 0000 0000 0000 0000 0000 0000 0000 0000 0000 0000 0000 0000 0000 0000 0000 0000 0000 0000 0000 0000 0000 0000 0000 0000 0000 0000 0000 0000 0000 0000 0000 0000 0000 0000 0000 0000 0000 0000 0000 0000 0000 0000 0000 0000 0000 0000 0000 0000 0000 0000 0000 0000 0000 0000 0000 0000 0000 0000 0000 0000 0000 0000 0000 0000 0000 0000 0000 0000 0000 0000 0000 0000 0000 0000 0000 0000 0000 0000 0000 0000 0000 0000 0000 0000 0000 0000 0000 0000 0000 0000 0000 0000 0000 0000 0000 0000 0000 0000 0000 0000 0000 0000 0000 0000 0000 0000 0000 0000 0000 0000 0000 0000 0000 0000 0000 0000 0000 0000 0000 0000 0000 0000 0000 0000 0000 0000 0000 0000 0000 0000 0000 0000 0000 0000 0000 0000 0000 0000 0000 0000 0000 0000 0000 0000 0000 0000 0000 0000 0000 0000 0000 0000 0000 0000 0000 0000 0000 0000 0000 0000 0000 0000 0000 0000 0000 0000 0000 0000 0000 0000 0000 0000 0000 0000 0000 0000 0000 0000 0000 0000 0000 0000 0000 0000 0000 0000 0000 0000 0000 0000 0000 0000 0000 0000 0000 0000 0000 0000 0000 0000 0000 0000 0000 0000 0000 0000 0000 0000 0000 0000 0000 0000 0000 0000 0000 0000 0000 0000 0000 0000 0000 0000 0000 0000 0000 0000 0000 0000 0000 0000 0000 0000 0000 0000 0000 0000 0000 0000 0000 0000 0000 0000 0000 0000 0000 0000 0000 0000 0000 0000 0000 0000 0000 0000 0000 0000 0000 0000 0000 0000 0000 0000 0000 0000 0000 0000 0000 0000 0000 0000 0000 0000 0000 0000 0000 0000 0000 0000 0000 0000 0000 0000 0000 0000 0000 0000 0000 0000 0000 0000 0000 0000 0000 0000 0000 0000 0000 0000 0000 0000 0000 0000 0000 0000 0000 0000 0000 0000 0000 0000 0000 0000 0000 0000 0000 0000 0000 0000 0000 0000 0000 0000 0000 0000 
[0;32mI (69905) SPI_SLAVE: pushed into queue[0m

[0;32mI (69905) MQTT_TASK: Read from queue[0m
[0;32mI (70745) SPI_SLAVE: Expected: 720 bytes, Got: 720 bytes[0m
[0;32mI (70745) SPI_SLAVE: Received uint16_t data:[0m
0000 0000 0000 0000 0000 0000 0000 0000 0000 0000 0000 0000 0000 0000 0000 0000 0000 0000 0000 0000 0000 0000 0000 0000 0000 0000 0000 0000 0000 0000 0000 0000 0000 0000 0000 0000 0000 0000 0000 0000 0000 0000 0000 0000 0000 0000 0000 0000 0000 0000 0000 0000 0000 0000 0000 0000 0000 0000 0000 0000 0000 0000 0000 0000 0000 0000 0000 0000 0000 0000 0000 0000 0000 0000 0000 0000 0000 0000 0000 0000 0000 0000 0000 0000 0000 0000 0000 0000 0000 0000 0000 0000 0000 0000 0000 0000 0000 0000 0000 0000 0000 0000 0000 0000 0000 0000 0000 0000 0000 0000 0000 0000 0000 0000 0000 0000 0000 0000 0000 0000 0000 0000 0000 0000 0000 0000 0000 0000 0000 0000 0000 0000 0000 0000 0000 0000 0000 0000 0000 0000 0000 0000 0000 0000 0000 0000 0000 0000 0000 0000 0000 0000 0000 0000 0000 0000 0000 0000 0000 0000 0000 0000 0000 0000 0000 0000 0000 0000 0000 0000 0000 0000 0000 0000 0000 0000 0000 0000 0000 0000 0000 0000 0000 0000 0000 0000 0000 0000 0000 0000 0000 0000 0000 0000 0000 0000 0000 0000 0000 0000 0000 0000 0000 0000 0000 0000 0000 0000 0000 0000 0000 0000 0000 0000 0000 0000 0000 0000 0000 0000 0000 0000 0000 0000 0000 0000 0000 0000 0000 0000 0000 0000 0000 0000 0000 0000 0000 0000 0000 0000 0000 0000 0000 0000 0000 0000 0000 0000 0000 0000 0000 0000 0000 0000 0000 0000 0000 0000 0000 0000 0000 0000 0000 0000 0000 0000 0000 0000 0000 0000 0000 0000 0000 0000 0000 0000 0000 0000 0000 0000 0000 0000 0000 0000 0000 0000 0000 0000 0000 0000 0000 0000 0000 0000 0000 0000 0000 0000 0000 0000 0000 0000 0000 0000 0000 0000 0000 0000 0000 0000 0000 0000 0000 0000 0000 0000 0000 0000 0000 0000 0000 0000 0000 0000 0000 0000 0000 0000 0000 0000 0000 0000 0000 0000 0000 0000 0000 0000 0000 0000 0000 0000 0000 0000 0000 0000 0000 0000 0000 0000 0000 0000 0000 0000 0000 0000 0000 0000 0000 0000 
[0;32mI (70905) SPI_SLAVE: pushed into queue[0m

[0;32mI (70905) MQTT_TASK: Read from queue[0m
[0;32mI (71745) SPI_SLAVE: Expected: 720 bytes, Got: 720 bytes[0m
[0;32mI (71745) SPI_SLAVE: Received uint16_t data:[0m
0000 0000 0000 0000 0000 0000 0000 0000 0000 0000 0000 0000 0000 0000 0000 0000 0000 0000 0000 0000 0000 0000 0000 0000 0000 0000 0000 0000 0000 0000 0000 0000 0000 0000 0000 0000 0000 0000 0000 0000 0000 0000 0000 0000 0000 0000 0000 0000 0000 0000 0000 0000 0000 0000 0000 0000 0000 0000 0000 0000 0000 0000 0000 0000 0000 0000 0000 0000 0000 0000 0000 0000 0000 0000 0000 0000 0000 0000 0000 0000 0000 0000 0000 0000 0000 0000 0000 0000 0000 0000 0000 0000 0000 0000 0000 0000 0000 0000 0000 0000 0000 0000 0000 0000 0000 0000 0000 0000 0000 0000 0000 0000 0000 0000 0000 0000 0000 0000 0000 0000 0000 0000 0000 0000 0000 0000 0000 0000 0000 0000 0000 0000 0000 0000 0000 0000 0000 0000 0000 0000 0000 0000 0000 0000 0000 0000 0000 0000 0000 0000 0000 0000 0000 0000 0000 0000 0000 0000 0000 0000 0000 0000 0000 0000 0000 0000 0000 0000 0000 0000 0000 0000 0000 0000 0000 0000 0000 0000 0000 0000 0000 0000 0000 0000 0000 0000 0000 0000 0000 0000 0000 0000 0000 0000 0000 0000 0000 0000 0000 0000 0000 0000 0000 0000 0000 0000 0000 0000 0000 0000 0000 0000 0000 0000 0000 0000 0000 0000 0000 0000 0000 0000 0000 0000 0000 0000 0000 0000 0000 0000 0000 0000 0000 0000 0000 0000 0000 0000 0000 0000 0000 0000 0000 0000 0000 0000 0000 0000 0000 0000 0000 0000 0000 0000 0000 0000 0000 0000 0000 0000 0000 0000 0000 0000 0000 0000 0000 0000 0000 0000 0000 0000 0000 0000 0000 0000 0000 0000 0000 0000 0000 0000 0000 0000 0000 0000 0000 0000 0000 0000 0000 0000 0000 0000 0000 0000 0000 0000 0000 0000 0000 0000 0000 0000 0000 0000 0000 0000 0000 0000 0000 0000 0000 0000 0000 0000 0000 0000 0000 0000 0000 0000 0000 0000 0000 0000 0000 0000 0000 0000 0000 0000 0000 0000 0000 0000 0000 0000 0000 0000 0000 0000 0000 0000 0000 0000 0000 0000 0000 0000 0000 0000 0000 0000 0000 0000 0000 0000 0000 0000 
[0;32mI (71905) SPI_SLAVE: pushed into queue[0m

[0;32mI (71905) MQTT_TASK: Read from queue[0m
[0;32mI (72355) MQTT_CLIENT: Unhandled event id: 7[0m
[1;31mE (72355) esp-tls: [sock=54] connect() error: Host is unreachable[0m
[1;31mE (72355) transport_base: Failed to open a new connection: 32772[0m
[1;31mE (72355) mqtt_client: Error transport connect[0m
[0;32mI (72355) MQTT_CLIENT: MQTT_EVENT_ERROR[0m
[0;32mI (72365) MQTT_CLIENT: MQTT_EVENT_DISCONNECTED[0m
[0;32mI (72745) SPI_SLAVE: Expected: 720 bytes, Got: 720 bytes[0m
[0;32mI (72745) SPI_SLAVE: Received uint16_t data:[0m
0000 0000 0000 0000 0000 0000 0000 0000 0000 0000 0000 0000 0000 0000 0000 0000 0000 0000 0000 0000 0000 0000 0000 0000 0000 0000 0000 0000 0000 0000 0000 0000 0000 0000 0000 0000 0000 0000 0000 0000 0000 0000 0000 0000 0000 0000 0000 0000 0000 0000 0000 0000 0000 0000 0000 0000 0000 0000 0000 0000 0000 0000 0000 0000 0000 0000 0000 0000 0000 0000 0000 0000 0000 0000 0000 0000 0000 0000 0000 0000 0000 0000 0000 0000 0000 0000 0000 0000 0000 0000 0000 0000 0000 0000 0000 0000 0000 0000 0000 0000 0000 0000 0000 0000 0000 0000 0000 0000 0000 0000 0000 0000 0000 0000 0000 0000 0000 0000 0000 0000 0000 0000 0000 0000 0000 0000 0000 0000 0000 0000 0000 0000 0000 0000 0000 0000 0000 0000 0000 0000 0000 0000 0000 0000 0000 0000 0000 0000 0000 0000 0000 0000 0000 0000 0000 0000 0000 0000 0000 0000 0000 0000 0000 0000 0000 0000 0000 0000 0000 0000 0000 0000 0000 0000 0000 0000 0000 0000 0000 0000 0000 0000 0000 0000 0000 0000 0000 0000 0000 0000 0000 0000 0000 0000 0000 0000 0000 0000 0000 0000 0000 0000 0000 0000 0000 0000 0000 0000 0000 0000 0000 0000 0000 0000 0000 0000 0000 0000 0000 0000 0000 0000 0000 0000 0000 0000 0000 0000 0000 0000 0000 0000 0000 0000 0000 0000 0000 0000 0000 0000 0000 0000 0000 0000 0000 0000 0000 0000 0000 0000 0000 0000 0000 0000 0000 0000 0000 0000 0000 0000 0000 0000 0000 0000 0000 0000 0000 0000 0000 0000 0000 0000 0000 0000 0000 0000 0000 0000 0000 0000 0000 0000 0000 0000 0000 0000 0000 0000 0000 0000 0000 0000 0000 0000 0000 0000 0000 0000 0000 0000 0000 0000 0000 0000 0000 0000 0000 0000 0000 0000 0000 0000 0000 0000 0000 0000 0000 0000 0000 0000 0000 0000 0000 0000 0000 0000 0000 0000 0000 0000 0000 0000 0000 0000 0000 0000 0000 0000 0000 0000 0000 0000 0000 0000 0000 0000 0000 0000 0000 0000 0000 0000 0000 0000 0000 0000 0000 0000 0000 0000 
[0;32mI (72905) SPI_SLAVE: pushed into queue[0m

[0;32mI (72905) MQTT_TASK: Read from queue[0m
[0;32mI (73745) SPI_SLAVE: Expected: 720 bytes, Got: 720 bytes[0m
[0;32mI (73745) SPI_SLAVE: Received uint16_t data:[0m
0000 0000 0000 0000 0000 0000 0000 0000 0000 0000 0000 0000 0000 0000 0000 0000 0000 0000 0000 0000 0000 0000 0000 0000 0000 0000 0000 0000 0000 0000 0000 0000 0000 0000 0000 0000 0000 0000 0000 0000 0000 0000 0000 0000 0000 0000 0000 0000 0000 0000 0000 0000 0000 0000 0000 0000 0000 0000 0000 0000 0000 0000 0000 0000 0000 0000 0000 0000 0000 0000 0000 0000 0000 0000 0000 0000 0000 0000 0000 0000 0000 0000 0000 0000 0000 0000 0000 0000 0000 0000 0000 0000 0000 0000 0000 0000 0000 0000 0000 0000 0000 0000 0000 0000 0000 0000 0000 0000 0000 0000 0000 0000 0000 0000 0000 0000 0000 0000 0000 0000 0000 0000 0000 0000 0000 0000 0000 0000 0000 0000 0000 0000 0000 0000 0000 0000 0000 0000 0000 0000 0000 0000 0000 0000 0000 0000 0000 0000 0000 0000 0000 0000 0000 0000 0000 0000 0000 0000 0000 0000 0000 0000 0000 0000 0000 0000 0000 0000 0000 0000 0000 0000 0000 0000 0000 0000 0000 0000 0000 0000 0000 0000 0000 0000 0000 0000 0000 0000 0000 0000 0000 0000 0000 0000 0000 0000 0000 0000 0000 0000 0000 0000 0000 0000 0000 0000 0000 0000 0000 0000 0000 0000 0000 0000 0000 0000 0000 0000 0000 0000 0000 0000 0000 0000 0000 0000 0000 0000 0000 0000 0000 0000 0000 0000 0000 0000 0000 0000 0000 0000 0000 0000 0000 0000 0000 0000 0000 0000 0000 0000 0000 0000 0000 0000 0000 0000 0000 0000 0000 0000 0000 0000 0000 0000 0000 0000 0000 0000 0000 0000 0000 0000 0000 0000 0000 0000 0000 0000 0000 0000 0000 0000 0000 0000 0000 0000 0000 0000 0000 0000 0000 0000 0000 0000 0000 0000 0000 0000 0000 0000 0000 0000 0000 0000 0000 0000 0000 0000 0000 0000 0000 0000 0000 0000 0000 0000 0000 0000 0000 0000 0000 0000 0000 0000 0000 0000 0000 0000 0000 0000 0000 0000 0000 0000 0000 0000 0000 0000 0000 0000 0000 0000 0000 0000 0000 0000 0000 0000 0000 0000 0000 0000 0000 0000 0000 0000 0000 0000 0000 0000 
[0;32mI (73905) SPI_SLAVE: pushed into queue[0m

[0;32mI (73905) MQTT_TASK: Read from queue[0m
[0;32mI (74745) SPI_SLAVE: Expected: 720 bytes, Got: 720 bytes[0m
[0;32mI (74745) SPI_SLAVE: Received uint16_t data:[0m
0000 0000 0000 0000 0000 0000 0000 0000 0000 0000 0000 0000 0000 0000 0000 0000 0000 0000 0000 0000 0000 0000 0000 0000 0000 0000 0000 0000 0000 0000 0000 0000 0000 0000 0000 0000 0000 0000 0000 0000 0000 0000 0000 0000 0000 0000 0000 0000 0000 0000 0000 0000 0000 0000 0000 0000 0000 0000 0000 0000 0000 0000 0000 0000 0000 0000 0000 0000 0000 0000 0000 0000 0000 0000 0000 0000 0000 0000 0000 0000 0000 0000 0000 0000 0000 0000 0000 0000 0000 0000 0000 0000 0000 0000 0000 0000 0000 0000 0000 0000 0000 0000 0000 0000 0000 0000 0000 0000 0000 0000 0000 0000 0000 0000 0000 0000 0000 0000 0000 0000 0000 0000 0000 0000 0000 0000 0000 0000 0000 0000 0000 0000 0000 0000 0000 0000 0000 0000 0000 0000 0000 0000 0000 0000 0000 0000 0000 0000 0000 0000 0000 0000 0000 0000 0000 0000 0000 0000 0000 0000 0000 0000 0000 0000 0000 0000 0000 0000 0000 0000 0000 0000 0000 0000 0000 0000 0000 0000 0000 0000 0000 0000 0000 0000 0000 0000 0000 0000 0000 0000 0000 0000 0000 0000 0000 0000 0000 0000 0000 0000 0000 0000 0000 0000 0000 0000 0000 0000 0000 0000 0000 0000 0000 0000 0000 0000 0000 0000 0000 0000 0000 0000 0000 0000 0000 0000 0000 0000 0000 0000 0000 0000 0000 0000 0000 0000 0000 0000 0000 0000 0000 0000 0000 0000 0000 0000 0000 0000 0000 0000 0000 0000 0000 0000 0000 0000 0000 0000 0000 0000 0000 0000 0000 0000 0000 0000 0000 0000 0000 0000 0000 0000 0000 0000 0000 0000 0000 0000 0000 0000 0000 0000 0000 0000 0000 0000 0000 0000 0000 0000 0000 0000 0000 0000 0000 0000 0000 0000 0000 0000 0000 0000 0000 0000 0000 0000 0000 0000 0000 0000 0000 0000 0000 0000 0000 0000 0000 0000 0000 0000 0000 0000 0000 0000 0000 0000 0000 0000 0000 0000 0000 0000 0000 0000 0000 0000 0000 0000 0000 0000 0000 0000 0000 0000 0000 0000 0000 0000 0000 0000 0000 0000 0000 0000 0000 0000 0000 0000 0000 0000 
[0;32mI (74905) SPI_SLAVE: pushed into queue[0m

[0;32mI (74905) MQTT_TASK: Read from queue[0m
[0;32mI (75745) SPI_SLAVE: Expected: 720 bytes, Got: 720 bytes[0m
[0;32mI (75745) SPI_SLAVE: Received uint16_t data:[0m
0000 0000 0000 0000 0000 0000 0000 0000 0000 0000 0000 0000 0000 0000 0000 0000 0000 0000 0000 0000 0000 0000 0000 0000 0000 0000 0000 0000 0000 0000 0000 0000 0000 0000 0000 0000 0000 0000 0000 0000 0000 0000 0000 0000 0000 0000 0000 0000 0000 0000 0000 0000 0000 0000 0000 0000 0000 0000 0000 0000 0000 0000 0000 0000 0000 0000 0000 0000 0000 0000 0000 0000 0000 0000 0000 0000 0000 0000 0000 0000 0000 0000 0000 0000 0000 0000 0000 0000 0000 0000 0000 0000 0000 0000 0000 0000 0000 0000 0000 0000 0000 0000 0000 0000 0000 0000 0000 0000 0000 0000 0000 0000 0000 0000 0000 0000 0000 0000 0000 0000 0000 0000 0000 0000 0000 0000 0000 0000 0000 0000 0000 0000 0000 0000 0000 0000 0000 0000 0000 0000 0000 0000 0000 0000 0000 0000 0000 0000 0000 0000 0000 0000 0000 0000 0000 0000 0000 0000 0000 0000 0000 0000 0000 0000 0000 0000 0000 0000 0000 0000 0000 0000 0000 0000 0000 0000 0000 0000 0000 0000 0000 0000 0000 0000 0000 0000 0000 0000 0000 0000 000C 033F 06DA 092D 0A15 09EF 0953 08B3 0848 0812 0803 080B 080F 0812 080A 0804 07F6 07EA 07E2 07DE 07DE 07D9 07D5 07CB 07CB 07CB 07C9 07C4 07C1 07BF 07BB 07BA 07B2 07B4 07B2 07B1 07B2 07AE 07B1 07B5 07B5 07B2 07B1 07B2 07AA 07AA 07B1 07A7 07A1 07D6 09C6 0DCD 0F76 0F79 0F7B 0F7B 0F7E 0F84 0F84 0F8A 0F7B 0F8F 0F7D 0F7E 0F81 0F87 0F83 0F86 0F7E 0F85 0F7E 0F81 0F82 0F81 0F7E 0F84 0F8C 0F7B 0F81 0F82 0F84 0F77 0F8B 0F83 0F83 0F86 0F7E 0F85 0F7E 0F81 0F82 0F82 0F84 0F9C 0F85 0F83 0F81 0F82 0F84 0F7E 0F80 0F83 0F81 0F8A 0F7E 0F85 0F7E 0F81 0F82 0F7B 0F7E 0F81 0F85 0F82 0F81 0F82 0F84 0F7E 0F88 0F81 0F83 0F86 0F7E 0F84 0F7E 0F80 0F82 0F7B 0F7F 0F84 0F8C 0F73 0F80 0F82 0F7D 0F7E 0F81 0F83 0F83 0F86 0F7E 0F85 0F7E 0F80 0F82 0F7B 0F7C 0F85 0F85 0F82 0F89 0F82 0F7D 0F7E 0F83 0F83 0F83 0F86 0F7E 0F85 0F7E 0F81 0F82 0F81 0F84 0F84 0F85 0F8A 0F81 0F82 
[0;32mI (75905) SPI_SLAVE: pushed into queue[0m

[0;32mI (75905) MQTT_TASK: Read from queue[0m
[0;32mI (76745) SPI_SLAVE: Expected: 720 bytes, Got: 720 bytes[0m
[0;32mI (76745) SPI_SLAVE: Received uint16_t data:[0m
0F84 0F7E 0F81 0F81 0F83 0F86 0F7E 0F84 0F7E 0F81 0F82 0F6B 0F84 0F84 0F85 0F82 0F81 0F7A 0F7F 0F7E 0F88 0F83 0F7B 0F86 0F7E 0F84 0F7E 0F80 0F82 0F80 0F7E 0F84 0F88 0F7A 0F80 0F82 0F84 0F7E 0F83 0F81 0F83 0F86 0F7E 0F81 0F7E 0F81 0F82 0F80 0F84 0F85 0F84 0F82 0F80 0F82 0F7F 0F7E 0F81 0F83 0F83 0F86 0F7E 0F85 0F7E 0F80 0F82 0F80 0F86 0F85 0F84 0F83 0F83 0F83 0F7F 0F77 0F81 0F81 0F83 0F86 0F7E 0F84 0F7E 0F7B 0F73 0F80 0F7E 0F81 0F84 0F7B 0F7B 0F7A 0F7C 0F7E 0F80 0F80 0F7B 0F7E 0F72 0F75 0F76 0F78 0F73 0F70 0F6C 0F4D 0E85 0D8B 0CC9 0C18 0B7C 0AF7 0A5B 0A09 0A6B 0B42 0BE6 0C25 0BEE 0B1F 0A23 0978 091C 089C 080C 079B 0753 076E 085C 0A22 0C49 0EA3 0F73 0F7E 0F7E 0F7D 0F7E 0F7B 0F82 0F81 0F8C 0F85 0F84 0F7B 0F80 0F82 0F7D 0F7E 0F7B 0F7B 0F4B 0D1E 0A06 07BD 06B6 06A3 0708 0779 07C4 07E1 07E4 07D3 07C3 07BE 07C0 07BE 07C9 07CB 07C7 07CE 07CA 07C9 07C6 07C3 07C3 07C3 07C7 07C5 07CD 07C8 07C8 07C8 07C3 07C6 07C3 07C8 07D1 07CD 07CA 07CB 07CB 07CB 07BA 07CD 07CB 07CB 07CE 07CA 07CD 07C6 07C3 07CA 07C3 07D0 0865 0A24 0C9F 0F5B 0F7A 0F7C 0F7C 0F81 0F81 0F83 0F86 0F92 0F81 0F7E 0F80 0F82 0F81 0F7F 0F85 0F85 0F82 0F81 0F82 0F88 0F7E 0F83 0F81 0F83 0F86 0F86 0F81 0F7E 0F7B 0F7F 0F81 0F7E 0F84 0F84 0F82 0F80 0F7B 0F84 0F82 0F81 0F83 0F87 0F86 0F7E 0F84 0F7E 0F80 0F82 0F7B 0F84 0F84 0F84 0F82 0F80 0F7B 0F7F 0F76 0F81 0F83 0F83 0F86 0F7E 0F85 0F92 0F83 0F82 0F81 0F7E 0F84 0F84 0F82 0F80 0F7B 0F7D 0F7E 0F80 0F81 0F87 0F86 0F7E 0F75 0F62 0DBB 0ADB 088B 075C 070D 0741 078E 07D0 07EB 07EF 07E6 07DB 07D3 07D3 07D6 07D2 07D4 07D6 07D2 07D6 07D5 07D6 07D5 07D5 07D2 07D1 07D2 07CF 07D2 07D6 07D7 07D9 07D2 07D6 07D5 07CE 07CB 07C8 07C3 07CC 07F1 08DD 0A5A 0C13 0D9F 0EC4 0F50 0F63 0F6B 0F71 0F76 0F72 0F85 0F76 0F7B 0F7B 0F7B 0F7E 0F81 0F84 0F82 0F80 0F82 0F7D 0F7E 0F81 0F77 0F81 0F86 0F7E 0F85 0F7E 
[0;32mI (76905) SPI_SLAVE: pushed into queue[0m

[0;32mI (76905) MQTT_TASK: Read from queue[0m
[0;32mI (77745) SPI_SLAVE: Expected: 720 bytes, Got: 720 bytes[0m
[0;32mI (77745) SPI_SLAVE: Received uint16_t data:[0m
0F80 0F82 0F80 0F7F 0F8D 0F85 0F82 0F81 0F78 0F80 0F7E 0F81 0F81 0F83 0F86 0F7E 0F84 0F7E 0F81 0F82 0F7B 0F84 0F84 0F85 0F7F 0F7B 0F82 0F7D 0F7E 0F81 0F87 0F83 0F86 0F7E 0F85 0F7E 0F81 0F82 0F7B 0F7E 0F84 0F85 0F82 0F81 0F7B 0F84 0F82 0F81 0F83 0F83 0F86 0F7E 0F84 0F7E 0F81 0F82 0F80 0F87 0F85 0F85 0F82 0F81 0F7B 0F7D 0F7E 0F81 0F83 0F81 0F8A 0F7E 0F85 0F7E 0F7B 0F82 0F7B 0F7E 0F81 0F85 0F82 0F7B 0F82 0F7D 0F7E 0F81 0F83 0F83 0F86 0F7E 0F85 0F7E 0F80 0F82 0F81 0F7F 0F84 0F8C 0F83 0F81 0F82 0F7D 0F7E 0F83 0F81 0F83 0F86 0F7E 0F85 0F7E 0F7B 0F88 0F81 0F7F 0F85 0F84 0F7B 0F81 0F83 0F7F 0F7E 0F81 0F83 0F83 0F86 0F7E 0F84 0F7E 0F81 0F7B 0F80 0F86 0F7D 0F84 0F7B 0F80 0F82 0F7D 0F7F 0F81 0F81 0F83 0F86 0F7E 0F85 0F7E 0F7B 0F7B 0F79 0F74 0EF5 0CC0 0A6E 08FB 088B 08F1 09A2 0A9F 0C17 0DBF 0F2E 0F66 0F6D 0F72 0F73 0F7A 0F7B 0F86 0F81 0F84 0F88 0F7B 0F82 0F7D 0F82 0F81 0F83 0F83 0F86 0F7E 0F85 0F7E 0F7F 0F7E 0F83 0F83 0F81 0F86 0F7E 0F85 0F7E 0F88 0F88 0F81 0F7F 0F85 0F6D 0F7B 0F81 0F82 0F7D 0F7E 0F81 0F81 0F81 0F8E 0F7E 0F84 0F7E 0F80 0F82 0F7B 0F7E 0F85 0F84 0F7F 0F81 0F82 0F7F 0F7E 0F81 0F83 0F83 0F86 0F7E 0F85 0F7E 0F80 0F82 0F78 0E64 0B2F 0841 068E 0613 0652 06B5 0706 074B 077B 0793 07A2 07A2 07A5 07A6 07A8 07A8 07A8 07A7 07AC 07AC 07AE 07AF 07B2 07AD 07B2 07B7 07BB 07BB 07C2 07BE 07C4 07BE 07BD 07BB 07BF 07C4 07C1 07C5 07CE 07BF 07BF 07C1 07BE 07C1 07C3 07C3 07CA 07C2 07C4 07C2 07BB 07B8 07B6 07BA 07B9 07BD 0792 0739 06C8 0648 05C2 053E 04CA 046F 0450 048A 04F9 059C 0695 07EA 095D 0AFE 0CDD 0ED4 0F6B 0F78 0F7B 0F88 0F7E 0F81 0F81 0F81 0F7E 0F7E 0F85 0F7E 0F7B 0F7B 0F78 0F76 0F4D 0D1D 0A32 0808 0706 06E1 072A 0790 07D3 07F1 07F6 07E6 07D9 07CE 07C3 07BF 07C2 07C6 07C5 07CC 07C8 07C3 07C3 07C1 07C0 07C1 07C7 07C3 07C6 07BE 07BD 07BE 07BB 07BA 07B9 07BE 07BD 07C0 07BA 07BB 07BB 
[0;32mI (77905) SPI_SLAVE: pushed into queue[0m

[0;32mI (77905) MQTT_TASK: Read from queue[0m
[0;32mI (78745) SPI_SLAVE: Expected: 720 bytes, Got: 720 bytes[0m
[0;32mI (78745) SPI_SLAVE: Received uint16_t data:[0m
07C3 07BC 07BD 07BB 07B3 07B6 07A6 06E4 0526 02BF 0020 0000 0000 0000 0000 0000 0000 0000 0000 0000 0000 0000 0000 0000 0000 0000 0000 0000 0000 0000 0000 0000 0000 0000 0000 0000 0000 0000 0000 0000 0000 0000 0000 0000 0000 0000 0000 0000 0000 0000 0000 0000 0000 0000 0000 0000 0000 0000 0000 0000 0000 0000 0000 0000 0000 0000 0000 0000 0000 0000 0000 0000 0000 0000 0000 0000 0000 0000 0000 0000 0000 0000 0000 0000 0000 0000 0000 0000 0000 0000 0000 0000 0000 0000 0000 0000 0000 0000 0000 0000 0000 0000 0000 0000 0000 0000 0000 0000 0000 0000 0000 0000 0000 0000 0000 0000 0000 0000 0000 0000 0000 0000 0000 0000 0000 0000 0000 0000 0000 0000 0000 0000 0000 0000 0000 0000 0000 0000 0000 0000 0000 0000 0000 0000 0000 0000 0000 0000 0000 0000 0000 0000 0000 0000 0000 0000 0000 0000 0000 002E 01B0 033A 0438 04B6 0512 057D 05F3 066A 06CA 0715 074A 0796 080E 0878 08C0 0905 0934 0943 0973 09DA 0A4E 0AB8 0B0F 0B3E 0B3D 0B3C 0B63 0BA9 0BEA 0C21 0C52 0C63 0C80 0CB7 0D1E 0D72 0DD5 0E26 0E3F 0E4A 0E7B 0EF0 0F55 0F65 0F6A 0F6B 0F6F 0F6F 0F84 0F81 0F7B 0F80 0F7E 0F7E 0F7D 0F7E 0F88 0F7B 0F80 0F7E 0F84 0F84 0F7B 0F81 0F82 0F7D 0F7F 0F79 0F81 0F81 0F86 0F7E 0F81 0F7E 0F7B 0F82 0F7B 0F7F 0F81 0F84 0F82 0F80 0F7B 0F80 0F7E 0F7F 0F83 0F83 0F86 0F7E 0F8C 0F7E 0F81 0F7B 0F81 0F84 0F84 0F84 0F7F 0F7B 0F7B 0F7C 0F76 0F70 0E67 0B93 0902 0776 06F5 0712 0768 07B6 07E3 07F4 07E9 07E4 07D2 07CA 07C8 07C8 07C6 07D0 07CF 07CF 07CF 07C6 07C5 07C6 07BF 07BB 07BF 07C4 07C5 07C5 07C3 07C5 07C3 07C4 07C2 07C5 07C3 07C3 07CA 07C2 07C5 07C2 07BF 07D8 083B 08EC 09A5 0A44 0AA3 0AD1 0AE8 0B20 0B97 0C23 0C9F 0CEF 0D16 0D12 0D35 0D9A 0E0B 0E7A 0ECB 0F0C 0F1D 0F3C 0F5A 0F63 0F6A 0F6C 0F70 0F71 0F77 0F77 0F7E 0F7A 0F7D 0F7A 0F7A 0F7B 0F7B 0F7E 0F81 0F84 0F7B 0F7B 0F7B 0F7F 0F7E 0F81 0F83 0F81 0F7F 0F7E 0F89 0F7E 
[0;32mI (78905) SPI_SLAVE: pushed into queue[0m

[0;32mI (78905) MQTT_TASK: Read from queue[0m
[0;32mI (79745) SPI_SLAVE: Expected: 720 bytes, Got: 720 bytes[0m
[0;32mI (79745) SPI_SLAVE: Received uint16_t data:[0m
0F81 0F82 0F7B 0F7F 0F85 0F7C 0F7F 0F81 0F7B 0F7D 0F7E 0F89 0F81 0F83 0F96 0F7E 0F84 0F7E 0F80 0F7F 0F81 0F7E 0F84 0F84 0F82 0F80 0F78 0F7D 0F74 0F81 0F83 0F81 0F86 0F7E 0F85 0F7E 0F80 0F7B 0F81 0F7F 0F84 0F8C 0F7B 0F83 0F7B 0F7D 0F7E 0F81 0F81 0F83 0F8A 0F7E 0F85 0F7E 0F80 0F82 0F83 0F84 0F85 0F84 0F82 0F7B 0F8A 0F7C 0F82 0F81 0F83 0F81 0F7F 0F7E 0F85 0F86 0F81 0F7F 0F7B 0F7F 0F85 0F85 0F7B 0F7B 0F82 0F68 0F7E 0F80 0F83 0F81 0F86 0F7E 0F85 0F7E 0F7B 0F7F 0F81 0F7F 0F84 0F85 0F82 0F81 0F88 0F88 0F7C 0F81 0F81 0F81 0F86 0F7E 0F84 0F86 0F81 0F82 0F81 0F7E 0F84 0F84 0F7B 0F7B 0F82 0F7D 0F7E 0F83 0F81 0F81 0F86 0F7E 0F85 0F7E 0F80 0F7F 0F7B 0F7E 0F84 0F84 0F7B 0F7B 0F82 0F7D 0F7E 0F80 0F81 0F81 0F86 0F7E 0F81 0F86 0F7B 0F7B 0F7B 0F7E 0F75 0F7C 0F7A 0F79 0F7A 0F78 0F72 0F79 0F81 0F71 0F6F 0F66 0F55 0F0E 0E59 0D7B 0CE3 0CBC 0CC5 0CCC 0CB2 0C73 0C1B 0BCC 0BC4 0BF3 0C27 0C4B 0C4E 0BFE 0B9D 0B5E 0B51 0B50 0B43 0B1B 0ADB 0AA6 0A8A 0A9C 0A96 0A81 0A6A 0A41 0A20 0A27 0A59 0A8A 0AB3 0ACF 0AD8 0AC6 0AD9 0B13 0B53 0B7E 0B72 0B44 0AFE 0AF8 0B3F 0BAB 0C14 0C8D 0D34 0E32 0F58 0F6B 0F6F 0F70 0F71 0F7B 0F3F 0DF6 0C16 0A85 098E 0951 0998 09F3 0A42 0A85 0AF5 0B52 0B93 0BBB 0BE1 0BBC 0BA3 0BB1 0BCF 0BEE 0BFE 0BF4 0BBE 0B78 0B6A 0B7B 0B84 0B74 0B54 0B0A 0AB0 0A83 0A91 0AA4 0AB1 0ABB 0A9F 0A6A 0A56 0A84 0AB6 0ADB 0AF8 0AE9 0AC4 0AA5 0AB4 0ABB 0AB9 0A9B 0A6D 0A0C 09BB 09AB 09C3 09D6 09D6 09CD 0992 094E 0948 0961 0974 096D 095C 090A 08B9 089A 08B8 08D7 08EB 08F1 08CF 0886 0856 0865 0886 089B 08A3 0880 0844 0819 0834 085A 0871 0873 0859 0810 07C8 07B9 07D3 07EF 07F2 07D9 078E 074A 0742 0763 078C 0799 078F 0762 072D 071E 0729 0737 0749 073B 0717 06E4 06B2 069D 0686 0655 0628 05EF 05B1 058F 05A4 05B8 05B5 05BE 05B5 0592 0576 0577 0593 05AF 05BE 05D1 05C4 05BB 05DE 0610 0634 0645 0654 0632 05F8 05CF 
[0;32mI (79905) SPI_SLAVE: pushed into queue[0m

[0;32mI (79905) MQTT_TASK: Read from queue[0m
[0;32mI (80745) SPI_SLAVE: Expected: 720 bytes, Got: 720 bytes[0m
[0;32mI (80745) SPI_SLAVE: Received uint16_t data:[0m
05D1 05D0 05D0 05DA 05C7 059E 058A 05AD 05D6 05E2 05DE 05C3 0596 0584 05AD 05DA 05E2 05C6 058D 052C 04D9 04C5 04CE 04DE 04D6 04BD 0482 0438 0436 0468 0490 0491 0485 044B 0408 03E6 0403 0416 041E 040D 03DF 039C 0374 038C 03B4 03C1 03B6 039A 0367 033D 0358 0382 038E 037E 0353 030C 02CB 02BF 02F2 0322 033C 0347 0324 02E2 02DC 0317 035C 037C 0390 0374 0352 0352 0385 03B2 03CB 03E3 03E2 03B2 0396 03C5 0418 0457 047B 0481 0461 0445 0478 04C6 0508 052E 0540 052C 051E 0543 0581 05B6 05D2 05E9 05DE 05CA 05E3 0639 0690 06C5 06DD 06BA 0673 0648 0658 067A 069F 06AE 069F 068A 0676 069D 06CC 06F0 0703 0703 06F0 06E9 070D 073B 0763 076E 076D 0747 072B 073B 0773 0796 0794 0771 072F 0713 0746 07B3 081E 0881 08FF 09C3 0ACB 0C28 0D78 0DE2 0D35 0BBB 09DB 07FE 069E 061D 0626 0660 069B 06CA 06C4 06CC 070C 076B 07B3 07CF 07CB 0796 0757 0755 078B 07C0 07D6 07D5 07B6 0790 0798 07D3 0800 0819 0821 0810 07E3 07DB 081F 087B 08C3 08EC 08ED 08CC 08B8 08EB 093F 097F 09A6 09AB 0983 0955 0977 09C2 0A01 0A1A 0A28 09F8 09B3 09A4 09D5 0A14 0A3A 0A49 0A2B 09E9 09BC 09CB 0A03 0A1F 0A2A 0A0A 09C5 09A2 09B9 09F8 0A1B 0A24 0A01 09B4 0978 0981 09BB 09EC 09FE 09EB 09A3 0955 095A 0986 09B5 09C6 09BB 098A 094B 0944 0979 09B4 09C8 09C8 09A2 0964 0954 0981 09B7 09DB 09EA 09CE 098C 095E 097B 09B2 09D0 09DC 09C5 0980 0948 095B 099B 09C9 09DA 09D8 09A3 096D 096E 0996 09AD 09BE 09BF 09A3 0979 096C 098D 09C4 09DA 09EB 09E2 09B9 09B0 09F0 0A3F 0A6B 0A72 0A46 09F5 09C6 09E1 0A1B 0A4B 0A74 0A74 0A3C 09FA 09F9 0A2A 0A54 0A6A 0A67 0A2F 09FB 09FA 0A26 0A45 0A46 0A2F 09F3 09B9 09B6 09E5 0A0D 0A13 0A11 09E3 0999 0972 0995 09BF 09D1 09CE 09AA 096D 094A 0963 099A 09A8 09AC 098D 0954 091A 0921 0953 0971 097C 0970 093D 0905 0906 0936 095C 096E 096B 0938 08EB 08D0 08F9 093C 095B 096B 0952 090C 08D7 08F0 091D 0947 096E 0962 092D 090A 
[0;32mI (80905) SPI_SLAVE: pushed into queue[0m

[0;32mI (80905) MQTT_TASK: Read from queue[0m
[0;32mI (81745) SPI_SLAVE: Expected: 720 bytes, Got: 720 bytes[0m
[0;32mI (81745) SPI_SLAVE: Received uint16_t data:[0m
0923 095A 0963 0950 0925 08D4 0878 085E 0878 088D 0892 0883 084B 0811 080E 083A 0867 086E 085B 082B 07EB 07D0 07E9 0809 0812 080B 07F3 07BD 0792 079E 07B7 07BD 07E2 07FE 080C 082A 0889 0932 0A11 0B3C 0C6D 0D64 0D63 0CA8 0B6B 09EC 086A 0753 0693 061F 0626 0682 06F4 073E 0769 077A 0773 079C 07F1 0845 0878 088E 0872 0829 07F2 0809 0847 0877 089E 08A6 0877 0846 0842 086F 08A0 08C0 08BD 088D 0853 0851 0890 08C8 08E6 08E9 08B3 0873 086E 08A6 08E7 0906 0901 08DF 089F 087C 08A9 08EC 0912 091B 0903 08BD 0887 08A2 08DB 0909 0926 092C 08FD 08C6 08C9 08FB 092B 0950 0955 092D 08EA 08D8 08FA 0919 092A 092B 0903 08C7 08B7 08D6 08F9 0912 0919 08FB 08BB 0890 08AD 08E1 0900 0909 08F2 08B4 0886 08A9 08E7 090F 0922 090E 08C5 0876 0863 089F 08E8 091C 092D 0905 08CA 08B3 08EB 0918 0926 0930 091F 08FB 0902 0942 0981 099A 0993 097B 0943 091E 093D 097C 09AA 09C9 09C8 098D 095E 0978 09AD 09CB 09D6 09C6 098D 095A 0960 0990 09B7 09D3 09D7 09AF 097A 097D 09BE 09F1 0A0F 0A1F 0A04 09BD 099D 09BB 09F3 0A18 0A24 0A16 09E8 09C3 09E3 0A16 0A26 0A25 0A16 09E3 09BB 09D8 0A22 0A55 0A6C 0A5B 0A28 09E8 09D9 0A0C 0A43 0A71 0A81 0A5E 0A1A 0A05 0A26 0A51 0A62 0A63 0A4C 0A0D 09EC 0A0A 0A3B 0A63 0A7D 0A86 0A53 0A4B 0A5B 0A9A 0AB2 0AAF 0A9A 0A5B 0A2A 0A5B 0AC4 0B1D 0B4D 0B3A 0AD3 0A63 0A29 0A27 0A30 0A27 0A25 0A06 09D6 09CF 0A0E 0A48 0A6A 0A6F 0A56 0A15 09F0 0A0B 0A38 0A3E 0A2F 0A10 09DD 09CB 09EF 0A26 0A3E 0A39 0A1A 09FB 0A0E 0A6B 0AF6 0B75 0BFC 0CB2 0DA8 0EBF 0F68 0F64 0F5D 0EFF 0D9B 0BB6 09FE 08ED 08AE 08EB 0952 09B8 0A00 0A05 0A14 0A43 0A88 0AB3 0AC0 0AA7 0A5F 0A39 0A5B 0A9A 0ABE 0AC5 0ABE 0A89 0A4B 0A4B 0A7F 0AAD 0AC5 0AB8 0A7B 0A3B 0A38 0A72 0AB8 0AEB 0AFB 0AEA 0AD6 0AFF 0B6E 0BD8 0C0A 0C28 0C1C 0BDD 0BBC 0BD2 0C08 0C38 0C50 0C50 0C15 0BD7 0BD5 0C06 0C2A 0C41 0C32 0BF3 0BBA 0BBB 0BF4 0C25 0C45 0C3F 0C10 0BCA 
[0;32mI (81905) SPI_SLAVE: pushed into queue[0m

[0;32mI (81905) MQTT_TASK: Read from queue[0m
[0;32mI (82745) SPI_SLAVE: Expected: 720 bytes, Got: 720 bytes[0m
[0;32mI (82745) SPI_SLAVE: Received uint16_t data:[0m
0BA4 0BB6 0BBB 0BB3 0BA7 0B7F 0B3E 0B1D 0B36 0B58 0B78 0B83 0B7C 0B45 0B1D 0B3A 0B6B 0B8B 0B91 0B76 0B41 0B17 0B2F 0B62 0B7E 0B85 0B72 0B38 0AF3 0AEA 0B1C 0B45 0B5D 0B53 0B33 0ADB 0ACC 0AF2 0B2B 0B51 0B5B 0B3E 0AF6 0AC5 0AD2 0AF3 0B13 0B28 0B1E 0ADF 0ABC 0ACE 0B08 0B2B 0B49 0B47 0B1F 0B09 0B21 0B62 0B8A 0B9D 0B9E 0B78 0B4B 0B4B 0B7C 0B9D 0BAD 0BAA 0B83 0B48 0B20 0B30 0B45 0B5B 0B63 0B4E 0B02 0AD5 0AEA 0B12 0B2F 0B39 0B26 0AE5 0ABD 0ACB 0AF9 0B18 0B0D 0AF7 0AA3 0A53 0A45 0A7A 0A9E 0AAD 0AA2 0A69 0A32 0A29 0A56 0A85 0A98 0A93 0A6B 0A2A 0A04 0A1E 0A50 0A73 0A87 0A7E 0A46 0A25 0A3E 0A6B 0A8B 0A89 0A7C 0A41 0A14 0A1E 0A53 0A7B 0A89 0A77 0A48 0A13 0A1B 0A56 0A86 0A95 0A86 0A59 0A2A 0A28 0A50 0A75 0A80 0A73 0A53 0A3A 0A49 0A7C 0A97 0A81 0A53 0A26 09CE 098D 0986 099B 09A2 0998 097C 092F 08F5 08E8 090B 092A 0931 0917 08D7 089B 089F 08CF 08E6 08DF 08C6 087B 082E 07FB 080C 0814 082C 084B 085F 0848 085B 08D2 09A8 0AD0 0C1D 0D3C 0D6A 0C98 0B2B 097D 07DA 069B 05D1 0550 051B 054E 05C1 0626 0668 0692 0680 0660 066D 0694 06A0 069A 067E 0648 0610 060B 0647 067D 06A2 06A6 0685 0642 0611 0626 0663 068C 0691 0674 061E 05E8 060A 0655 0682 06A1 0697 064D 061A 0616 064C 067F 069A 069A 0660 0620 060C 0641 067E 06A9 06BE 06A5 0674 066D 06A7 06D7 06FA 06FE 06E5 06B6 06A1 06CE 0703 0729 073D 072D 06F8 06E3 0700 0728 073A 074B 074B 0721 06FA 0704 0735 0756 0768 0768 0748 0720 0715 0738 074E 075F 076B 0751 0722 071F 074F 077F 07A2 07A6 078D 074C 0721 073E 0770 0790 0795 078C 0752 0728 073A 0764 077E 0785 0777 0747 072E 074A 0791 07CA 07EB 07FE 07DB 07B0 07A4 07DC 0818 0858 0882 086A 082C 0823 085B 088B 08AE 08B6 08AF 087E 085F 0883 08B1 08C8 08B4 088D 084B 0828 0838 0860 0867 085B 083B 07EF 07A2 0796 07C9 07EA 07DF 07B2 0749 06D4 0694 06AD 06CA 06D1 06C2 0689 0622 05E3 05DF 05F5 05F6 05C2 0565 04E2 
[0;32mI (82905) SPI_SLAVE: pushed into queue[0m

[0;32mI (82905) MQTT_TASK: Read from queue[0m
[0;32mI (83745) SPI_SLAVE: Expected: 720 bytes, Got: 720 bytes[0m
[0;32mI (83745) SPI_SLAVE: Received uint16_t data:[0m
0470 0436 0409 03B7 033F 02AD 01E4 0120 0092 0033 0000 0000 0000 0000 0000 0000 0000 0000 0000 0000 0000 0000 0000 0000 0000 0000 0000 0000 0000 0000 0000 0000 0000 0000 0000 0000 013C 03A2 05D5 0754 0825 0888 0893 08A3 08DE 0928 0947 0949 092B 08E3 08A2 0886 0899 08AA 08B8 08BB 08AB 089E 08B5 0915 0988 09E9 0A4A 0A84 0A87 0A90 0AA9 0ABD 0AC2 0AA6 0A8F 0A86 0A88 0AC8 0B18 0B50 0B65 0B65 0B4B 0B2F 0B4B 0B94 0BD2 0BF3 0BF1 0BE7 0BDE 0C06 0C5D 0C96 0CAB 0C8B 0C4B 0C1E 0C4D 0CCD 0D4B 0DD3 0EA3 0F60 0F67 0F73 0F77 0F7B 0F86 0F76 0F75 0F72 0F6B 0F68 0F4B 0EBC 0DE5 0D5D 0D1F 0D4B 0DDA 0E7C 0EC7 0EDB 0E99 0E1F 0DAE 0D6E 0D84 0D96 0D98 0D88 0D59 0D10 0CCD 0CA8 0C78 0C3F 0BEB 0BA8 0B6C 0B63 0BA3 0BF3 0C12 0C02 0BDC 0B8E 0B58 0B72 0BB8 0BE6 0BE9 0BBC 0B53 0AF8 0ADF 0B01 0B1A 0B21 0AE9 0A51 09AE 0946 0935 08E6 0863 07AA 069A 056D 0471 03C9 0362 0323 0308 032B 0358 03F3 04F0 05C7 060E 05AF 0521 0494 0453 047A 04C6 04EB 04F1 04F6 058A 0699 07B2 0878 08CB 08DF 0910 094D 099C 09FA 0A8B 0B3A 0C31 0D32 0DCB 0DA1 0CF7 0C66 0C02 0BBD 0B76 0B08 0A7B 0A31 0A60 0AD5 0B4D 0BAA 0BDF 0BEB 0C28 0CA7 0D43 0D91 0D87 0D46 0CCE 0C6D 0C5E 0C8B 0CCA 0CE3 0CD6 0CA5 0C3D 0BCF 0B9B 0B83 0B7C 0B7C 0B8B 0B73 0B5B 0B86 0B8A 0B9F 0BB2 0BB1 0B82 0B51 0B40 0B0D 0ADD 0A9F 0A5F 09D3 0955 092A 095D 0991 09A7 09AE 0996 0991 09BE 09FF 0A22 0A39 0A5C 0A1D 099D 0968 096B 0963 0941 092A 0923 08E9 08C5 08EA 0936 0971 098A 099B 096B 092B 0910 091D 0928 0932 0938 0912 08F1 0906 0953 098B 098F 097E 093A 0925 0952 099B 09A3 0963 0914 08C9 08E4 0982 0A88 0B5A 0BCC 0BEC 0BC3 0B53 0AD3 0A96 0A86 0A8C 0A9A 0AA3 0A83 0A5F 0A84 0AD5 0AFF 0ADF 0A9F 0A4B 0A24 0A3C 0A90 0ABF 0AD7 0AEA 0AC6 0AA5 0ACE 0B2B 0B33 0AD8 0A5C 09E5 0995 099E 0A11 0A82 0AB8 0A97 0A45 09DB 0993 098E 09AE 09A5 099A 0963 0923 08F3 0910 094C 095D 091B 08A3 080E 
[0;32mI (83905) SPI_SLAVE: pushed into queue[0m

[0;32mI (83905) MQTT_TASK: Read from queue[0m
[0;32mI (84745) SPI_SLAVE: Expected: 720 bytes, Got: 720 bytes[0m
[0;32mI (84745) SPI_SLAVE: Received uint16_t data:[0m
07AD 07BC 081F 087F 089F 088A 0822 07AD 077A 078B 079B 0798 0790 0775 0765 078A 0801 08BE 09A5 0AC4 0BF0 0CE3 0D73 0D6E 0C8E 0AF5 0906 073B 05D6 050E 0526 05DD 0699 06FA 06F8 0680 05F9 05C4 0609 0657 0683 0696 0662 0629 061E 0630 0626 060A 060D 060F 05F4 05E6 061A 0628 05FB 05BE 058E 0563 0567 05AB 05EE 060F 060A 05E7 05A2 0569 0570 058D 0599 0586 056D 053B 050F 051E 053D 053F 0513 04E6 04A6 0457 0426 042B 0440 0429 03F0 0391 0341 032A 0357 0392 03A7 039E 0372 031C 02C2 02BA 02CE 02D1 02BE 0299 025E 0239 025C 02A3 02D1 02CB 02A1 0242 01D9 01C6 01F2 0226 024C 0276 0284 025A 021C 01FF 01EA 01E5 01D7 0191 0113 00A6 0094 00AC 00AB 0092 006A 0036 0022 0059 009C 00AC 0094 0063 001C 0000 0001 006A 00D3 0102 0101 00CE 0091 009C 011A 018C 01C2 01D6 01AD 016E 0153 0184 01A2 0193 017C 0153 012D 0130 017A 01D8 0213 0216 01F6 01CE 01D0 021E 027D 02B5 02C5 02B5 028E 0280 02B7 030C 0340 0332 030C 02C6 0282 0272 02A3 02DC 02FB 0305 02DA 02AA 02A6 02C9 02D2 02CE 02A7 0259 01F5 01A9 01B5 01E9 0217 023E 0260 0264 0274 02B3 02F8 031D 032B 0323 02EE 02B7 029E 029F 02C2 02C4 02AD 027A 0267 0284 02B7 02B5 028B 0264 0240 0209 01E2 01FD 022C 025A 0256 021A 01B8 0180 019F 01B4 01BB 01A0 0175 012D 00F5 010A 013C 014B 0140 0123 00CE 0072 0056 0080 0098 007C 0043 0000 0000 0000 0000 0000 0000 0000 0000 0000 0000 0000 0000 0000 0000 0000 0000 0000 0000 0000 0000 0000 0000 0000 0000 0000 0000 0000 0000 0000 0000 0000 0000 0000 0000 0000 0000 0000 0000 0000 0000 0000 0000 0000 0000 0000 0000 0000 0000 0000 0000 0000 0000 0000 0000 0000 0000 0000 0000 0000 0000 0000 0000 0000 0000 0000 0000 0000 0000 0000 0000 0000 0000 0000 0000 0000 0000 0000 0000 0000 0000 0000 0000 0000 0000 0000 0000 0000 0000 0000 0000 0000 0000 0000 0000 0000 0000 0000 0000 0000 0000 0000 0000 0000 0000 0000 0000 0000 0000 0000 
[0;32mI (84905) SPI_SLAVE: pushed into queue[0m

[0;32mI (84905) MQTT_TASK: Read from queue[0m
Guru Meditation Error: Core  1 panic'ed (LoadProhibited). Exception was unhandled.

Core  1 register dump:
PC      : 0x400014fd  PS      : 0x00060b30  A0      : 0x800d9421  A1      : 0x3ffcf290  
A2      : 0x00000000  A3      : 0xfffffffc  A4      : 0x000000ff  A5      : 0x0000ff00  
A6      : 0x00ff0000  A7      : 0xff000000  A8      : 0x00000000  A9      : 0x3ffcf260  
A10     : 0x3ffd1668  A11     : 0x00000000  A12     : 0x3ffb0378  A13     : 0x000003fe  
A14     : 0x7ff00000  A15     : 0x00000000  SAR     : 0x0000001f  EXCCAUSE: 0x0000001c  
EXCVADDR: 0x00000000  LBEG    : 0x400014fd  LEND    : 0x4000150d  LCOUNT  : 0xffffffff  


Backtrace: 0x400014fa:0x3ffcf290 0x400d941e:0x3ffcf2a0 0x400d8fa8:0x3ffcf2c0 0x4008a811:0x3ffcf2e0




ELF file SHA256: 351021d3b

Rebooting...
ets Jul 29 2019 12:21:46

rst:0xc (SW_CPU_RESET),boot:0x13 (SPI_FAST_FLASH_BOOT)
configsip: 0, SPIWP:0xee
clk_drv:0x00,q_drv:0x00,d_drv:0x00,cs0_drv:0x00,hd_drv:0x00,wp_drv:0x00
mode:DIO, clock div:2
load:0x3fff0030,len:6276
load:0x40078000,len:15748
load:0x40080400,len:4
ho 8 tail 4 room 4
load:0x40080404,len:3860
entry 0x4008063c
[0;32mI (31) boot: ESP-IDF v5.4.1-dirty 2nd stage bootloader[0m
[0;32mI (31) boot: compile time Oct 28 2025 18:02:24[0m
[0;32mI (31) boot: Multicore bootloader[0m
[0;32mI (33) boot: chip revision: v3.1[0m
[0;32mI (36) boot.esp32: SPI Speed      : 40MHz[0m
[0;32mI (39) boot.esp32: SPI Mode       : DIO[0m
[0;32mI (43) boot.esp32: SPI Flash Size : 4MB[0m
[0;32mI (47) boot: Enabling RNG early entropy source...[0m
[0;32mI (51) boot: Partition Table:[0m
[0;32mI (54) boot: ## Label            Usage          Type ST Offset   Length[0m
[0;32mI (60) boot:  0 nvs              WiFi data        01 02 00009000 00006000[0m
[0;32mI (67) boot:  1 phy_init         RF data          01 01 0000f000 00001000[0m
[0;32mI (73) boot:  2 factory          factory app      00 00 00010000 00100000[0m
[0;32mI (80) boot: End of partition table[0m
[0;32mI (83) esp_image: segment 0: paddr=00010020 vaddr=3f400020 size=1f204h (127492) map[0m
[0;32mI (134) esp_image: segment 1: paddr=0002f22c vaddr=3ff80000 size=0001ch (    28) load[0m
[0;32mI (134) esp_image: segment 2: paddr=0002f250 vaddr=3ffb0000 size=00dc8h (  3528) load[0m
[0;32mI (139) esp_image: segment 3: paddr=00030020 vaddr=400d0020 size=a5bc0h (678848) map[0m
[0;32mI (377) esp_image: segment 4: paddr=000d5be8 vaddr=3ffb0dc8 size=03168h ( 12648) load[0m
[0;32mI (382) esp_image: segment 5: paddr=000d8d58 vaddr=40080000 size=180ech ( 98540) load[0m
[0;32mI (432) boot: Loaded app from partition at offset 0x10000[0m
[0;32mI (432) boot: Disabling RNG early entropy source...[0m
[0;32mI (443) cpu_start: Multicore app[0m
[0;32mI (451) cpu_start: Pro cpu start user code[0m
[0;32mI (451) cpu_start: cpu freq: 160000000 Hz[0m
[0;32mI (451) app_init: Application information:[0m
[0;32mI (451) app_init: Project name:     .[0m
[0;32mI (454) app_init: App version:      3303fed-dirty[0m
[0;32mI (459) app_init: Compile time:     Nov  5 2025 16:17:04[0m
[0;32mI (464) app_init: ELF file SHA256:  351021d3b...[0m
[0;32mI (468) app_init: ESP-IDF:          v5.4.1-dirty[0m
[0;32mI (472) efuse_init: Min chip rev:     v0.0[0m
[0;32mI (476) efuse_init: Max chip rev:     v3.99 [0m
[0;32mI (480) efuse_init: Chip rev:         v3.1[0m
[0;32mI (484) heap_init: Initializing. RAM available for dynamic allocation:[0m
[0;32mI (491) heap_init: At 3FFAE6E0 len 00001920 (6 KiB): DRAM[0m
[0;32mI (496) heap_init: At 3FFBA148 len 00025EB8 (151 KiB): DRAM[0m
[0;32mI (501) heap_init: At 3FFE0440 len 00003AE0 (14 KiB): D/IRAM[0m
[0;32mI (506) heap_init: At 3FFE4350 len 0001BCB0 (111 KiB): D/IRAM[0m
[0;32mI (512) heap_init: At 400980EC len 00007F14 (31 KiB): IRAM[0m
[0;32mI (519) spi_flash: detected chip: generic[0m
[0;32mI (521) spi_flash: flash io: dio[0m
[0;32mI (525) main_task: Started on CPU0[0m
[0;32mI (535) main_task: Calling app_main()[0m
[0;32mI (565) WIFI: ESP_WIFI_MODE_STA[0m
[0;32mI (575) wifi:wifi driver task: 3ffc2168, prio:23, stack:6656, core=0[0m
[0;32mI (585) wifi:wifi firmware version: 79fa3f41ba[0m
[0;32mI (585) wifi:wifi certification version: v7.0[0m
[0;32mI (585) wifi:config NVS flash: enabled[0m
[0;32mI (585) wifi:config nano formatting: disabled[0m
[0;32mI (595) wifi:Init data frame dynamic rx buffer num: 32[0m
[0;32mI (595) wifi:Init static rx mgmt buffer num: 5[0m
[0;32mI (605) wifi:Init management short buffer num: 32[0m
[0;32mI (605) wifi:Init dynamic tx buffer num: 32[0m
[0;32mI (615) wifi:Init static rx buffer size: 1600[0m
[0;32mI (615) wifi:Init static rx buffer num: 10[0m
[0;32mI (615) wifi:Init dynamic rx buffer num: 32[0m
[0;32mI (625) wifi_init: rx ba win: 6[0m
[0;32mI (625) wifi_init: accept mbox: 6[0m
[0;32mI (625) wifi_init: tcpip mbox: 32[0m
[0;32mI (635) wifi_init: udp mbox: 6[0m
[0;32mI (635) wifi_init: tcp mbox: 6[0m
[0;32mI (635) wifi_init: tcp tx win: 5760[0m
[0;32mI (645) wifi_init: tcp rx win: 5760[0m
[0;32mI (645) wifi_init: tcp mss: 1440[0m
[0;32mI (645) wifi_init: WiFi IRAM OP enabled[0m
[0;32mI (645) wifi_init: WiFi RX IRAM OP enabled[0m
[0;32mI (655) phy_init: phy_version 4860,6b7a6e5,Feb  6 2025,14:47:07[0m
[0;32mI (735) phy_init: Saving new calibration data due to checksum failure or outdated calibration data, mode(0)[0m
[0;32mI (805) wifi:mode : sta (08:b6:1f:b9:1f:70)[0m
[0;32mI (805) wifi:enable tsf[0m
[0;32mI (805) WIFI: wifi_init_sta finished.[0m
[0;32mI (815) wifi:new:<1,0>, old:<1,0>, ap:<255,255>, sta:<1,0>, prof:1, snd_ch_cfg:0x0[0m
[0;32mI (815) wifi:state: init -> auth (0xb0)[0m
[0;32mI (835) wifi:state: auth -> assoc (0x0)[0m
[0;32mI (845) wifi:state: assoc -> run (0x10)[0m
[0;32mI (875) wifi:connected with MyHotspot, aid = 1, channel 1, BW20, bssid = 34:cf:f6:9a:61:3b[0m
[0;32mI (875) wifi:security: WPA2-PSK, phy: bgn, rssi: -49[0m
[0;32mI (875) wifi:pm start, type: 1[0m

[0;32mI (875) wifi:dp: 1, bi: 102400, li: 3, scale listen interval from 307200 us to 307200 us[0m
[0;32mI (955) wifi:dp: 2, bi: 102400, li: 4, scale listen interval from 307200 us to 409600 us[0m
[0;32mI (955) wifi:AP's beacon interval = 102400 us, DTIM period = 2[0m
[0;32mI (1905) esp_netif_handlers: sta ip: 10.42.0.242, mask: 255.255.255.0, gw: 10.42.0.1[0m
[0;32mI (1905) WIFI: got ip:10.42.0.242[0m
[0;32mI (1905) WIFI: connected to ap SSID:MyHotspot password:12345678[0m
[0;32mI (1905) MQTT_CLIENT: Unhandled event id: 7[0m
[0;32mI (1915) QUEUE: Queue tao thanh cong[0m
[1;31mE (1925) mqtt_client: Client has not connected[0m
[0;32mI (1925) main_task: Returned from app_main()[0m
[0;32mI (1935) MQTT_CLIENT: MQTT_EVENT_CONNECTED[0m
[0;32mI (1935) MQTT_CLIENT: Subscribe qos0, msg_id=59513[0m
[0;32mI (1955) MQTT_CLIENT: MQTT_EVENT_SUBSCRIBED, msg_id=59513[0m
[0;32mI (1955) MQTT_CLIENT: MQTT_EVENT_DATA[0m
TOPIC=/topic/qos0
DATA=data
[0;32mI (2685) SPI_SLAVE: Expected: 720 bytes, Got: 720 bytes[0m
[0;32mI (2685) SPI_SLAVE: Received uint16_t data:[0m
0950 0922 094B 09B7 0A1D 0A5D 0A63 0A21 09CA 09AC 09D6 09E9 09F1 09E5 09B6 097A 097D 09C2 09FF 0A2A 0A33 0A16 09DF 09D4 0A03 0A3B 0A4B 0A48 0A27 09F3 09DB 0A05 0A3A 0A36 0A05 09CE 098F 0992 09EB 0A6C 0AD9 0B5D 0C1F 0D10 0E2B 0F48 0F5E 0F41 0E57 0CB3 0ADA 0942 0879 0886 08E8 0963 09C1 09E0 09D5 09F4 0A5A 0ACB 0B13 0B2F 0B27 0AF3 0ADB 0B13 0B5A 0B66 0B55 0B3E 0B0F 0B08 0B4B 0BB4 0BE5 0BDD 0BAA 0B53 0B18 0B28 0B90 0BF1 0BFF 0B7B 0AB6 09B6 091F 08BA 0855 081F 0829 0856 0871 0895 08E6 093B 096E 0998 09A6 0999 09AB 09FF 0A6F 0ABE 0ADF 0AEE 0ACB 0AB8 0ADB 0B2C 0B65 0B85 0B8B 0B68 0B33 0B2F 0B77 0BD0 0C11 0C37 0C2E 0C16 0C35 0C7A 0C98 0C9A 0C8B 0C70 0C44 0C44 0C78 0CB1 0CC8 0CC8 0CC2 0CA1 0C95 0CCB 0D16 0D46 0D41 0D06 0CB3 0C8B 0CCB 0D3E 0D85 0D9C 0D8B 0D53 0D28 0D48 0D90 0DD0 0DD5 0DCB 0DAE 0D8A 0D9F 0DF6 0E38 0E5A 0E5F 0E5C 0E4D 0E5C 0E9B 0EDF 0F08 0F20 0F12 0ED9 0EA1 0EAF 0ED6 0ED6 0ECD 0EAE 0E7C 0E5E 0E88 0ECB 0EFB 0F16 0F1A 0EED 0EB6 0ED0 0F0F 0F48 0F5E 0F4D 0F44 0F32 0F49 0F5B 0F68 0F70 0F71 0F73 0F77 0F7A 0F76 0F84 0F7A 0F7B 0F7B 0F7B 0F7C 0F85 0F84 0F82 0F7B 0F82 0F7F 0F7E 0F81 0F83 0F83 0F86 0F7E 0F84 0F7E 0F79 0F82 0F83 0F84 0F85 0F84 0F7B 0F7B 0F7B 0F8C 0F7F 0F81 0F83 0F81 0F86 0F7E 0F89 0F7E 0F80 0F7F 0F83 0F84 0F85 0F85 0F82 0F7B 0F82 0F88 0F7E 0F81 0F83 0F81 0F86 0F7E 0F84 0F7E 0F78 0F82 0F91 0F7E 0F85 0F84 0F82 0F7B 0F7B 0F7F 0F7E 0F81 0F83 0F77 0F86 0F7E 0F84 0F7E 0F7B 0F82 0F7B 0F7E 0F81 0F84 0F82 0F7B 0F7B 0F80 0F7E 0F81 0F81 0F81 0F82 0F7E 0F80 0F7E 0F88 0F7B 0F83 0F86 0F85 0F85 0F82 0F81 0F7B 0F7D 0F7E 0F83 0F81 0F81 0F86 0F7E 0F8D 0F7E 0F83 0F82 0F7B 0F7F 0F85 0F85 0F82 0F7B 0F82 0F88 0F7E 0F7D 0F83 0F81 0F86 0F7E 0F85 0F7E 0F83 0F82 0F7B 0F7F 0F84 0F7D 0F78 0F6B 0E7B 0BB1 0916 078A 0701 0717 076E 07BA 07E5 07EE 07E8 07D8 07D0 07D0 07CD 07CD 07CA 07C9 07CA 
[0;32mI (2835) SPI_SLAVE: pushed into queue[0m

[0;32mI (2835) MQTT_TASK: Read from queue[0m
[0;32mI (3035) MQTT_CLIENT: MQTT_EVENT_PUBLISHED, msg_id=48922[0m
[0;32mI (3685) SPI_SLAVE: Expected: 720 bytes, Got: 720 bytes[0m
[0;32mI (3685) SPI_SLAVE: Received uint16_t data:[0m
07C8 07CA 07D1 07CB 07CB 07CE 07C6 07C9 07CA 07C8 07C8 07C9 07C8 07C5 07C9 07C3 07C9 07C8 07C8 07C2 07C3 07C5 07CB 080A 086A 08A5 08B6 08A3 087E 0850 0864 08BD 0918 0938 092B 0912 08CE 08BC 0911 097B 09B3 09C2 099A 0945 0912 0948 09B8 09FF 0A12 0A1F 0A0C 09FF 0A49 0ABF 0AF9 0AF2 0AB3 0A33 0991 092E 0902 08C5 087E 0848 081E 0813 0874 093D 0A05 0A7B 0AA3 0A8A 0A3D 0A3A 0AE9 0BEB 0CE7 0DDE 0ECE 0F5D 0F66 0F71 0F78 0F78 0F7C 0F7D 0F7D 0F7B 0F81 0F7B 0F7C 0F7C 0F81 0F83 0F77 0F7E 0F7E 0F84 0F7E 0F7B 0F7B 0F7B 0F84 0F84 0F85 0F7B 0F7B 0F82 0F78 0F7E 0F81 0F81 0F81 0F86 0F7E 0F84 0F7E 0F7B 0F7B 0F80 0F7F 0F84 0F84 0F7A 0F80 0F7F 0F7D 0F7E 0F81 0F83 0F83 0F86 0F7E 0F85 0F7E 0F80 0F82 0F83 0F7E 0F7D 0F84 0F82 0F81 0F82 0F7D 0F7E 0F81 0F83 0F81 0F86 0F7E 0F85 0F7E 0F7B 0F82 0F80 0F7F 0F84 0F84 0F7B 0F80 0F7B 0F7D 0F7E 0F80 0F81 0F81 0F7A 0F7E 0F8C 0F7E 0F7B 0F7B 0F7B 0F7E 0F81 0F84 0F7B 0F7B 0F7B 0F8B 0F7A 0F7B 0F90 0F7D 0F7D 0F7A 0F79 0F7A 0F78 0F76 0F78 0F77 0F73 0F76 0F76 0F75 0F76 0F73 0F72 0F71 0F74 0F6F 0F75 0F6B 0F78 0F72 0F6F 0F70 0F70 0F6F 0F6F 0F6F 0F6E 0F6D 0F6E 0F69 0F73 0F6B 0F76 0F6D 0F6D 0F6A 0F5B 0F38 0EAD 0E0A 0D5B 0CBF 0C47 0BCA 0B5A 0B55 0BAA 0BCB 0BAA 0B48 0AB6 0A34 0A24 0A7A 0AB3 0AA2 0A54 09CC 093B 08E7 08DB 08C6 08AE 08A9 08A2 087B 088A 0902 09D6 0ADD 0C14 0CFA 0CF8 0C13 0AD1 0974 0811 06F1 061B 0568 050C 0544 05DA 0650 068E 069F 0686 0664 067D 06DE 0723 0733 0715 06D2 0683 0687 06E7 0742 075C 0755 0724 06C3 069B 06CB 0714 071F 06FD 06AE 0658 0642 0688 06D2 06E8 06E3 06D1 069A 066A 06A5 0726 0788 07BA 07C3 079C 075D 0780 07EA 083F 085A 0844 07F0 0763 070F 072D 0762 076A 0759 072E 06E3 06C8 0713 0767 0795 0785 0722 068E 0626 0635 0694 06D8 06E3 06C3 067E 0656 06AD 0746 07BB 07F3 07F3 07B6 076F 077F 07DE 082B 084A 0839 07FA 0791 078B 07D3 082A 083A 081D 07D2 
[0;32mI (3835) SPI_SLAVE: pushed into queue[0m

[0;32mI (3835) MQTT_TASK: Read from queue[0m
[0;32mI (3995) MQTT_CLIENT: MQTT_EVENT_PUBLISHED, msg_id=39446[0m
[0;32mI (4685) SPI_SLAVE: Expected: 720 bytes, Got: 720 bytes[0m
[0;32mI (4685) SPI_SLAVE: Received uint16_t data:[0m
0769 0733 075B 0797 07AC 079F 0772 071D 06E8 0719 0770 0795 0767 070B 0692 0656 0671 06D4 0713 0722 070B 06C4 0679 0675 06C3 0706 0723 072D 0710 06DA 06DF 0731 077E 0792 0787 075E 070B 06EF 072F 079C 07DC 07EF 07D2 0778 0743 076D 07D2 0821 0849 083B 07F2 07B6 07DD 0846 0892 089B 0871 080C 07AD 07AC 07EF 0823 083B 0832 0800 07B3 07A7 07EB 0826 0826 07FD 07BA 0758 0732 0778 07D4 07FD 07FD 07DA 0788 0758 0785 07E0 0810 0807 07C7 074A 06E2 06ED 074A 0793 07AB 079A 0750 0705 070C 075F 0793 079E 0771 0730 06DF 06D7 0729 075E 073A 0661 0562 048D 0438 045F 04AD 04DF 050C 0513 0508 04FE 0538 0590 05D0 05ED 05E7 05AC 0574 0584 05C2 05DA 05D2 05B0 0565 0514 051F 0586 05FB 064B 0679 067A 0668 068B 06EB 074A 0772 0779 075A 070E 0702 075D 07C4 0805 0829 081F 07E3 07C6 07EF 0826 0833 081B 07E7 078F 0736 072C 076E 079B 07AA 079F 076C 0745 076D 07C6 0802 080B 07EC 079A 0727 06DA 06D3 06CE 069E 065D 05FE 0575 0522 054E 05AB 05F2 061E 0636 065D 06F4 0823 099B 0ABF 0B00 0A5C 090C 0786 065A 05AE 0548 0504 04DF 04BA 04AB 04E8 0564 05C9 060E 0625 060E 05C9 05B0 05D5 0609 0610 05F3 05BA 0560 0536 0576 05CF 05ED 05DE 059E 0535 04F2 050D 054E 056A 055C 0535 04F4 04B8 04B7 04D3 04D3 04BA 04A6 046F 042A 043A 0494 04DD 04EE 04D3 0482 0431 040C 0439 0474 0478 0450 0403 0391 0356 038A 03D6 03F6 03EE 03B6 0353 0308 0323 0378 03A0 03A1 0365 02F4 0282 0272 02C2 0308 031C 02FC 02A7 0244 0232 026F 02AD 02B8 0297 024C 01EB 01D0 0219 0266 0276 0254 021A 01CB 01B2 01EE 0227 0232 021F 01F2 01B0 017D 0199 01EA 021C 0221 01F5 019E 0144 0152 01A2 01CF 01AE 017C 0132 00EA 00F4 014A 0193 01AD 01AB 014A 00C7 0085 00B4 0103 0120 0122 00FE 00AB 008C 00E0 014A 0184 018D 015F 0137 012F 0170 01CA 01E9 01DD 01D7 01D3 01EA 024B 02EA 0368 03A8 03C3 03A4 037F 03A3 0412 0471 04A8 04AD 048B 0465 047C 04E5 055F 05A3 05C3 05B8 
[0;32mI (4835) SPI_SLAVE: pushed into queue[0m

[0;32mI (4835) MQTT_TASK: Read from queue[0m
[0;32mI (4985) wifi:<ba-add>idx:0 (ifx:0, 34:cf:f6:9a:61:3b), tid:0, ssn:16, winSize:64[0m
[0;32mI (5035) MQTT_CLIENT: MQTT_EVENT_PUBLISHED, msg_id=2410[0m
[0;32mI (5685) SPI_SLAVE: Expected: 720 bytes, Got: 720 bytes[0m
[0;32mI (5685) SPI_SLAVE: Received uint16_t data:[0m
058D 058A 05D8 0645 069B 06C0 06B6 0679 0656 0689 06EA 0723 073C 0731 0704 06DA 0708 076B 07A0 07A6 0782 0727 06E7 0706 077E 080D 0876 089B 087B 0833 0836 08A4 0924 0978 09A8 09A2 0969 0962 09C9 0A43 0A83 0A86 0A4E 09EF 09B2 09D8 0A38 0A6B 0A70 0A41 09E5 0998 09AB 09FF 0A34 0A3C 0A2B 09FD 09CB 09EE 0A56 0ACD 0B26 0B3B 0AFB 0A71 09F0 099F 0954 08D3 0829 0752 0664 05E4 060E 0677 06BB 06C2 067E 05DD 0542 051A 054B 056B 0560 0519 048D 03F2 03BA 03E8 03ED 03B7 0362 02DA 0236 01E8 020C 0247 0268 0273 024E 01F6 01DD 022F 029C 02BA 0257 01A0 00CB 002E 000C 0014 001E 002B 0014 0000 0000 008D 014E 01CD 0211 0249 02B8 03AB 0543 06CE 0730 0666 04F0 031F 017E 0095 0075 00B5 00F5 0124 0138 012A 0169 021D 02D6 033C 035A 0352 02E0 02AC 02FC 038E 0401 0456 047E 0465 0454 048D 0500 0553 0579 057C 054D 0516 0546 05BE 0614 0632 0633 05FB 05B5 05BC 0604 063D 065A 065B 0623 05BF 0590 05C5 060D 061A 0606 05BA 0539 04FA 053F 05AC 05E4 05F0 05CE 0579 0548 057F 05F0 0632 0637 062A 0608 0606 0671 071A 0793 07DA 07E3 07B6 0777 0791 0803 086E 08A2 08A2 0862 0803 07EF 084B 08B6 08DE 08D4 0896 0823 07EB 0818 0876 08B5 08C4 089B 0843 0803 081C 0854 0869 0853 0823 07CE 0786 078D 07CA 07E3 07DE 07BF 077D 071F 0714 075E 0798 0782 0745 06F6 06B3 06BB 071B 077E 07AE 07B1 078E 0743 0728 0761 07BC 07ED 07F9 07DA 0781 0746 076F 07D0 080D 080B 07DF 078E 0746 075D 07C2 07FB 0802 07E1 078C 0735 0741 07A8 0808 082A 0814 07CC 0773 0757 0791 07DA 07EA 07D9 079E 0731 0708 0743 07AA 07DD 07E5 07AB 073F 06F8 071D 077C 07BA 07CD 07A9 073E 06DE 06E5 073E 0783 079B 078B 0738 06D9 06DC 0738 0789 079E 0778 070E 069F 0691 06FF 077A 07CA 07D7 07B6 0761 074A 079B 0810 0855 086D 084F 07FB 07BF 07EF 0860 08BB 08EB 08EB 08BE 088A 08B5 091E 0953 093E 08F5 087E 080D 0804 084F 0893 08AA 0888 0830 07C0 0797 07E3 0846 0864 0854 080E 
[0;32mI (5835) SPI_SLAVE: pushed into queue[0m

[0;32mI (5835) MQTT_TASK: Read from queue[0m
[0;32mI (5995) MQTT_CLIENT: MQTT_EVENT_PUBLISHED, msg_id=25115[0m
[0;32mI (6685) SPI_SLAVE: Expected: 720 bytes, Got: 720 bytes[0m
[0;32mI (6685) SPI_SLAVE: Received uint16_t data:[0m
078A 0742 0770 07C4 07F5 07FF 07C3 074F 06EA 06F0 0736 0767 0793 07B5 07A2 0796 0801 08F6 0A31 0B78 0CAB 0D44 0CCD 0BCC 0A83 090F 07A6 0691 05CE 0540 052B 05AB 064E 06CA 0715 072A 0708 0712 0773 07DC 080D 0811 07DF 078B 0762 07A1 0816 085B 0867 0849 07FA 07AE 07CD 0836 0883 089F 0891 0846 07DD 07BD 0808 085B 087A 086C 082C 07DA 07D3 082B 088E 08B2 08B5 088A 0832 080A 083F 08A4 08D9 08DC 08A8 0843 0803 082F 0896 08DD 08EF 08CF 086A 081E 0835 089E 08E3 08EF 08D0 0886 0849 086C 08CE 0918 0923 08FC 08A7 084B 0837 0877 08AA 0886 082C 07A6 06FB 069E 0651 0604 05B9 05A4 0598 0578 057E 05D9 065A 06A2 06A3 0677 061A 05C6 05DC 0642 068D 06B8 06A0 0640 05C4 05AD 0612 0689 06DE 0705 06F0 06BA 06C7 0731 0796 07C6 07C9 07A2 074F 073B 0791 07F7 081D 081F 07F3 07A3 0782 07C8 0836 0876 0873 083B 07D6 0786 07B5 0832 088D 089F 087B 081C 07BD 07CC 0833 0898 08C2 08B8 0864 07D3 0781 0797 07BE 07AA 0781 072C 06B9 067F 06B5 0707 0727 070A 06BE 0649 0604 0628 068B 06BA 06BC 0699 065D 0642 0693 0722 0785 07B0 07B3 076B 0715 072A 0792 07ED 081A 0818 07D3 0778 0766 07B1 0801 0816 0809 07E2 0794 077E 07CB 082B 084D 0846 081E 07C9 0786 079D 0802 085D 0890 088D 0828 07AE 0790 07BF 07DC 07D2 07A5 073D 06D7 06C8 070E 0754 0766 073B 06E2 0672 065C 06B1 0714 073B 0715 06A8 061D 05EE 064B 06BF 06EF 06E2 0696 0615 05E6 0648 06EE 0761 07A6 07E9 0845 0916 0A83 0C2A 0D04 0C96 0B28 0913 070F 05D2 0558 0541 054A 0561 056A 055B 0584 05F5 065C 0683 067B 0633 05C1 0582 05BD 061F 0657 065C 061C 05AD 056E 05A5 060B 0655 0674 065F 061F 05F3 0626 069A 06E9 0702 0700 06C7 0691 06C2 073A 0795 07BA 07AB 076B 0723 0744 07BD 0828 084B 0849 080B 0794 074A 077B 07DD 081B 0842 083A 07F4 07CA 07FB 0866 08B8 08D2 08B7 085D 081B 0848 08A8 08E8 08FA 08F2 08B5 0871 0886 08EE 094D 097A 096B 092A 08D6 08CC 091C 096C 0988 0983 094A 
[0;32mI (6835) SPI_SLAVE: pushed into queue[0m

[0;32mI (6835) MQTT_TASK: Read from queue[0m
[0;32mI (7035) MQTT_CLIENT: MQTT_EVENT_PUBLISHED, msg_id=49075[0m
[0;32mI (7685) SPI_SLAVE: Expected: 720 bytes, Got: 720 bytes[0m
[0;32mI (7685) SPI_SLAVE: Received uint16_t data:[0m
08E8 08B2 08E9 0935 095D 095E 092E 08C9 088A 08BB 091B 094F 0946 0915 08B0 0868 088B 08EB 092F 0947 093B 08F3 08A7 08B7 091A 0974 0996 098B 0952 0903 0914 0989 09FC 0A33 0A32 0A03 09AF 0990 09C3 0A03 0A29 0A32 0A16 09DC 09D2 0A2F 0AAE 0B08 0B20 0AFD 0A9C 0A48 0A5B 0ABF 0B0F 0B30 0B29 0AE1 0A97 0AA2 0AF6 0B3D 0B5E 0B48 0AF8 0A9B 0AA4 0AFD 0B58 0B78 0B68 0B32 0AE8 0AD2 0B30 0B9B 0BD3 0BD6 0B8E 0B25 0AEA 0B18 0B6B 0BA9 0BBC 0B9D 0B44 0AF3 0B0B 0B72 0BAC 0BB2 0B9B 0B43 0AE9 0AE6 0B36 0B74 0B8E 0B73 0B18 0A9F 0A7C 0ABC 0B05 0AD2 0A5F 09CA 0909 08A0 08D3 0935 0967 095A 090A 0895 0856 087B 08CE 08EB 08D7 0885 07FD 078B 0789 07B2 07A5 0786 075F 0709 06B7 06BA 06F2 070D 06EE 06B9 065A 05ED 05DF 0639 067D 0672 062B 059A 04E3 046A 0476 04AA 04BF 04BB 0494 0443 0418 0448 0492 04AB 04A0 0469 0409 03C8 03F9 0464 04A1 049A 046A 03F5 0387 0382 03BF 03ED 03D4 0397 0352 030D 0305 0351 03C4 043B 0518 061A 0713 07E2 0829 07A4 0657 04BD 031C 01AF 00DA 00CB 0124 016B 0187 018E 018A 01AE 0233 02E1 0353 036A 0356 0305 02BF 02DD 0340 0393 03B2 03AD 036A 0322 032A 0386 03DB 03F6 03EF 03B6 0363 0358 03AB 040D 0437 0434 03FA 03A0 037A 03C5 0434 046A 046B 043D 03E2 03A2 03D1 042E 0468 0472 0448 03E6 0395 03AD 0412 0459 046A 044B 03F6 03AC 03B2 0407 045E 0482 0487 0456 0413 0412 0471 04D5 0505 050D 04E2 0482 044A 047F 04E8 0535 055A 0563 0546 0524 0549 059C 05D6 05E6 05D3 059D 0577 059D 05FA 0643 065B 0651 0610 05CD 05D5 0633 067B 069E 06A4 0676 062B 0632 0699 0706 0737 073D 070E 06BE 06BE 0715 0784 07C3 07D7 07C3 078A 076E 07B5 082E 0890 08D2 08EB 08C6 089D 08C8 092E 0983 09B2 09BD 098C 0953 0965 09CB 0A16 0A36 0A2D 09FA 09B1 09B8 0A1F 0A96 0AD9 0AED 0AD8 0A98 0A6F 0A89 0AB2 0ADB 0AEB 0AE3 0AB6 0A96 0AD5 0B36 0B80 0B9A 0B83 0B3E 0B05 0B2D 0B92 0BDF 0BF3 0BEC 0BAC 0B63 0B71 0BC7 0C2E 0C4E 0C45 0BF2 
[0;32mI (7835) SPI_SLAVE: pushed into queue[0m

[0;32mI (7835) MQTT_TASK: Read from queue[0m
[0;32mI (8045) MQTT_CLIENT: MQTT_EVENT_PUBLISHED, msg_id=14407[0m
[0;32mI (8685) SPI_SLAVE: Expected: 720 bytes, Got: 720 bytes[0m
[0;32mI (8685) SPI_SLAVE: Received uint16_t data:[0m
0B83 0B58 0B91 0BE4 0C14 0C15 0BDB 0B70 0B3B 0B88 0BF6 0C4B 0C61 0C3B 0BEE 0BB6 0BEC 0C46 0C7B 0C83 0C63 0C1E 0BD9 0BF4 0C4B 0C82 0C98 0C8F 0C50 0C0B 0C07 0C61 0CAE 0CBA 0C94 0C36 0BCB 0BB3 0C0B 0C66 0C85 0C6D 0C1F 0BB8 0B8B 0BDC 0C26 0C25 0BF7 0BA7 0B46 0B1E 0B65 0BD6 0C29 0C4B 0C31 0BD6 0B85 0B94 0BDB 0C23 0C43 0C3C 0BF2 0BB8 0BDB 0C49 0C9E 0C96 0C5D 0BEE 0B7B 0B4B 0B90 0BD7 0C09 0C0D 0BD8 0B72 0B43 0B84 0BDE 0C1B 0C1F 0BEF 0B96 0B5A 0B8C 0BEA 0C23 0C2A 0C08 0BA4 0B49 0B34 0B62 0B81 0BAA 0BD4 0BC7 0BB9 0C0B 0CEB 0DD6 0EC6 0F5D 0F62 0F58 0F1A 0E29 0CA0 0AED 09A4 08C3 0853 0872 0918 09DC 0A6B 0ABF 0ADD 0AAA 0A6E 0A8C 0AC6 0ADB 0ABB 0A68 09FA 09C5 0A08 0A8A 0AF1 0B23 0B24 0AE4 0AB3 0ACD 0B27 0B76 0B8E 0B85 0B4E 0AF8 0AEF 0B23 0B57 0B75 0B8D 0B93 0B81 0B9F 0C08 0C64 0C95 0C9B 0C6D 0C1E 0BFA 0C3D 0CA2 0CD8 0CCB 0C9F 0C3E 0BFD 0C2C 0C83 0CD3 0CEA 0CD9 0C82 0C13 0BE3 0C07 0C22 0BFE 0BC5 0B6A 0B18 0B17 0B79 0BBF 0BCF 0BB2 0B5A 0AED 0ACE 0B1F 0B7B 0B98 0B84 0B35 0AD4 0AAB 0B03 0BA2 0C0F 0C36 0C1F 0BC7 0B81 0BAE 0C16 0C5D 0C66 0C39 0BD8 0B7B 0B8C 0BE5 0C35 0C3F 0C13 0BAB 0B38 0B1A 0B6B 0BBF 0BDD 0BCF 0B8E 0B2D 0B02 0B3B 0B8A 0BAF 0BA6 0B6D 0B11 0ADF 0B1F 0B82 0BB8 0BBE 0BA1 0B47 0AFB 0B22 0B76 0BBD 0BDA 0BC3 0B58 0AF8 0B06 0B6C 0BB5 0BC3 0BAB 0B5E 0B04 0AF2 0B41 0B83 0BA1 0B96 0B4E 0AE4 0ABE 0AFB 0B4A 0B73 0B66 0B2D 0AD5 0A9E 0AB9 0AEB 0B01 0B00 0ADF 0A97 0A67 0AA2 0B02 0B4C 0B66 0B4B 0AF3 0AAE 0AD0 0B3D 0B8C 0BA8 0BA8 0B6B 0B24 0B27 0B90 0BE7 0C13 0C16 0BD2 0B80 0B66 0BC1 0C22 0C4B 0C50 0C25 0BCC 0B9B 0BE8 0C53 0C98 0CA7 0C90 0C37 0BF7 0C26 0C8A 0CD5 0CF6 0CE1 0C9B 0C68 0C94 0D0D 0D74 0D98 0D8B 0D4B 0D18 0D30 0DB5 0E31 0E73 0E7F 0E4E 0E15 0E06 0E6B 0ED3 0F13 0F26 0F15 0EE5 0EDA 0F2B 0F52 0F4C 0F3E 0F28 0EDB 0E9F 0EBE 0F02 0F2D 0F2E 0F18 0EC8 0E79 0E84 0ECD 0F14 0F1F 0EFF 0E9F 
[0;32mI (8835) SPI_SLAVE: pushed into queue[0m

[0;32mI (8835) MQTT_TASK: Read from queue[0m
[0;32mI (9025) MQTT_CLIENT: MQTT_EVENT_PUBLISHED, msg_id=44254[0m
[0;32mI (9685) SPI_SLAVE: Expected: 720 bytes, Got: 720 bytes[0m
[0;32mI (9685) SPI_SLAVE: Received uint16_t data:[0m
0E2C 0DF4 0E39 0E77 0E80 0E52 0DD6 0D3D 0CC6 0C9B 0C93 0CA8 0CDC 0D0D 0D0D 0D1F 0DBF 0ECA 0F68 0F70 0F71 0F73 0F71 0F76 0F72 0F4C 0E5A 0CE3 0B78 0AA2 0AB0 0B4D 0BEC 0C5B 0C9B 0C92 0C68 0C76 0CD3 0D23 0D47 0D42 0D00 0CA5 0C96 0CF8 0D5F 0D98 0DA0 0D7D 0D2C 0D08 0D4B 0DB2 0DE1 0DBC 0D59 0CD3 0C8F 0CD6 0D52 0DA9 0DC6 0DA3 0D3A 0CEB 0D10 0D6F 0DBC 0DCB 0DB8 0D6A 0D18 0D17 0D69 0DB7 0DD3 0DC6 0D7A 0D2D 0D2E 0D98 0DFB 0E3B 0E56 0E2F 0DF4 0DEA 0E51 0ECB 0F28 0F47 0F49 0F3F 0F4B 0F62 0F66 0F6D 0F6A 0F68 0F6A 0F69 0F70 0F6D 0F6D 0F68 0F6B 0F4A 0EF8 0EA0 0E9D 0EA1 0E9B 0E86 0E42 0DFD 0DF6 0E3B 0E7B 0E7B 0E50 0E01 0D6C 0CE8 0CD1 0D02 0D34 0D50 0D43 0CF3 0CB7 0CDE 0D22 0D4D 0D4E 0D1F 0CBB 0C5F 0C60 0CA9 0CE8 0CF8 0CCB 0C63 0C0F 0C34 0CC8 0D3F 0D7B 0D8A 0D46 0CED 0CD6 0D1F 0D6A 0D83 0D77 0D45 0CDD 0CA3 0CCB 0D0B 0D38 0D32 0CF1 0C6B 0C13 0C2E 0C7E 0CAD 0CA2 0C7B 0C00 0B91 0B70 0B85 0B88 0B53 0B0B 0A9B 0A3B 0A3A 0A89 0AC6 0ACD 0AAC 0A4B 09E2 09BF 09F8 0A2C 0A40 0A2B 09DB 097E 097A 09ED 0A72 0ABB 0AC3 0A88 0A10 09BC 09C8 09F8 0A13 0A18 09F8 099A 0958 0973 09CF 0A0E 0A12 09ED 0976 0900 08FA 094B 0994 09A5 097D 0912 089F 0880 08BD 08FE 0918 0901 08A7 0842 0816 0855 0896 08A1 088B 0853 07F6 07B9 07E5 0832 0869 087B 0860 0802 07BB 07CF 0813 084E 084E 0835 07EA 07B2 07D3 082D 0854 082F 07E4 0762 06E8 06C2 06ED 0707 0707 06E3 0687 0622 05EF 0629 0666 066B 0652 0618 05BC 0591 05C0 05EA 05D0 0592 0555 04F0 04B7 04D7 0513 0528 052C 0537 051E 04FA 053A 05EB 06E6 081C 0968 0A4A 0A5B 09BF 08B9 075A 05F0 04B7 03AF 02EA 02B2 030D 0386 03D5 03E8 03D0 039D 0395 03E9 044A 047B 048A 0449 03D0 0382 039E 03EE 0432 0438 0419 03BE 0376 0390 03E4 041D 0425 040B 03B6 035F 035C 03B5 03FE 0422 040E 03C5 035C 0328 035F 03A4 03BF 03BA 0389 0334 02FD 032B 0374 03A2 038A 033A 02B6 0270 029C 02FC 034A 0368 0357 02FA 
[0;32mI (9835) SPI_SLAVE: pushed into queue[0m

[0;32mI (9835) MQTT_TASK: Read from queue[0m
[0;32mI (10035) MQTT_CLIENT: MQTT_EVENT_PUBLISHED, msg_id=30975[0m
[0;32mI (10685) SPI_SLAVE: Expected: 720 bytes, Got: 720 bytes[0m
[0;32mI (10685) SPI_SLAVE: Received uint16_t data:[0m
02A3 029C 02E1 0311 0315 0304 02C2 0284 027A 02B1 02D6 02D6 02B6 026F 0222 020A 0250 0294 02A7 028E 0256 01EC 01B5 01EB 022E 0258 0262 023F 01EC 01C0 01E7 023C 0274 0274 0259 0204 01C6 01E8 0246 027D 027D 0262 0216 01C6 01BE 0201 0232 0247 0232 01EC 0196 0178 01BE 0214 023B 0238 0200 01A4 0183 01C3 0214 0245 0256 022B 01BA 016A 019A 0204 025A 0273 0261 020F 01D1 01FA 0260 02AD 02C9 02C3 027C 0241 0254 02A8 02EC 02FE 0300 02DA 029F 0298 02E5 0336 0350 034A 0315 02B8 0290 02CD 031C 0351 035B 033B 02EA 02CE 0305 035C 0378 0324 0237 009F 0000 0000 0000 0000 0047 00CD 010E 011C 014A 01AF 0200 0232 0242 0212 01E4 01C9 020C 0231 0219 01F2 01C5 019D 01B9 023A 02C4 0325 0352 033F 0302 02E7 032A 039D 03EE 0408 0401 03BC 038C 03B8 0424 0490 04DF 050D 04FA 04E9 051A 0591 05EC 061C 0625 05F2 05B6 05BA 0615 066E 069E 06AE 068B 0650 0644 0694 06E3 0703 0718 0704 06C4 06A6 06D7 0717 072A 06FC 06A1 061A 05B5 05B6 05F0 0615 060F 05EE 059E 055D 057E 05D3 0608 0609 05E1 0599 057C 05BA 0658 06DA 0721 0732 0711 06D5 06CF 0726 076C 0781 0776 076F 0768 077B 07FC 0895 0935 0A12 0B2B 0C33 0D04 0D36 0CA3 0B57 09B3 082A 06D6 061C 061C 0691 070F 0770 07A4 0794 0775 07A2 0821 0898 08C9 08BE 0875 080B 07EB 0832 0886 08A5 08A2 086A 0803 07C9 07F6 0839 0864 0866 0843 07EE 07B4 07E0 0843 088B 089B 0882 082E 07F1 0812 0871 08C2 08F1 08F0 08B4 0865 0868 08C3 0923 0968 097A 094B 08FB 08EB 0942 099E 09E5 09E6 09BD 0972 094B 0996 0A00 0A34 0A13 09BF 0948 0914 0956 09D5 0A27 0A53 0A40 09E6 099D 09C2 0A23 0A6B 0A7B 0A67 0A0F 09C4 09C8 0A29 0A7B 0AA4 0A90 0A42 09D7 09CB 0A36 0A9E 0ACD 0ABE 0A7B 0A18 09EB 0A34 0A85 0AB9 0AB2 0A81 0A2A 09F1 0A1E 0A71 0A9D 0AA1 0A7E 0A2A 09E9 09FE 0A51 0A93 0AA8 0A96 0A3C 09EC 09F8 0A53 0AAB 0AD8 0ACA 0A80 0A1F 0A07 0A5E 0AAE 0ADF 0AEA 0AAB 0A52 0A38 0A76 0AC5 0AF5 0AF8 0ABB 0A3A 
[0;32mI (10835) SPI_SLAVE: pushed into queue[0m

[0;32mI (10835) MQTT_TASK: Read from queue[0m
[0;32mI (11035) MQTT_CLIENT: MQTT_EVENT_PUBLISHED, msg_id=50885[0m
[0;32mI (11685) SPI_SLAVE: Expected: 720 bytes, Got: 720 bytes[0m
[0;32mI (11685) SPI_SLAVE: Received uint16_t data:[0m
09D8 09EA 0A41 0A8B 0AAD 0AA6 0A46 09FD 0A16 0A70 0AAE 0AC8 0AB4 0A65 0A18 0A08 0A4B 0A8B 0AA1 0A97 0A5B 0A07 09FB 0A4A 0A8A 0A9D 0A86 0A43 09EA 09C9 0A0C 0A55 0A78 0A68 0A28 09BB 0989 09BE 0A13 0A51 0A53 0A1E 09B6 096D 0986 09DB 0A1E 0A39 0A30 09DD 0991 0993 09EF 0A3F 0A61 0A47 09F0 0991 098B 09E6 0A3E 0A6D 0A66 0A23 09BB 09A1 09F7 0A55 0A84 0A78 0A3F 09E3 09A9 09B2 09DD 09F7 0A0B 0A06 09BE 098D 09C6 0A2B 0A6A 0A79 0A5E 0A04 09B8 09C2 0A13 0A4B 0A59 0A50 0A0B 09BF 09C7 0A2A 0A7A 0A9D 0A8E 0A49 09EB 09D8 0A27 0A8D 0ABC 0A7F 09F0 0928 0891 087C 08B9 08F3 0925 0926 08E6 08D4 092A 09A2 09CE 09AB 0960 08DD 0879 086F 08B0 08A2 085C 080A 07B0 076B 0781 07EE 0842 086F 0862 0813 07BB 07B0 0804 0855 0879 0862 082B 07C8 0781 079C 07CB 07DF 0807 083E 0852 0885 0916 09E3 0ADB 0BFB 0D30 0E05 0E4C 0DCF 0CEB 0B73 09DC 0870 0750 06A7 06B7 0756 07F6 0854 087E 0863 0832 0829 0864 0881 086D 0832 07DB 0772 0749 077B 07BB 07D7 07C1 0784 0718 06DB 0703 0755 0774 075E 0723 06C7 06A6 06EF 0784 07F2 0823 0826 07E3 07A4 07AD 0804 084A 085B 084E 080C 07BA 07A9 07F1 0833 084E 083E 0805 07AE 078B 07CB 0813 083A 0815 07C1 0748 0706 073B 07A0 07E2 07F9 07D7 0782 0746 075A 07A9 07CE 07CE 07A3 0748 06F1 06F1 0739 076B 0779 075A 0704 069A 067F 06C3 06FF 0712 06F6 06BD 0662 0636 066E 06BF 06DD 06C9 068D 061E 05E2 060A 064D 066A 0667 0637 05CB 0582 059E 05EF 0616 0613 05EB 0591 0541 0545 058D 05B8 05C2 05A8 055C 0502 050A 0565 05A7 05CE 05C2 058C 0536 051F 056E 05C3 05F0 05E9 05AD 0522 04C5 04E2 0538 0574 058A 056B 050D 04D2 04F4 0549 0574 0573 055B 050B 04D0 04E5 0540 056E 0576 055E 0519 04D6 04EE 054F 059B 05B8 059A 054D 04E6 04C3 050E 0561 0590 0575 0534 04D2 04B1 04FA 0561 059C 05A7 0580 051F 04D4 04E6 052D 0558 0567 055E 051F 04E1 04F5 054C 0582 0599 057E 0539 0504 0533 05AB 05FF 0618 05F2 05A5 054C 
[0;32mI (11835) SPI_SLAVE: pushed into queue[0m

[0;32mI (11835) MQTT_TASK: Read from queue[0m
[0;32mI (12045) MQTT_CLIENT: MQTT_EVENT_PUBLISHED, msg_id=4888[0m
[0;32mI (12685) SPI_SLAVE: Expected: 720 bytes, Got: 720 bytes[0m
[0;32mI (12685) SPI_SLAVE: Received uint16_t data:[0m
053B 058A 05E3 0617 0619 05F0 058E 0551 056B 05AD 05DE 0606 0607 05D3 05C0 0600 065D 0694 069D 068B 064B 0620 0645 06A4 06D3 06DD 06CA 0689 063A 063B 068F 06D3 06E2 06D2 0694 0642 0638 0690 06E9 0714 0705 06D1 067E 0662 06AF 0719 0752 075F 0743 06E5 06B6 06DE 0739 077A 0793 0793 0758 072A 073D 0779 078B 077B 0752 06F3 0690 0684 06E3 072B 074E 074A 06FF 06A2 068A 06CE 071B 0754 074F 071C 06BB 069F 06DE 0729 0730 0712 06D1 065B 060E 063E 06CC 0756 07A8 07C2 07C8 0830 095D 0B0D 0C98 0D6B 0D1F 0BAE 09B6 0811 0705 0661 060E 05E6 05B9 0562 053B 056A 05A1 05A0 0519 0455 03CC 03E8 0488 0539 05A8 05E4 05E1 05B1 05A2 05F2 0669 06AA 06BB 069E 0643 05F4 05F9 063C 066E 068B 0698 0671 064E 0673 06D7 0717 073A 072A 06DF 068E 0690 06EB 0741 0766 075C 0724 06D8 06E6 076B 07FC 0852 0851 0807 07A7 07A2 080E 088D 08D6 08E2 08BA 0862 082C 085D 08C9 090A 091F 0912 08C8 0876 0818 07B5 076B 0740 072A 06FC 06CA 06E0 073A 0786 079D 0787 0746 06F6 06F5 074E 0793 07B2 079F 075E 06FD 06E5 0752 07E8 084B 0881 087E 0843 0813 0843 08A2 08DC 08E9 08D6 0881 0832 082F 0874 08B5 08D5 08CA 0878 0823 081A 0867 08B7 08DF 08DF 089E 0836 080D 085A 089F 08BF 08B9 087C 07FD 07C4 07FA 085B 089A 0898 086C 0813 07DF 0817 087F 08BA 08BD 088E 083B 080A 082B 0888 08BD 08B4 0893 0843 07F3 07F2 0842 0890 08AB 0899 085A 080E 080D 0866 08BE 08E2 08CA 0876 0815 0804 084A 089B 08CA 08D8 08B4 085D 0829 0853 08A2 08D2 08DF 08C6 0861 0816 0823 087C 08BD 08D9 08BF 086B 081A 0815 085E 089F 08AD 0893 0852 080A 0815 0866 089E 08BA 08AB 0872 081D 07FC 081A 0843 085E 0868 0852 0810 07F7 0835 088E 08AE 08B5 0892 0838 07FB 0829 0886 08B9 08BC 088E 0832 07EA 07F9 0854 08A3 08C5 08BF 0876 0816 0814 0862 08AF 08D6 08D0 089C 0849 0829 085A 08A1 08CA 08C8 089E 0863 0861 08BF 091E 092E 08F5 08A6 083F 07F3 07FE 0840 0864 086D 0853 0811 07D3 
[0;32mI (12835) SPI_SLAVE: pushed into queue[0m

[0;32mI (12835) MQTT_TASK: Read from queue[0m
[0;32mI (13035) MQTT_CLIENT: MQTT_EVENT_PUBLISHED, msg_id=24001[0m
[0;32mI (13685) SPI_SLAVE: Expected: 720 bytes, Got: 720 bytes[0m
[0;32mI (13685) SPI_SLAVE: Received uint16_t data:[0m
07E2 081C 0850 085B 084D 080E 07B6 07AD 07F6 0848 086A 085D 0816 07B1 078C 07B3 07E3 080F 0845 0862 0853 0887 0957 0A8E 0BF6 0D45 0E06 0D8B 0C4B 0AFF 09B4 0885 079D 06F6 0676 063F 0688 0720 079A 07DF 07F7 07DA 07AA 07DC 0842 088E 08AA 0890 0856 0805 0801 084A 0891 08AE 08A8 0870 0819 07ED 0827 0876 089A 0895 086E 0813 07EF 082B 088C 08B5 08B1 0892 0845 0813 0840 089A 08D3 08D7 08AB 0852 07FF 0815 087E 08DB 0908 0900 08B4 0845 081F 085A 08AA 08D3 08C0 0867 0801 07E7 0837 08A6 08E2 08EF 08C6 0863 0828 0858 08B0 08D9 08D0 0888 07D3 06DA 0624 05F0 060D 063F 0667 0658 0636 0655 06B2 0701 071E 0719 06E8 069D 069D 06DB 06F1 06CB 06A0 065E 0617 0613 0671 06D6 070A 070D 06DA 0672 064A 0688 06EC 071D 0729 0702 06A8 065E 066D 06CE 0741 079F 07C7 07AE 078E 07C1 082E 0882 0893 087B 082C 07D5 07D5 082B 0883 08A8 08A1 084E 07D3 0797 07CD 082E 086A 0889 086E 080B 07CE 07D5 07EE 07DD 07B1 0762 06F3 06AA 06BD 06F8 0719 0716 06F5 069D 064F 064D 06A6 06D9 06F0 06C6 0663 0603 061A 069A 0721 077A 079A 077A 0738 0737 0785 07D9 07FE 0801 07D2 077F 0750 0786 07CF 07FB 07FE 07C2 075F 0722 073E 0796 07CB 07D8 07C5 077C 0733 0741 0792 07CD 07E2 07D1 078D 0743 074A 078E 07C9 07DA 07C3 0783 072A 0700 0719 073D 074A 074B 072F 06E9 06C8 0707 0767 079B 07A2 0772 0719 06FA 073B 07AB 07F3 0814 0801 07B1 0768 078B 07E2 0828 0847 085B 083F 07F7 07D7 07F2 0811 080E 07E3 078B 0731 0724 076D 07B5 07CE 07C3 078B 0729 06FE 0733 0777 0793 078E 0760 0705 06CE 06F3 074E 0783 0786 0755 06E1 0680 06B0 0732 07A1 07EA 0817 0835 089B 09B2 0B46 0CBD 0D46 0CB8 0B28 0923 0784 069F 062D 05E8 05C9 05AB 058D 05B6 0641 06D3 073F 0776 076C 071D 06EE 0718 076F 07AB 07B4 0785 0735 06F2 0710 0762 0791 079A 078D 074D 0713 073A 079C 07E9 07FE 07EB 07AA 075B 075C 07AD 0805 082B 0828 07EF 078D 0764 07A7 07ED 0819 0822 07FE 07B5 0796 
[0;32mI (13835) SPI_SLAVE: pushed into queue[0m

[0;32mI (13835) MQTT_TASK: Read from queue[0m
[0;32mI (14035) MQTT_CLIENT: MQTT_EVENT_PUBLISHED, msg_id=53110[0m
[0;32mI (14685) SPI_SLAVE: Expected: 720 bytes, Got: 720 bytes[0m
[0;32mI (14685) SPI_SLAVE: Received uint16_t data:[0m
07C9 0802 0810 0804 07D5 077D 073A 0761 07BB 0801 0824 081B 07D1 078B 07A6 07FE 083C 0852 083B 07EB 078F 0796 07E5 0831 083A 0808 079E 072D 0716 0767 07C7 07F3 0802 07D6 0779 074E 0789 07DA 080B 081C 07F5 07A1 075B 0779 07CA 07F9 0810 0803 07B9 0772 0776 07B2 07DD 07E6 07D3 078A 073A 073C 0787 07CF 07DF 07D1 078E 072F 071A 0763 07B3 07DB 07DE 07AA 0755 073A 0779 07D2 0803 081C 0805 07B5 077A 07A9 0812 0858 0866 0849 07FD 07BB 07DE 083A 0885 08A6 0893 0843 07E9 07EC 0839 0875 088B 0888 0838 07C8 0796 07D0 081B 0845 084F 0802 075F 06FA 06F0 0700 06FF 06F0 06CD 068D 066B 06BF 072B 077D 0792 0770 0717 06E1 0716 076E 078C 076A 073F 0700 06D8 070C 0789 07ED 080A 0801 07C8 078F 07B2 0830 08AB 08F1 090E 08EA 08B9 08B6 0910 0988 09E8 0A34 0A49 0A3D 0A4A 0AA9 0B13 0B4C 0B50 0B29 0ADB 0AB3 0AEA 0B46 0B7D 0B86 0B6B 0B22 0ADF 0AF0 0B41 0B7D 0B92 0B82 0B3F 0AED 0AC2 0AD0 0ACB 0AAB 0A82 0A2E 09D9 09AE 09E1 0A1E 0A40 0A37 0A05 09C0 099E 09DD 0A2E 0A59 0A4E 0A10 099C 095D 09B4 0A4B 0AD8 0B2B 0B41 0AF2 0AA9 0AA3 0ADB 0AFE 0AE6 0AA9 0A3E 09DF 09DB 0A3B 0A94 0AB5 0AA5 0A53 09F0 09CA 0A01 0A4A 0A73 0A6F 0A2F 09D2 09A6 09D9 0A1A 0A2B 0A0E 09B1 0940 092F 099D 0A2A 0A9B 0AEF 0B48 0BC2 0CB0 0E13 0F47 0F4E 0E8E 0CF5 0ADE 08F3 07DF 079B 07B4 07DD 0818 082E 0833 0888 0915 0994 09D8 09DF 09AB 0956 0932 0965 09B2 09CF 09C3 0992 0930 08F9 092C 097B 09B1 09BA 09A0 0950 0912 092D 0985 09C2 09CA 09AD 095E 0918 092B 098B 09D4 09DF 09C0 095F 08F8 08DF 092F 097E 09A2 099D 095F 0900 08D2 090D 0952 096F 0968 0933 08DC 08B5 08F4 0948 0973 097B 0959 08FE 08C1 08DF 093B 0972 096E 0945 08EA 089B 08A2 08F1 0930 0935 090C 08A3 0838 0822 0864 08AC 08D7 08DB 08A3 084E 082E 086F 08BA 08DB 08D3 08A0 0840 0804 082C 0872 0899 0898 0869 0807 07CB 07E3 0827 085A 084E 0819 07AE 0759 0772 07CB 0806 080D 07E4 077E 0723 0718 
[0;32mI (14835) SPI_SLAVE: pushed into queue[0m

[0;32mI (14835) MQTT_TASK: Read from queue[0m
[0;32mI (15035) MQTT_CLIENT: MQTT_EVENT_PUBLISHED, msg_id=24008[0m
[0;32mI (15685) SPI_SLAVE: Expected: 720 bytes, Got: 720 bytes[0m
[0;32mI (15685) SPI_SLAVE: Received uint16_t data:[0m
0760 0794 07A5 0787 0737 06D6 06AE 06F9 0746 075D 0753 0718 06C4 069D 06DD 0723 074A 0748 0719 06AC 066B 068D 06DF 070E 0712 06F7 06AA 0663 0672 06C3 06FC 06FD 06D5 0668 05F0 05BF 05FB 0634 0656 0655 0617 05CE 05CE 062C 067E 069B 069A 0670 0630 061D 0669 06C3 0701 070E 06ED 06A7 0691 06D9 074F 07A2 07BE 07AC 0762 0728 074E 07AE 07FC 0809 07FC 07B3 0778 0783 07E8 0827 0841 082B 07E9 079E 078F 07D9 0816 0823 0813 07DF 0790 0780 07C5 0812 0838 0838 0809 07BA 0799 07D7 082B 0856 0856 0829 07C6 0783 07AA 07FB 0834 0841 0819 076A 06C9 067A 0675 0686 063B 05C9 0553 050F 0538 05C9 0646 0683 0682 0639 05D0 0599 05B0 05BE 05C3 05A8 0555 04D0 048B 04C6 0527 056F 0596 0595 055C 053F 0586 05DD 0616 0625 0615 05DA 05C8 060E 06A0 06E6 06DF 06AD 0663 0636 0666 06E9 074A 0778 077E 074B 0704 06E7 071D 0748 0753 073E 06F9 0690 0657 0675 06AB 06CA 06CA 06A9 065A 062F 064E 0661 0641 0615 05F5 05B3 0588 05BA 0661 075E 088B 09C6 0A9D 0ACD 0A48 095B 07FA 066F 051A 040A 0356 0346 03DE 0494 0514 0546 0513 04A8 048A 04E4 0555 05AD 05D3 05C7 0586 0565 05AE 0636 06AD 0703 071A 06D6 06B5 06D6 0713 072E 0733 072C 0709 06F8 073A 07C1 0836 0879 089A 08A9 08BB 090B 09C2 0A62 0ADC 0B36 0B62 0B6A 0BB1 0C5C 0D0D 0D9D 0DEB 0DF8 0DCB 0DD8 0E5C 0F09 0F53 0F5F 0F62 0F5E 0F65 0F6A 0F6B 0F72 0F73 0F76 0F81 0F7C 0F7A 0F78 0F78 0F78 0F77 0F81 0F81 0F83 0F7E 0F7E 0F80 0F7E 0F79 0F7A 0F7B 0F7C 0F7D 0F84 0F73 0F7B 0F7B 0F7C 0F77 0F81 0F81 0F81 0F86 0F7E 0F81 0F7E 0F7B 0F82 0F7B 0F7F 0F85 0F84 0F7B 0F7B 0F82 0F7D 0F7E 0F83 0F83 0F81 0F86 0F7E 0F84 0F7E 0F80 0F72 0F7B 0F7F 0F84 0F84 0F82 0F7B 0F82 0F7D 0F7E 0F81 0F81 0F81 0F8E 0F7A 0F84 0F7E 0F7B 0F82 0F7B 0F7E 0F84 0F85 0F82 0F7B 0F7F 0F7D 0F86 0F88 0F81 0F83 0F86 0F7E 0F84 0F7E 0F7B 0F7E 0F80 0F7E 0F81 0F85 0F82 0F79 0F7B 0F7D 0F77 0F81 0F83 0F81 0F8A 0F7E 0F81 0F7E 
[0;32mI (15835) SPI_SLAVE: pushed into queue[0m

[0;32mI (15835) MQTT_TASK: Read from queue[0m
[0;32mI (16035) MQTT_CLIENT: MQTT_EVENT_PUBLISHED, msg_id=61930[0m
[0;32mI (16685) SPI_SLAVE: Expected: 720 bytes, Got: 720 bytes[0m
[0;32mI (16685) SPI_SLAVE: Received uint16_t data:[0m
0F7B 0F7B 0F7B 0F7E 0F84 0F7D 0F7B 0F7B 0F7B 0F7C 0F77 0F80 0F80 0F80 0F7E 0F7A 0F7D 0F7A 0F78 0F78 0F78 0F76 0F75 0F6D 0F6B 0F68 0F5A 0F20 0EB6 0E50 0DE3 0D8F 0D46 0CD6 0C9F 0CB6 0CEB 0CF3 0CCB 0C7F 0C05 0BA5 0B8B 0B98 0B82 0B58 0B07 0A91 0A2F 0A17 0A42 0A52 0A41 0A06 0993 0913 08E1 08F4 08F5 08D4 0898 0833 07BF 0783 07A0 07C7 07CB 07B7 0782 071A 06D4 06E2 06FB 06F2 06CB 0694 062F 05DD 05E4 062A 0658 0651 0626 05C3 055E 0557 059A 05B6 05C7 05BE 058B 0553 053A 0550 0551 052D 04EA 0479 03FE 03DB 0412 0450 045E 0447 03E8 02D6 01CE 0167 0166 0192 0191 0178 0148 0146 0196 020D 0248 0251 0226 01C2 016C 017A 0202 0294 02FF 0338 0335 0366 045D 0607 07BC 08D5 08DA 07B3 0602 046F 0356 02A0 0232 0202 01F6 01E4 0211 0285 0302 0352 0370 0378 0359 0384 0402 0487 04DE 0512 051A 04F0 04D3 0507 056A 05AE 05D9 05DA 05AB 057E 059F 0600 063F 065F 065A 062A 05EE 05FF 0660 06AD 06C5 069B 063A 05C6 058C 05B6 05FD 0624 062E 0615 05CB 05B7 05F8 0649 066A 0661 0636 05D2 0588 05A5 0609 065E 06B8 06F8 06F5 06EA 071F 077D 07BF 07EE 07F6 07E5 07C2 07D1 0822 0868 0890 089D 0884 0846 0848 088B 08BD 08DA 08D5 08B5 0865 0852 088A 08DD 0912 091F 0903 08B3 0886 08AC 08FD 0932 0948 092E 08D8 0890 08A1 08E5 0913 0922 0912 08CD 087E 0873 08B8 08FB 091C 0915 08D5 0883 086A 08A8 08F1 0912 0911 08E1 0887 086E 08B6 090D 093E 094B 0922 08BB 0864 086D 08AD 08DB 08F8 08EA 08A4 0874 089D 08F3 093B 095E 0952 0924 08E2 08DB 0912 0943 095C 0955 0925 08DA 08CF 0913 0954 0977 0983 095B 0913 08FE 0936 0974 098A 0998 0972 092B 0906 0941 0994 09BF 09D3 09BF 097C 0950 0980 09CB 09FD 0A0E 09F6 09AD 096A 0981 09DA 0A1B 0A36 0A25 09DD 0982 0972 09B8 09F8 0A17 0A13 09D5 0989 097F 09D2 0A25 0A4A 0A3B 09FF 09A8 0978 098D 09BC 09C3 09C8 09BF 0981 0966 099B 09F3 0A29 0A36 0A16 09C1 0982 099A 09E2 0A13 0A26 0A15 09CD 097B 0982 09CB 
[0;32mI (16835) SPI_SLAVE: pushed into queue[0m

[0;32mI (16835) MQTT_TASK: Read from queue[0m
[0;32mI (17055) MQTT_CLIENT: MQTT_EVENT_PUBLISHED, msg_id=48473[0m
[0;32mI (17685) SPI_SLAVE: Expected: 720 bytes, Got: 720 bytes[0m
[0;32mI (17685) SPI_SLAVE: Received uint16_t data:[0m
09FC 09F0 09C3 0971 0913 08FA 0936 0974 099E 0999 095E 0909 08DC 08F5 0914 0912 08F3 08B2 083C 07E2 07DF 07F7 07E5 0796 071A 0675 05E6 05A0 0590 0578 0546 04EF 0465 03C8 0399 03BE 03EB 03F8 03E5 0397 0343 032F 0354 035F 0332 02E1 0282 021B 01F9 0225 026E 0296 02C4 02E4 02EB 0332 03EC 04F0 061B 074A 0842 08A5 082A 0733 05E8 0461 02FC 01D4 00DC 0028 0004 0048 0093 00D4 0104 00FC 00F2 0125 01A8 0221 026F 028B 026A 0229 0231 028D 02FF 0348 037B 03A0 039D 03C4 0442 04D5 053E 0583 0594 0575 0566 05A9 061A 0663 067C 065C 05F0 0568 04E3 0418 032B 020A 0127 0022 0000 0054 0165 0289 036C 03F7 0420 041D 043D 0481 04BD 04DA 04E8 04EB 04B9 048A 04A6 04C4 0463 03EA 034F 02CD 02A8 02EF 0362 03AA 03BF 03A5 034C 02E8 02CD 02E4 02EF 02E8 02BC 0254 01DC 01BB 01C2 01B5 0169 00F7 005C 0000 0000 0000 0000 0000 0000 0000 0000 0000 0000 0000 0000 0000 0000 0000 0000 0000 0000 0000 0000 0000 0000 0000 0000 0000 0000 0000 0000 0000 0000 0000 0000 0000 0000 0000 0000 0000 0000 0000 0000 0000 0000 0000 0000 0000 0000 0000 0000 0000 0000 0000 0000 0000 0000 0000 0000 0000 0000 0000 0000 0000 0000 0000 0000 0000 0000 0000 0000 0000 0000 0000 0000 0000 0000 0000 0000 0000 0000 0000 0000 0000 0000 0000 0000 0000 0000 0000 0000 0000 0000 0000 0000 0000 0000 0000 0000 0000 0000 0000 0000 0000 0000 0000 0000 0000 0000 0000 0000 0000 0000 0000 0000 0000 0000 0000 0000 0000 0000 0000 0000 0000 0000 0000 0000 0000 0000 0000 0000 0000 0000 0000 0000 0000 0000 0000 0000 0000 0000 0000 0000 0000 0000 0000 0000 0000 0000 0000 0000 0000 0000 0000 0000 0000 0000 0000 0000 0000 0000 0000 0000 0000 0000 0000 0000 0120 0302 041A 044B 0391 0220 0084 0000 0000 0000 0000 0000 0000 0000 0000 0000 0000 0000 0000 0000 0000 0000 0000 0000 0000 0000 0000 0000 0000 0000 0000 0000 0000 0000 0000 0000 0000 0000 0000 0000 0000 
[0;32mI (17835) SPI_SLAVE: pushed into queue[0m

[0;32mI (17835) MQTT_TASK: Read from queue[0m
[0;32mI (17975) MQTT_CLIENT: MQTT_EVENT_PUBLISHED, msg_id=8870[0m
[0;32mI (18685) SPI_SLAVE: Expected: 720 bytes, Got: 720 bytes[0m
[0;32mI (18685) SPI_SLAVE: Received uint16_t data:[0m
0000 005A 0089 0059 0029 002B 0062 006B 0036 0000 0000 0000 0000 0000 0000 0000 0000 0000 0000 0000 0000 0000 0000 0000 0000 0000 0000 0000 0000 0000 0000 0000 0000 0000 0000 0000 0000 0000 0000 0000 0000 0000 0000 0000 0000 0000 0000 0000 0000 0000 0000 0000 0000 0000 0000 0000 0000 0000 0000 0000 0000 0000 0000 0000 0000 0000 0000 021E 0532 0772 0889 08AA 0853 07E8 079F 0784 0789 0799 07A3 07AB 07B2 07AE 07B0 07B2 07B3 07B3 07B6 07BA 07B5 07B6 07B1 07B2 07B3 07BC 07B5 07B9 07B3 07B3 07BA 07B9 07B2 07B8 07BB 07BB 07C6 07BA 07BD 07BA 07B8 07BA 07B8 07B8 07BD 07E4 07DB 078F 070B 066F 05A7 0517 0507 052D 052A 04F6 0494 03FE 0382 03A6 0433 04B0 04E1 04D9 0488 041B 0408 0463 04D4 052A 0547 051B 04CF 04CC 0541 05D2 0630 0663 0666 0638 063D 06BD 0750 07C8 0808 0813 07FA 0810 0897 0945 09DA 0A22 0A4D 0A42 0A4B 0ACA 0B93 0C30 0C79 0C84 0C4B 0C31 0C9A 0D6C 0E30 0EB1 0EBB 0E81 0E36 0E4A 0EE5 0F56 0F68 0F66 0F69 0F6B 0F73 0F76 0F7E 0F84 0F6E 0F7B 0F7A 0F78 0F7E 0F81 0F7C 0F82 0F7B 0F7B 0F7D 0F7E 0F81 0F81 0F81 0F86 0F7E 0F84 0F7E 0F81 0F82 0F80 0F86 0F85 0F85 0F7B 0F7B 0F7B 0F7F 0F7E 0F81 0F81 0F81 0F86 0F7E 0F85 0F7A 0F81 0F7F 0F7B 0F84 0F84 0F84 0F7B 0F81 0F83 0F80 0F7E 0F83 0F81 0F83 0F86 0F7E 0F84 0F7E 0F78 0F7B 0F81 0F7E 0F84 0F85 0F7B 0F80 0F7B 0F7D 0F7E 0F81 0F81 0F81 0F7E 0F7E 0F84 0F7E 0F7B 0F7B 0F78 0F5E 09DF 0000 0000 0000 0000 0000 0000 0000 0000 0000 0000 0000 0000 0000 0000 0012 02CB 05DC 07E5 08C5 08BF 085F 07F8 07AF 0797 079B 07A7 07B7 07C0 07C2 07C1 07BE 07B8 07B3 07B5 07BC 07B5 07B5 07AB 07AF 07AE 07AD 07B0 07AD 07AF 07B1 07B6 07B4 07B5 07BA 07B8 07BA 07BB 07BF 07BF 07C4 07C3 07C3 07C3 07C1 07BE 07C2 07C5 07DF 086A 0962 0AC9 0CA6 0E69 0F5B 0F6B 0F76 0F7D 0F84 0F82 0F80 0F7B 0F7D 0F7E 0F81 0F81 0F85 0F86 0F7E 0F85 0F7E 0F81 0F7B 0F81 0F7E 0F84 0F84 0F82 0F81 0F82 
[0;32mI (18835) SPI_SLAVE: pushed into queue[0m

[0;32mI (18835) MQTT_TASK: Read from queue[0m
[0;32mI (18975) MQTT_CLIENT: MQTT_EVENT_PUBLISHED, msg_id=53170[0m
[0;32mI (19685) SPI_SLAVE: Expected: 720 bytes, Got: 720 bytes[0m
[0;32mI (19685) SPI_SLAVE: Received uint16_t data:[0m
0F7C 0F7E 0F81 0F81 0F83 0F86 0F7F 0F85 0F7E 0F7B 0F82 0F81 0F84 0F84 0F84 0F82 0F7B 0F7B 0F7D 0F7E 0F81 0F81 0F83 0F86 0F7E 0F84 0F7E 0F7B 0F82 0F79 0F7E 0F81 0F84 0F8B 0F80 0F82 0F7F 0F7F 0F81 0F81 0F81 0F86 0F86 0F89 0F7E 0F7B 0F82 0F81 0F7F 0F84 0F85 0F82 0F81 0F82 0F78 0F7E 0F81 0F83 0F81 0F86 0F7E 0F84 0F7E 0F88 0F7B 0F81 0F7F 0F81 0F85 0F82 0F80 0F82 0F80 0F7E 0F83 0F83 0F83 0F86 0F7F 0F75 0F7E 0F7B 0F82 0F80 0F84 0F84 0F84 0F82 0F7B 0F82 0F78 0F7E 0F80 0F83 0F81 0F86 0F7E 0F85 0F7E 0F78 0F82 0F7B 0F7F 0F84 0F88 0F82 0F7B 0F82 0F84 0F7E 0F81 0F81 0F81 0F86 0F7E 0F84 0F7E 0F80 0F7B 0F81 0F84 0F84 0F85 0F7B 0F69 0752 0000 0000 0000 0000 0000 0000 0000 0000 0000 0000 0000 0000 0000 0000 0000 0000 0000 0000 0000 0000 0000 0000 0000 0000 0000 0000 0000 0093 037E 064D 0804 0895 087C 0812 07BB 078A 077C 0782 0792 079F 07A7 07AE 07AE 07AD 07AA 07A8 07AA 07AB 07B0 07AD 07B5 07B2 07B1 07AE 07AB 07AE 07AB 07B0 07B5 07BC 07B3 07B6 07B8 07B4 07B4 07B7 07BB 07BB 07BE 07BE 079F 0706 05F1 04AE 0370 0215 008D 0000 0000 0000 0000 0000 0000 0000 0000 0000 0000 0000 0000 0000 0000 0000 0000 0000 0000 0000 0000 0000 0000 0000 0000 0000 0000 0000 0000 0000 0000 0025 02E2 05DB 07D6 08A8 089F 0845 07E2 07A3 078E 0791 079E 07B0 07BB 07BF 07C2 07BA 07BC 07BA 07B3 07B3 07B3 07B8 07BD 07BD 07BA 07BB 07BA 07B8 07B7 07BB 07BD 07BF 07C4 07BE 07BD 07BE 07BB 07BB 07BB 07C0 07C1 07C1 07BE 07CF 0818 0879 08D2 0913 093D 093F 094A 0972 09C4 09EE 09F2 09DF 098B 0924 08E9 0904 092B 0953 0963 0939 08E2 089B 0881 085D 0836 07FE 079F 0722 06AF 067E 0645 05FC 05A7 0565 0506 0495 042F 03D1 036E 0310 02C7 0250 0170 0049 0000 0000 0000 0000 0000 0000 0000 0000 0000 0000 0000 0000 0000 0000 0000 0000 0000 0000 0000 0000 0000 0000 0000 0000 0000 0000 0000 0000 0000 0000 0000 0000 0000 0000 0000 0000 0000 0000 
[0;32mI (19835) SPI_SLAVE: pushed into queue[0m

[0;32mI (19835) MQTT_TASK: Read from queue[0m
[0;32mI (19965) MQTT_CLIENT: MQTT_EVENT_PUBLISHED, msg_id=54880[0m
[0;32mI (20685) SPI_SLAVE: Expected: 720 bytes, Got: 720 bytes[0m
[0;32mI (20685) SPI_SLAVE: Received uint16_t data:[0m
0000 0000 0000 0000 0000 0000 0000 0000 0000 0000 0000 0000 0000 0000 0000 0000 0000 0000 0000 0000 0000 0000 0000 0000 0000 0000 0000 0000 0000 0000 0000 0000 0000 0000 0000 0000 0000 0000 07FD 0F7F 0F84 0F8D 0F7B 0F81 0F7B 0F80 0F7E 0F81 0F81 0F81 0F86 0F7E 0F75 0F6A 0E81 0BAE 08FB 075E 06D1 06F8 0753 07AB 07DF 07EC 07E0 07D3 07C7 07BB 07BE 07AE 07B9 07AF 07AE 07A8 07A3 07A6 07A4 07A4 07A2 07A3 07AA 07AB 07AE 07B1 07B7 07B7 07C0 07C2 07BD 07B6 07AA 07A3 07A3 07A8 07AC 07AD 07AB 07AB 07B2 07B2 079A 06C9 0505 0282 0000 0000 0000 0000 0000 0000 0000 0000 0000 0000 0000 0000 0000 0000 0000 0000 0000 0000 0000 0000 0000 0000 0000 0000 0000 0000 0000 0000 0000 0000 0000 0000 0000 0000 0000 0000 0000 0000 0000 0000 0000 0000 0000 0000 0000 0000 0000 0000 0000 0000 0000 0000 0000 0000 0000 0000 0000 0000 0000 0000 0000 0000 0000 0000 0000 0000 0000 0000 0000 0000 0000 0000 0000 0000 0000 0000 0000 0000 0000 0000 0000 0000 0000 0000 0000 0000 0000 0000 0000 0000 0000 0000 0000 0000 0000 0000 0000 0000 0000 0000 0000 0000 0000 0000 0000 0000 0000 0000 0000 0000 0000 0000 0000 0000 0000 0066 046D 0A36 0F72 0F7D 0F7E 0F7B 0F7B 0F81 0F7F 0F85 0F84 0F82 0F80 0F83 0F7D 0F7E 0F88 0F83 0F81 0F86 0F7E 0F84 0F7E 0F7B 0F82 0F81 0F7F 0F85 0F7D 0F7B 0F7B 0F82 0F80 0F77 0F81 0F83 0F81 0F86 0F7E 0F84 0F7E 0F7B 0F82 0F80 0F7F 0F84 0F85 0F7B 0F79 0F72 0F60 0D87 0AC0 088B 0773 073A 076E 07BD 07F6 0805 0806 07F3 07E6 07DD 07DC 07D3 07D9 07D8 07D8 07D6 07D6 07D7 07DB 07DE 07DA 07CF 07CE 07CB 07CA 07CE 07D4 07D5 07D5 07CE 07CB 07C8 07C8 07C2 07C2 07C3 07BD 07A6 0698 03CC 0000 0000 0000 0000 0000 0000 0000 0000 0000 0000 0000 0000 0000 0000 0000 0000 0000 0000 004F 0313 05F8 07DE 0898 0891 083C 07DB 07A2 0792 0799 07A6 07B8 07BF 07C5 07C0 07B6 07B5 07B6 07BA 07BB 07BB 07C4 07C1 07C9 07C3 07C8 07C8 
[0;32mI (20835) SPI_SLAVE: pushed into queue[0m

[0;32mI (20835) MQTT_TASK: Read from queue[0m
[0;32mI (20985) MQTT_CLIENT: MQTT_EVENT_PUBLISHED, msg_id=6542[0m
[0;32mI (21685) SPI_SLAVE: Expected: 720 bytes, Got: 720 bytes[0m
[0;32mI (21685) SPI_SLAVE: Received uint16_t data:[0m
07C8 07C6 07CA 07CF 07CD 07CF 07D2 07D5 07D2 07D1 07D2 07D2 07D4 07CF 07D4 07CE 07CB 07CE 07D8 0876 0A50 0D33 0F71 0F7E 0F7E 0F85 0F7E 0F82 0F82 0F81 0F7E 0F81 0F8C 0F83 0F7B 0F82 0F7D 0F7F 0F81 0F83 0F83 0F86 0F7E 0F85 0F7E 0F81 0F7B 0F80 0F84 0F84 0F85 0F82 0F7B 0F8B 0F79 0F7E 0F81 0F81 0F81 0F7E 0F6E 0E6C 0B8A 08F2 076E 06F1 071A 0775 07CC 07F2 07FB 07F2 07E1 07D4 07CB 07C9 07CB 07CE 07CA 07C5 07C6 07BF 07BE 07C2 07C6 07C5 07C8 07CA 07C3 07C3 07BC 07B4 07B5 07B7 07B7 07BE 07BE 07BF 07BE 07BB 07BA 07BB 07EC 07C1 0784 06AF 0556 03CE 026B 014C 0096 0040 0014 0000 0000 0000 0000 0000 0000 0000 0000 0000 0000 0000 0000 0000 02F8 08CC 0F6B 0F81 0F81 0F86 0F76 0F85 0F7E 0F80 0F7B 0F81 0F7F 0F84 0F84 0F82 0F81 0F7B 0F7F 0F7E 0F81 0F83 0F83 0F86 0F86 0F84 0F7E 0F81 0F82 0F83 0F7F 0F81 0F84 0F82 0F7B 0F7B 0F78 0F57 0D71 0A81 0837 0716 06DA 0721 077E 07C8 07EB 07F2 07E8 07D5 07CC 07BF 07BB 07BB 07BB 07BB 07BF 07C6 07C9 07C9 07C3 07BF 07BE 07B9 07B7 07B9 07BB 07BB 07C2 07BA 07BC 07BA 07B3 07AA 079A 078C 077D 077C 0763 0719 0282 0000 0000 0000 0000 0000 0000 0000 0000 0000 0000 0000 0000 0000 0000 0000 0000 0030 02F8 05F5 07EA 08B9 08AD 084D 07EE 07AC 0794 0796 07A2 07B2 07BB 07BE 07C4 07C1 07BE 07BB 07BB 07BC 07BA 07C0 07BF 07BF 07C6 07C2 07C1 07C2 07BB 07BB 07BD 07C4 07C5 07C8 07BF 07BF 07C2 07BD 07C0 07C1 07C3 07C3 07CA 07C2 07C5 07CA 07E3 0806 0823 0846 084C 0834 0822 0848 088A 08E9 0942 0957 0927 08FF 0916 093A 0955 0946 091A 08D8 08A1 08C4 08F5 091C 0932 0949 0958 097C 09D6 0A68 0AEB 0B33 0B86 0BF6 0C8D 0D66 0E78 0F4F 0F68 0F70 0F6D 0F7C 0F7A 0F78 0F7A 0F7C 0F77 0F7B 0F81 0F81 0F86 0F7E 0F85 0F7E 0F81 0F82 0F81 0F7E 0F84 0F84 0F82 0F7B 0F7B 0F78 0F7E 0F81 0F81 0F81 0F86 0F7E 0F84 0F7E 0F81 0F82 0F80 0F7E 0F84 0F84 0F83 0F78 0F82 0F88 0F7C 0F81 0F81 0F83 0F86 0F7E 0F84 0F76 
[0;32mI (21835) SPI_SLAVE: pushed into queue[0m

[0;32mI (21835) MQTT_TASK: Read from queue[0m
[0;32mI (22035) MQTT_CLIENT: MQTT_EVENT_PUBLISHED, msg_id=25228[0m
[0;32mI (22685) SPI_SLAVE: Expected: 720 bytes, Got: 720 bytes[0m
[0;32mI (22685) SPI_SLAVE: Received uint16_t data:[0m
0F69 0E3F 0B73 08F4 0784 0714 0732 078F 07DB 0808 0816 0809 0801 07EF 07EE 07E2 07E5 07E6 07E2 07E2 07E1 07E0 07DD 07DF 07D3 07DF 07DA 07D9 07D6 07D8 07D7 07DD 07DE 07D6 07D9 07D6 07CD 07D2 07D3 07D4 07D4 07D8 07D2 07D0 07E3 08D8 0B20 0E35 0F73 0F7B 0F7E 0F7E 0F84 0F7E 0F80 0F7B 0F80 0F7F 0F75 0F85 0F8A 0F7B 0F82 0F7E 0F7E 0F83 0F83 0F83 0F86 0F7E 0F85 0F7E 0F7B 0F82 0F7B 0F7F 0F85 0F85 0F82 0F80 0F7A 0F88 0F7E 0F81 0F81 0F81 0F86 0F7E 0F81 0F7E 0F80 0F82 0F7B 0F86 0A49 0000 0000 0000 0000 0000 0000 0000 0000 0000 0000 0000 0000 0000 0000 0004 02B5 05B4 07C1 089D 089B 0841 07DF 079D 077E 0789 0797 07A7 07B6 07BA 07B7 07B6 07B1 07B2 07B3 07BC 07B5 07BD 07BE 07B9 07B8 07B9 07B4 07B6 07B9 07B9 07BA 07B6 07B5 07BA 07B3 07B2 07B9 07B8 07B9 07BC 07B8 07B8 07B3 07B4 07B2 07B7 079B 0683 0304 0000 0000 0000 0000 0000 0000 0000 0000 0000 0000 0000 0000 0000 0000 0000 0000 0000 0000 0000 0239 054C 0788 0892 08B0 085F 07F7 07B6 0792 0791 079E 07AA 07B8 07BB 07BC 07B9 07B9 07B8 07B8 07B8 07B8 07B6 07BB 07BB 07AF 07C0 07BE 07BD 07BE 07BA 07BB 07BB 07BE 07BD 07C4 07BE 07BE 07BE 07BD 07B0 07C0 07BF 07BF 07C2 07BE 07C1 07BE 07B8 07BA 07A3 077E 074C 06FD 069E 0661 065F 0671 067E 0686 0687 065B 063A 0646 067D 06AE 06CE 06E2 06D3 06CC 06FD 075F 07AB 07E9 0806 0808 0804 0831 089F 0917 097E 09CA 0A01 0A12 0A38 0A98 0B03 0B67 0BC5 0C0D 0C38 0C73 0CF3 0D88 0E07 0E85 0EFF 0F47 0F66 0F62 0F6D 0F76 0F78 0F7A 0F78 0F76 0F7D 0F84 0F7F 0F7B 0F7B 0F7D 0F7E 0F7D 0F81 0F83 0F86 0F7E 0F84 0F7E 0F7B 0F7B 0F7B 0F7E 0F8D 0F84 0F7F 0F81 0F82 0F7F 0F7E 0F80 0F81 0F83 0F86 0F7E 0F85 0F7E 0F7B 0F7B 0F7B 0F7F 0F84 0F84 0F82 0F7B 0F82 0F7C 0F7E 0F81 0F80 0F81 0F86 0F7E 0F85 0F7E 0F88 0F82 0F7B 0F7E 0F84 0F84 0F7B 0F7B 0F82 0F7D 0F7E 0F81 0F97 0F87 0F7F 0F7E 0F84 0F7E 0F7B 0F7B 0F81 0F7E 0F84 0F84 0F7B 0F7B 0F7B 
[0;32mI (22835) SPI_SLAVE: pushed into queue[0m

[0;32mI (22835) MQTT_TASK: Read from queue[0m
[0;32mI (23025) MQTT_CLIENT: MQTT_EVENT_PUBLISHED, msg_id=63455[0m
[0;32mI (23685) SPI_SLAVE: Expected: 720 bytes, Got: 720 bytes[0m
[0;32mI (23685) SPI_SLAVE: Received uint16_t data:[0m
0F78 0F77 0F75 0F81 0F81 0F7E 0F7E 0F80 0F7E 0F88 0F7A 0F79 0F77 0F7D 0F7C 0F7A 0F78 0F78 0F74 0F72 0F73 0F71 0F6B 0F6A 0F62 0F5D 0F5A 0F5B 0F5F 0F5B 0F54 0F25 0EAD 0E1F 0DC8 0DAA 0D80 0D60 0D5F 0D63 0D71 0D5E 0D22 0CB5 0C16 0B99 0B4B 0AF3 0A96 0A3D 09BC 092B 08CD 08C2 08D8 08F2 092B 0967 09A5 0A1A 0AE2 0BC5 0CCA 0DDB 0EE3 0F5B 0F6C 0F75 0F75 0F78 0F78 0F7A 0F80 0F77 0F88 0F83 0F83 0F86 0F7E 0F85 0F76 0F81 0F82 0F81 0F7F 0F8D 0F84 0F7B 0F80 0F7F 0F7D 0F77 0F73 0E55 09E1 057E 02EF 0269 0366 0563 0800 0B2B 0F34 0F7C 0F84 0F82 0F81 0F83 0F7D 0F7E 0F81 0F83 0F83 0F86 0F7E 0F85 0F76 0F81 0F82 0F81 0F7E 0F85 0F84 0F82 0F80 0F82 0F7D 0F7E 0F81 0F81 0F81 0F86 0F7E 0F85 0F7E 0F81 0F7F 0F81 0F7F 0F85 0F84 0F7A 0F71 0F0B 0C88 09B6 07D5 070F 0707 075A 07AA 07E5 07F6 07F1 07E6 07D8 07D4 07CF 07CF 07C8 07CB 07CF 07CD 07CA 07CB 07CF 07CB 07CE 07CA 07CD 07CA 07C9 07C6 07C9 07CC 07CD 07CD 07C3 07C8 07C3 07C3 07C6 07C3 07C4 07C4 0788 06FA 05F9 04D6 03E9 0322 0227 0097 0000 0000 0000 0000 0000 0000 0000 0000 0000 0000 0000 0000 0000 0000 0000 0000 0000 0000 0000 0000 0000 0000 0000 0020 02D6 05D0 07D0 089D 089D 083F 07E3 07A3 078C 0790 07A1 07B1 07B7 07C2 07BA 07BD 07BA 07B8 07B8 07B8 07B7 07BD 07C0 07BA 07BB 07BA 07BB 07B6 07BB 07BF 07BF 07C0 07BE 07C1 07BE 07BB 07BA 07BB 07BD 07BD 07C4 07BB 07BB 07BE 07BD 0792 06DB 05BB 0480 0340 021E 015A 00E9 00A0 006A 0036 0000 0000 0000 0000 0000 0000 0000 0000 0000 0000 0000 0000 0000 0000 0000 0000 0000 0000 0000 0000 0000 004A 00CA 0132 01AA 0226 0290 02FA 0347 0377 03B4 041C 049C 051D 059E 0623 0694 06DF 0754 07CE 083F 08A8 0909 0940 096B 09A7 0A01 0A6A 0ACA 0B24 0B5A 0B61 0B83 0BE2 0C50 0CBD 0D1D 0D53 0D68 0D78 0DCD 0E46 0EB9 0F17 0F3F 0F4E 0F4E 0F55 0F56 0F4B 0F3B 0EF8 0E3C 0D2D 0C04 0A62 0811 052A 01EB 0000 0000 0000 0000 0000 0000 0000 046F 
[0;32mI (23835) SPI_SLAVE: pushed into queue[0m

[0;32mI (23835) MQTT_TASK: Read from queue[0m
[0;32mI (24015) MQTT_CLIENT: MQTT_EVENT_PUBLISHED, msg_id=31935[0m
[0;32mI (24685) SPI_SLAVE: Expected: 720 bytes, Got: 720 bytes[0m
[0;32mI (24685) SPI_SLAVE: Received uint16_t data:[0m
0E5B 0F8B 0F7B 0F7E 0F84 0F85 0F7B 0F80 0F7B 0F7D 0F7E 0F81 0F83 0F81 0F7F 0F7E 0F7D 0F6E 0EAB 0BE8 092B 0784 06E4 06FF 075A 07B3 07EA 07F8 07EC 07E3 07D9 07D1 07CF 07CE 07CD 07CA 07CE 07CE 07CB 07D0 07CD 07D4 07CA 07CB 07CB 07CC 07C7 07CA 07CF 07CB 07CE 07CE 07CD 07CE 07C9 07C8 07C8 07D2 07CD 07CD 07CA 07C8 07CA 07C8 07E0 0842 091F 0A55 0B8E 0C8A 0D49 0DA6 0DD0 0E1A 0E9B 0F16 0F4D 0F5C 0F4A 0EE8 0DEF 0C8D 0902 0000 0000 0000 0000 0000 0000 0000 0000 0000 0000 0000 0000 0000 0000 023D 0553 0792 08A0 08C0 086B 07FF 07BA 0796 0799 07A6 07B2 07BE 07BF 07BE 07B9 07B9 07B3 07B8 07BA 07B9 07BA 07C0 07C3 07BF 07C0 07C6 07C1 07C2 07BF 07BE 07BB 07C0 07C1 07C4 07BF 07BF 07BF 07C0 07BA 07C0 07BF 07BF 07C6 07C2 07C4 07C2 07C3 07EB 081B 083C 083F 0835 07F3 07A8 077E 0791 07B2 07CD 07CF 07A7 0766 071E 0714 072C 074A 0758 073F 0710 06E4 06E1 06DE 06DB 06EB 06EF 06D6 06C1 06BF 06B7 06AF 068A 066D 063E 060B 060A 0637 066D 0681 066A 061A 05DD 05E4 05F5 0613 0643 0670 0645 05FD 05DF 05F6 060B 0639 067A 0685 0666 0653 0662 067E 06A5 06D4 06EB 06DE 06CB 06E6 0705 071F 072F 073F 072E 0722 0740 077D 07A7 07BB 07CE 07BA 07A5 07C6 0801 0833 0850 086C 0865 085D 0878 08BA 0903 0940 0972 098B 098D 09A3 09DA 0A02 0A35 0A76 0AA9 0AC8 0ADB 0B16 0B59 0B8D 0BAB 0BC1 0BBF 0BD8 0C12 0C5B 0CA1 0CDF 0D16 0D1A 0D25 0D46 0D71 0D98 0DB9 0DDC 0DDD 0DE4 0DF8 0E30 0E6A 0EA0 0ED0 0ED3 0EBF 0ECB 0F00 0F2A 0F45 0F56 0F51 0F4B 0F50 0F56 0F5D 0F64 0F5F 0F5B 0F5A 0F58 0F52 0F4B 0F3B 0F11 0ED6 0E72 0E1F 0E0E 0E13 0DFF 0DE3 0DC7 0D7C 0D1D 0CD8 0CB1 0C8A 0C54 0C12 0BB1 0B57 0B29 0B46 0B82 0BAD 0BC6 0BA9 0B53 0AF8 0AC6 0A9D 0A7D 0A63 0A33 09EB 09C4 09D4 0A09 0A2D 0A4B 0A56 0A46 0A5D 0AA6 0AF1 0B1B 0B39 0B56 0B65 0B7C 0BBB 0C2F 0C93 0CE4 0D17 0D18 0D03 0D3F 0DC2 0E16 0E35 0E4E 0E9B 0F52 0F6B 0F76 0F7C 0F7C 0F78 0F79 0F7A 
[0;32mI (24835) SPI_SLAVE: pushed into queue[0m

[0;32mI (24835) MQTT_TASK: Read from queue[0m
[0;32mI (24985) MQTT_CLIENT: MQTT_EVENT_PUBLISHED, msg_id=12931[0m
[0;32mI (25685) SPI_SLAVE: Expected: 720 bytes, Got: 720 bytes[0m
[0;32mI (25685) SPI_SLAVE: Received uint16_t data:[0m
0F78 0F77 0F7B 0F7B 0F81 0F76 0F7E 0F81 0F7E 0F80 0F82 0F81 0F7E 0F80 0F85 0F73 0F7B 0F82 0F7D 0F7E 0F81 0F83 0F81 0F86 0F7E 0F75 0F8E 0F6B 0F5B 0D8B 0AA4 0855 072D 06EB 0730 0792 07D9 07FC 0800 07F7 07E7 07DE 07D6 07D5 07D6 07D3 07D2 07CB 07D4 07CD 07CD 07CA 07CA 07CA 07C4 07C2 07C3 07BF 07A1 0774 074E 0749 0756 076B 0783 0793 07A2 07A5 07AC 07AA 07A9 07AA 07B1 07A7 06F3 04CC 0186 0000 0000 0000 0000 0000 0000 0000 0000 0000 0000 0000 0000 0000 0000 0000 0000 0000 0000 0000 0000 0000 0000 0000 0000 0000 0000 0000 0000 0000 0000 0000 0000 0000 0000 0000 0000 0000 0000 0000 0000 0000 0000 0000 0000 0DD5 0F84 0F7F 0F7B 0F7B 0F78 0F70 0ED8 0C1B 094B 0782 06CE 06E5 074A 07A3 07DE 07F3 07F4 07E4 07D8 07CA 07C3 07C8 07C8 07C6 07C9 07CD 07CB 07CE 07C6 07C9 07CA 07C8 07C6 07C3 07C7 07C5 07CC 07C3 07C3 07C3 07C3 07C2 07C3 07C7 07C7 07CA 07C6 07CC 07C4 07C8 07C2 07C3 07C6 07C5 07C8 07C3 07C3 07CA 0828 08F8 09FB 0B16 0C2D 0D2D 0DF3 0EBB 0F52 0F68 0F66 0F7B 0F73 0F73 0F7E 0F86 0F7D 0F7E 0F7B 0F7B 0F7B 0F7F 0F85 0F84 0F7F 0F7B 0F7A 0F78 0F84 0F81 0F81 0F83 0F86 0F7E 0F81 0F7E 0F7B 0F7B 0F7B 0F7F 0F84 0F85 0F7B 0F81 0F7B 0F7D 0F7E 0F80 0F81 0F81 0F86 0F7E 0F84 0F7E 0F81 0F82 0F81 0F7F 0F85 0F85 0F83 0F80 0F7B 0F84 0F7E 0F81 0F81 0F81 0F86 0F7E 0F85 0F7E 0F80 0F82 0F81 0F7E 0F85 0F84 0F7F 0F7B 0F82 0F7D 0F7E 0F81 0F87 0F80 0F86 0F86 0F81 0F7E 0F80 0F7F 0F7B 0F7E 0F85 0F84 0F82 0F7B 0F83 0F88 0F76 0F81 0F83 0F83 0F86 0F7E 0F7D 0F7E 0F7B 0F7A 0F73 0F6C 0EBD 0C0D 08D3 0631 0438 0269 0042 0000 0000 0000 0000 0000 0000 0000 0000 0000 0000 0000 0000 0000 0000 0000 0000 0000 0000 0000 0000 0000 0000 0000 0000 0000 00D9 03E2 069F 0844 08B9 088D 0823 07CB 079B 078D 0792 07A5 07B3 07BD 07C2 07BE 07BF 07BE 07B9 07B3 07B6 07BC 07BF 07C0 07BB 07BB 07BB 07B9 07B6 07C0 07BF 07BF 07C6 07BE 07BF 07BE 
[0;32mI (25835) SPI_SLAVE: pushed into queue[0m

[0;32mI (25835) MQTT_TASK: Read from queue[0m
[0;32mI (26005) MQTT_CLIENT: MQTT_EVENT_PUBLISHED, msg_id=20622[0m
[0;32mI (26685) SPI_SLAVE: Expected: 720 bytes, Got: 720 bytes[0m
[0;32mI (26685) SPI_SLAVE: Received uint16_t data:[0m
07BB 07BB 07BD 07C4 07BD 07C8 07BE 07BF 07BE 07AF 0794 0773 0729 06DF 06CA 06D6 06DD 06DE 06D1 06A8 0669 0654 0679 06A4 06BA 06C3 06AA 0659 0636 0657 0691 06C5 06EA 06EA 06C5 06B2 06E8 073A 078D 07D6 080C 080D 081B 0873 08EA 094F 0992 09B8 099F 0989 09A2 09B6 0981 090E 089B 082F 0802 0864 0939 0A2C 0B08 0BBB 0C38 0C8C 0D10 0DC1 0E71 0F07 0F5E 0F5E 0F5F 0F66 0F6B 0F73 0F79 0F76 0F7D 0F7D 0F7B 0F7B 0F7B 0F7D 0F7E 0F81 0F83 0F81 0F86 0F7E 0F84 0F7E 0F83 0F82 0F80 0F7E 0F81 0F85 0F82 0F7B 0F7B 0F7D 0F7F 0F81 0F83 0F81 0F86 0F7E 0F84 0F7E 0F81 0F7F 0F88 0F7F 0F7D 0F84 0F82 0F81 0F82 0F7F 0F7E 0F7B 0F83 0F81 0F86 0F7E 0F85 0F86 0F7B 0F82 0F81 0F7E 0F84 0F84 0F7F 0F7B 0F7B 0F7C 0F7E 0F81 0F83 0F81 0F86 0F7E 0F84 0F7E 0F80 0F82 0F7B 0F7E 0F84 0F84 0F82 0F81 0F82 0F7D 0F7E 0F81 0F81 0F81 0F86 0F7E 0F84 0F7E 0F7B 0F7B 0F7B 0F7E 0F81 0F84 0F7B 0F7B 0F7A 0F7C 0F77 0F7B 0F81 0F7B 0F7E 0F76 0F75 0F72 0F6C 0F60 0F40 0E63 0D49 0C42 0BAE 0BB5 0BF6 0C38 0CAF 0C63 0C30 0C05 0C2C 0C78 0CBF 0D02 0D24 0D1E 0D03 0D37 0D89 0DC6 0DDE 0DED 0DE2 0DD8 0E13 0E88 0EF4 0F3D 0F55 0F58 0F5B 0F63 0F6C 0F70 0F71 0F73 0F71 0F76 0F76 0F7D 0F7A 0F79 0F7B 0F7B 0F7E 0F81 0F84 0F7B 0F7B 0F7B 0F7C 0F82 0F7D 0F81 0F81 0F86 0F7E 0F8C 0F7E 0F7B 0F7F 0F80 0F7E 0F85 0F85 0F82 0F7B 0F82 0F7D 0F7E 0F79 0F81 0F81 0F8E 0F7E 0F81 0F7E 0F80 0F7B 0F80 0F7E 0F85 0F84 0F7B 0F80 0F93 0F7C 0F7E 0F81 0F81 0F81 0F86 0F7E 0F85 0F7E 0F80 0F7F 0F80 0F7F 0F84 0F84 0F7B 0F80 0F82 0F7D 0F7E 0F73 0F83 0F83 0F86 0F7E 0F85 0F7E 0F80 0F82 0F81 0F7F 0F84 0F84 0F7B 0F7B 0F82 0F7F 0F82 0F83 0F83 0F81 0F86 0F7E 0F79 0F86 0F89 0F7A 0F81 0F84 0F81 0F94 0F82 0F7B 0F82 0F7F 0F7E 0F80 0F83 0F81 0F7A 0F7E 0F84 0F7E 0F80 0F7F 0F7B 0F7E 0F81 0F84 0F7F 0F78 0F82 0F7D 0F77 0F80 0F81 0F81 0F82 0F7E 0F81 0F7E 0F83 0F7B 0F7B 0F7E 0F81 0F84 0F7B 0F7B 0F7B 
[0;32mI (26835) SPI_SLAVE: pushed into queue[0m

[0;32mI (26835) MQTT_TASK: Read from queue[0m
[0;32mI (26985) MQTT_CLIENT: MQTT_EVENT_PUBLISHED, msg_id=54650[0m
[0;32mI (27685) SPI_SLAVE: Expected: 720 bytes, Got: 720 bytes[0m
[0;32mI (27685) SPI_SLAVE: Received uint16_t data:[0m
0F7C 0F77 0F7B 0F81 0F7B 0F7F 0F7A 0F7D 0F7E 0F7B 0F7B 0F7B 0F7E 0F84 0F7D 0F7B 0F79 0F78 0F78 0F77 0F78 0F73 0F73 0F72 0F6E 0F6D 0F56 0F38 0EFB 0EA9 0E54 0E0D 0DCD 0D78 0D31 0D2F 0D58 0D62 0D51 0D1B 0CAB 0C4A 0C0E 0C0D 0BF6 0BBB 0B6E 0AE1 0A46 09CC 0995 095B 0918 08C2 0832 077E 06FB 06C7 0683 061B 0586 04C5 03E2 0321 02A8 0238 01C5 015B 00F2 005C 0000 0000 0000 0000 0000 0000 0000 0000 0000 0000 0000 0000 0000 0000 0000 0000 0000 0000 0000 0000 0000 0000 0000 0000 0000 0000 0000 0000 0000 0000 0000 0000 0000 0000 0000 0000 0000 0000 0000 0000 0000 0000 0000 0000 0000 0000 0000 0000 0000 0000 0000 0000 0000 0000 0000 0000 0000 0000 0000 0000 0000 0000 0000 0000 0000 0000 0000 0000 0000 0000 0000 0000 0000 0000 0000 0000 0000 0000 0000 0000 0000 0000 0000 0000 0000 0000 0000 0000 0000 0000 0000 0000 0000 0000 0000 0000 0000 0000 0000 0000 0000 0000 0000 0000 0000 0000 0000 0000 0000 0000 0000 0000 0000 0000 0000 0000 0000 0000 0000 00AF 050A 09C2 0DE7 0F71 0F7E 0F7A 0F7C 0F82 0F78 0F7A 0F80 0F7F 0F85 0F84 0F7B 0F7B 0F82 0F7D 0F7C 0F81 0F81 0F83 0F7E 0F7E 0F85 0F7E 0F7B 0F82 0F7B 0F77 0F85 0F85 0F82 0F80 0F82 0F80 0F7E 0F81 0F81 0F81 0F86 0F7E 0F7C 0F76 0F79 0F7B 0F7B 0F7F 0F85 0F8C 0F82 0F88 0F7B 0F7C 0F7C 0F81 0F73 0F81 0F86 0F7E 0F84 0F7E 0F80 0F7B 0F81 0F7E 0F85 0F84 0F7B 0F80 0F82 0F80 0F7E 0F81 0F81 0F81 0F86 0F7E 0F85 0F7E 0F7B 0F8A 0F81 0F84 0F85 0F84 0F82 0F81 0F82 0F80 0F7E 0F81 0F81 0F6B 0F8A 0F7E 0F85 0F7E 0F7B 0F82 0F79 0F7F 0F85 0F85 0F82 0F81 0F82 0F7D 0F7E 0F81 0F83 0F83 0F86 0F7E 0F75 0F7E 0F89 0F82 0F7B 0F7F 0F84 0F84 0F7B 0F81 0F7F 0F7D 0F7E 0F73 0F83 0F83 0F7E 0F7E 0F85 0F7E 0F7B 0F7F 0F7B 0F84 0F85 0F84 0F7B 0F7B 0F7B 0F7D 0F7E 0F81 0F81 0F81 0F86 0F7F 0F7C 0F7E 0F83 0F7B 0F7B 0F7E 0F84 0F84 0F82 0F80 0F82 0F7D 0F7E 0F80 0F71 0F83 0F86 0F7E 0F85 0F7E 
[0;32mI (27835) SPI_SLAVE: pushed into queue[0m

[0;32mI (27835) MQTT_TASK: Read from queue[0m
[0;32mI (27945) MQTT_CLIENT: MQTT_EVENT_PUBLISHED, msg_id=39029[0m
[0;32mI (28685) SPI_SLAVE: Expected: 720 bytes, Got: 720 bytes[0m
[0;32mI (28685) SPI_SLAVE: Received uint16_t data:[0m
0F7B 0F7F 0F7B 0F7E 0F84 0F84 0F82 0F81 0F7B 0F7D 0F7E 0F81 0F81 0F81 0F86 0F76 0F81 0F7E 0F7B 0F7B 0F7B 0F7E 0F81 0F84 0F7B 0F7B 0F7B 0F7C 0F77 0F81 0F81 0F8B 0F7E 0F7E 0F7D 0F7E 0F7B 0F7B 0F79 0F7E 0F7D 0F84 0F7A 0F7A 0F82 0F78 0F77 0F79 0F77 0F79 0F7E 0F72 0F7D 0F76 0F78 0F73 0F73 0F76 0F75 0F7C 0F73 0F73 0F6B 0F6F 0F70 0F71 0F77 0F73 0F72 0F6E 0F75 0F6E 0F71 0F72 0F6B 0F74 0F7D 0F7C 0F73 0F78 0F7A 0F7C 0F77 0F7B 0F81 0F81 0F86 0F7A 0F81 0F86 0F80 0F7B 0F81 0F7F 0F84 0F85 0F7B 0F7B 0F7B 0F7D 0F7E 0F81 0F81 0F83 0F7F 0F7E 0F85 0F7E 0F7B 0F82 0F81 0F7F 0F81 0F84 0F82 0F81 0F82 0F7D 0F7E 0F81 0F81 0F81 0F86 0F7E 0F7C 0F7E 0F7B 0F7F 0F80 0F7E 0F81 0F84 0F82 0F80 0F78 0F7C 0F7E 0F81 0F83 0F77 0F8A 0F7E 0F85 0F7E 0F7B 0F7B 0F7B 0F7E 0F81 0F7D 0F7B 0F7B 0F7A 0F78 0F72 0F73 0F6B 0F61 0F22 0E26 0D0F 0C06 0B2B 0ACA 0ACB 0ADE 0AD5 0AB1 0A52 09D0 0963 0948 0930 08F0 0881 07D7 0702 062F 05A9 0546 04E1 047E 0402 035E 02BC 025C 0208 01A0 0129 00A7 0000 0000 0000 0000 0000 0000 0000 0000 0000 0000 0000 0000 0000 0000 0000 0000 0000 0000 0000 0000 0000 0000 0000 0000 0000 0000 0000 0000 0000 0000 0000 0000 0000 0000 0000 0000 0000 0000 0000 0000 0000 0000 0000 0000 0000 0000 0000 0000 0000 0000 0000 0000 0000 0000 0000 0000 0000 0000 0000 0000 0000 0000 0000 0000 0000 0000 0000 0000 0000 0000 0000 0000 0000 0000 0000 0000 0000 0000 0000 0000 0000 0000 0000 0000 0000 0000 0000 0000 0000 0000 0000 0000 0000 0000 0000 0000 0000 0000 0000 0000 0000 0000 0000 0000 0000 0000 0000 0000 0000 0000 0000 0000 0000 0000 0000 0000 0000 0000 0007 0096 0102 0139 010C 00BF 00AD 00EA 012A 015C 0181 016E 0140 0130 0179 01D4 021B 0248 0242 020C 0200 0242 028E 02C3 02D8 02BD 028C 0275 02B1 0305 0349 036A 0376 0352 0331 0354 039F 03DB 0406 042A 040C 03F3 0414 0468 04B0 04D3 04DD 04A5 0464 0442 0476 04B3 
[0;32mI (28835) SPI_SLAVE: pushed into queue[0m

[0;32mI (28835) MQTT_TASK: Read from queue[0m
[1;31mE (28935) outbox: outbox_enqueue(53): Memory exhausted[0m
[0;32mI (29685) SPI_SLAVE: Expected: 720 bytes, Got: 720 bytes[0m
[0;32mI (29685) SPI_SLAVE: Received uint16_t data:[0m
04D8 04E6 04C1 047D 046B 04A2 04DA 04FC 04FC 04C9 0462 040D 041D 0451 0471 0478 0462 0418 03CB 03C0 03EA 0407 040C 03FA 03A5 0353 0342 0360 036A 0350 0325 02C4 0254 021C 0226 0216 01E1 01A4 0147 00DA 0092 008D 0088 0068 002D 0000 0000 0000 0000 0000 0000 0000 0000 0000 0000 0000 0000 0000 0000 0000 0000 0000 0000 0000 0000 0000 0000 0000 0000 0000 0000 0000 0000 0000 0000 0000 0000 0000 0000 0000 0000 0000 0000 0000 0000 0000 0000 0000 0000 0000 0000 0000 0000 0000 0000 0000 0000 0000 0000 0000 0000 0000 0000 0000 0000 0000 0000 0000 0000 0000 0000 0000 0000 0000 0000 0000 0000 0000 0000 0000 0000 0000 0000 0000 0000 0000 0000 0000 0000 0000 0000 0000 0000 0000 0000 0000 0000 0000 0000 0000 0000 0000 0000 0000 0000 0000 0000 0000 0000 0000 0000 0000 0000 0000 0000 0000 0000 0000 0000 0000 0000 0000 0000 0000 0000 0000 0000 0000 0000 0000 0000 0000 0000 0000 017D 0481 06FD 0843 0893 0858 07F3 07AA 0786 0784 078D 07A1 07A8 07AB 07B2 07A9 07A6 07AD 07AF 07AF 07B2 07AE 07B1 07AE 07AA 07AB 07AE 07B0 07B4 07BC 07AF 07B1 07B2 07B4 07B0 07B3 07B5 07B7 07BA 07B6 07BD 079A 0719 05FF 043F 0255 00A9 0000 0000 0000 0000 0000 0000 0000 0000 0000 0000 0000 0000 0000 0000 0000 0000 0000 0000 0000 0000 0000 0000 0000 0000 0000 0000 0000 0000 0000 0000 0000 0000 0000 0000 0000 0000 0000 0000 0000 0000 0000 0000 0000 0000 0000 0000 0000 0000 0000 0000 0000 0000 0000 0000 0000 0000 0000 0000 0000 0000 0000 0000 0000 0000 0000 0000 0000 0000 0000 0000 0000 0000 0000 0000 0000 0000 0000 0000 0000 0000 0000 0000 0000 0000 0000 0000 0000 0000 0000 0000 0000 0000 0000 0000 0000 0000 0000 0000 0000 0000 0000 0000 0141 0445 06D6 0835 0896 0865 0805 07B6 078A 077F 0789 0797 07A7 07AF 07B3 07B2 07AE 07AD 07AE 07AB 07B0 07AD 07B4 07B1 07B5 07B2 07B1 07B2 07B4 07A7 07B3 07B3 07B1 07BA 07B4 07B1 07AA 
[0;32mI (29835) SPI_SLAVE: pushed into queue[0m

[0;32mI (29835) MQTT_TASK: Read from queue[0m
[0;32mI (29915) MQTT_CLIENT: MQTT_EVENT_PUBLISHED, msg_id=41026[0m
[0;32mI (30685) SPI_SLAVE: Expected: 720 bytes, Got: 720 bytes[0m
[0;32mI (30685) SPI_SLAVE: Received uint16_t data:[0m
07A5 07A6 07AB 07B0 07B1 075C 065A 04E3 0342 0188 0000 0000 0000 0000 0000 0000 0000 0000 0000 0000 0000 0000 0000 0000 0000 0000 0000 0000 0000 0000 0000 0000 0000 0000 0000 0000 0000 0000 0000 0000 0000 0000 0000 0000 0000 0000 0000 0000 0000 0000 0000 0000 0000 0000 0000 0000 0000 0000 0000 0000 0000 0000 0000 0000 0000 0000 0000 0000 0000 0000 0000 0000 0000 0000 0000 0000 0000 0000 0000 0000 0000 0000 0000 0000 0000 0000 0000 0000 0000 0000 0000 0000 0000 0000 0032 008B 00B8 0103 0152 018B 01A0 01BE 01AF 0196 01AB 0202 026C 02C4 0303 031E 030F 0319 0367 03C9 040A 0435 0442 042D 042C 0473 04D2 051F 0562 057E 0565 055A 0590 05F2 0643 0686 06AD 069F 0672 0681 06BE 06FB 0726 0757 074F 0729 072F 076A 07A9 07E2 0819 0823 0801 07F8 082D 0874 08A3 08D8 08EA 08D4 08C4 08F9 0933 0963 0992 09AE 09A5 09A2 09DB 0A3A 0A6B 0A7C 0A6D 0A2D 09FB 0A1B 0A68 0AA0 0ABA 0AD3 0AB3 0A81 0A8A 0AC2 0AFD 0B26 0B4C 0B30 0AF9 0AEB 0B21 0B66 0B9E 0BCD 0BC2 0B9B 0B93 0BC3 0BFC 0C1F 0C35 0C1F 0BDF 0BB3 0BD8 0C17 0C53 0C77 0C7B 0C46 0BFE 0C05 0C36 0C63 0C7B 0C80 0C4C 0C0D 0C0D 0C4B 0C8B 0CA3 0CA8 0C74 0C31 0C21 0C4F 0C8A 0CAE 0CBD 0CA2 0C5F 0C4A 0C7B 0CB6 0CDD 0CF4 0CDB 0C99 0C72 0C98 0CD2 0D01 0D13 0D07 0CBA 0C76 0C95 0CDE 0D1B 0D3F 0D53 0D36 0D0F 0D1D 0D53 0D82 0D9B 0DA4 0D72 0D31 0D2B 0D6B 0DA2 0DBA 0DC5 0D96 0D4B 0D3A 0D6B 0DA6 0DC4 0DCD 0DA8 0D63 0D3A 0D54 0D77 0D99 0DB1 0DA3 0D6E 0D3E 0D5C 0D92 0DBB 0DDA 0DDF 0DBC 0D8D 0DAC 0DE3 0E1B 0E3F 0E58 0E33 0E03 0DFD 0E27 0E56 0E76 0E9D 0E9A 0E7B 0E62 0E71 0E77 0E6D 0E64 0E2A 0DD9 0DA8 0DC8 0DF0 0E11 0E23 0E1B 0DCF 0D92 0DA5 0DCE 0DF1 0E18 0E1B 0DF0 0DB5 0DCC 0DF2 0E03 0E0B 0DF8 0DA7 0D5B 0D3B 0D5B 0DAF 0E0E 0E55 0E66 0E6B 0F02 0F68 0F74 0F75 0F7C 0F78 0F78 0F73 0F78 0F70 0F63 0F23 0E1B 0CDA 0C1A 0C15 0C6E 0CE8 0D58 0D91 0D77 0D4D 0D5C 0D73 0D8B 0DAB 
[0;32mI (30835) SPI_SLAVE: pushed into queue[0m

[0;32mI (30835) MQTT_TASK: Read from queue[0m
Guru Meditation Error: Core  1 panic'ed (LoadProhibited). Exception was unhandled.

Core  1 register dump:
PC      : 0x400014fd  PS      : 0x00060330  A0      : 0x800d9421  A1      : 0x3ffcff60  
A2      : 0x00000000  A3      : 0xfffffffc  A4      : 0x000000ff  A5      : 0x0000ff00  
A6      : 0x00ff0000  A7      : 0xff000000  A8      : 0x00000000  A9      : 0x3ffcff30  
A10     : 0x3ffafbf4  A11     : 0x00000000  A12     : 0x3ffb0378  A13     : 0x000003fe  
A14     : 0x7ff00000  A15     : 0x00000000  SAR     : 0x00000019  EXCCAUSE: 0x0000001c  
EXCVADDR: 0x00000000  LBEG    : 0x400014fd  LEND    : 0x4000150d  LCOUNT  : 0xffffffff  


Backtrace: 0x400014fa:0x3ffcff60 0x400d941e:0x3ffcff70 0x400d8fa8:0x3ffcff90 0x4008a811:0x3ffcffb0




ELF file SHA256: 351021d3b

Rebooting...
ets Jul 29 2019 12:21:46

rst:0xc (SW_CPU_RESET),boot:0x13 (SPI_FAST_FLASH_BOOT)
configsip: 0, SPIWP:0xee
clk_drv:0x00,q_drv:0x00,d_drv:0x00,cs0_drv:0x00,hd_drv:0x00,wp_drv:0x00
mode:DIO, clock div:2
load:0x3fff0030,len:6276
load:0x40078000,len:15748
load:0x40080400,len:4
ho 8 tail 4 room 4
load:0x40080404,len:3860
entry 0x4008063c
[0;32mI (31) boot: ESP-IDF v5.4.1-dirty 2nd stage bootloader[0m
[0;32mI (31) boot: compile time Oct 28 2025 18:02:24[0m
[0;32mI (31) boot: Multicore bootloader[0m
[0;32mI (33) boot: chip revision: v3.1[0m
[0;32mI (36) boot.esp32: SPI Speed      : 40MHz[0m
[0;32mI (39) boot.esp32: SPI Mode       : DIO[0m
[0;32mI (43) boot.esp32: SPI Flash Size : 4MB[0m
[0;32mI (47) boot: Enabling RNG early entropy source...[0m
[0;32mI (51) boot: Partition Table:[0m
[0;32mI (54) boot: ## Label            Usage          Type ST Offset   Length[0m
[0;32mI (60) boot:  0 nvs              WiFi data        01 02 00009000 00006000[0m
[0;32mI (67) boot:  1 phy_init         RF data          01 01 0000f000 00001000[0m
[0;32mI (73) boot:  2 factory          factory app      00 00 00010000 00100000[0m
[0;32mI (80) boot: End of partition table[0m
[0;32mI (83) esp_image: segment 0: paddr=00010020 vaddr=3f400020 size=1f204h (127492) map[0m
[0;32mI (134) esp_image: segment 1: paddr=0002f22c vaddr=3ff80000 size=0001ch (    28) load[0m
[0;32mI (134) esp_image: segment 2: paddr=0002f250 vaddr=3ffb0000 size=00dc8h (  3528) load[0m
[0;32mI (139) esp_image: segment 3: paddr=00030020 vaddr=400d0020 size=a5bc0h (678848) map[0m
[0;32mI (377) esp_image: segment 4: paddr=000d5be8 vaddr=3ffb0dc8 size=03168h ( 12648) load[0m
[0;32mI (382) esp_image: segment 5: paddr=000d8d58 vaddr=40080000 size=180ech ( 98540) load[0m
[0;32mI (432) boot: Loaded app from partition at offset 0x10000[0m
[0;32mI (432) boot: Disabling RNG early entropy source...[0m
[0;32mI (443) cpu_start: Multicore app[0m
[0;32mI (451) cpu_start: Pro cpu start user code[0m
[0;32mI (451) cpu_start: cpu freq: 160000000 Hz[0m
[0;32mI (451) app_init: Application information:[0m
[0;32mI (451) app_init: Project name:     .[0m
[0;32mI (454) app_init: App version:      3303fed-dirty[0m
[0;32mI (459) app_init: Compile time:     Nov  5 2025 16:17:04[0m
[0;32mI (464) app_init: ELF file SHA256:  351021d3b...[0m
[0;32mI (468) app_init: ESP-IDF:          v5.4.1-dirty[0m
[0;32mI (472) efuse_init: Min chip rev:     v0.0[0m
[0;32mI (476) efuse_init: Max chip rev:     v3.99 [0m
[0;32mI (480) efuse_init: Chip rev:         v3.1[0m
[0;32mI (484) heap_init: Initializing. RAM available for dynamic allocation:[0m
[0;32mI (491) heap_init: At 3FFAE6E0 len 00001920 (6 KiB): DRAM[0m
[0;32mI (496) heap_init: At 3FFBA148 len 00025EB8 (151 KiB): DRAM[0m
[0;32mI (501) heap_init: At 3FFE0440 len 00003AE0 (14 KiB): D/IRAM[0m
[0;32mI (506) heap_init: At 3FFE4350 len 0001BCB0 (111 KiB): D/IRAM[0m
[0;32mI (512) heap_init: At 400980EC len 00007F14 (31 KiB): IRAM[0m
[0;32mI (519) spi_flash: detected chip: generic[0m
[0;32mI (521) spi_flash: flash io: dio[0m
[0;32mI (525) main_task: Started on CPU0[0m
[0;32mI (535) main_task: Calling app_main()[0m
[0;32mI (565) WIFI: ESP_WIFI_MODE_STA[0m
[0;32mI (575) wifi:wifi driver task: 3ffc2168, prio:23, stack:6656, core=0[0m
[0;32mI (585) wifi:wifi firmware version: 79fa3f41ba[0m
[0;32mI (585) wifi:wifi certification version: v7.0[0m
[0;32mI (585) wifi:config NVS flash: enabled[0m
[0;32mI (585) wifi:config nano formatting: disabled[0m
[0;32mI (595) wifi:Init data frame dynamic rx buffer num: 32[0m
[0;32mI (595) wifi:Init static rx mgmt buffer num: 5[0m
[0;32mI (605) wifi:Init management short buffer num: 32[0m
[0;32mI (605) wifi:Init dynamic tx buffer num: 32[0m
[0;32mI (615) wifi:Init static rx buffer size: 1600[0m
[0;32mI (615) wifi:Init static rx buffer num: 10[0m
[0;32mI (615) wifi:Init dynamic rx buffer num: 32[0m
[0;32mI (625) wifi_init: rx ba win: 6[0m
[0;32mI (625) wifi_init: accept mbox: 6[0m
[0;32mI (625) wifi_init: tcpip mbox: 32[0m
[0;32mI (635) wifi_init: udp mbox: 6[0m
[0;32mI (635) wifi_init: tcp mbox: 6[0m
[0;32mI (635) wifi_init: tcp tx win: 5760[0m
[0;32mI (645) wifi_init: tcp rx win: 5760[0m
[0;32mI (645) wifi_init: tcp mss: 1440[0m
[0;32mI (645) wifi_init: WiFi IRAM OP enabled[0m
[0;32mI (645) wifi_init: WiFi RX IRAM OP enabled[0m
[0;32mI (655) phy_init: phy_version 4860,6b7a6e5,Feb  6 2025,14:47:07[0m
[0;32mI (735) wifi:mode : sta (08:b6:1f:b9:1f:70)[0m
[0;32mI (735) wifi:enable tsf[0m
[0;32mI (735) WIFI: wifi_init_sta finished.[0m
[0;32mI (755) wifi:new:<1,0>, old:<1,0>, ap:<255,255>, sta:<1,0>, prof:1, snd_ch_cfg:0x0[0m
[0;32mI (755) wifi:state: init -> auth (0xb0)[0m
[0;32mI (805) wifi:state: auth -> assoc (0x0)[0m
[0;32mI (805) wifi:state: assoc -> run (0x10)[0m
[0;32mI (815) wifi:connected with MyHotspot, aid = 1, channel 1, BW20, bssid = 34:cf:f6:9a:61:3b[0m
[0;32mI (825) wifi:security: WPA2-PSK, phy: bgn, rssi: -50[0m
[0;32mI (825) wifi:pm start, type: 1[0m

[0;32mI (825) wifi:dp: 1, bi: 102400, li: 3, scale listen interval from 307200 us to 307200 us[0m
[0;32mI (915) wifi:dp: 2, bi: 102400, li: 4, scale listen interval from 307200 us to 409600 us[0m
[0;32mI (915) wifi:AP's beacon interval = 102400 us, DTIM period = 2[0m
[0;32mI (1855) esp_netif_handlers: sta ip: 10.42.0.242, mask: 255.255.255.0, gw: 10.42.0.1[0m
[0;32mI (1855) WIFI: got ip:10.42.0.242[0m
[0;32mI (1855) WIFI: connected to ap SSID:MyHotspot password:12345678[0m
[0;32mI (1855) MQTT_CLIENT: Unhandled event id: 7[0m
[0;32mI (1875) QUEUE: Queue tao thanh cong[0m
[1;31mE (1875) mqtt_client: Client has not connected[0m
[0;32mI (1875) main_task: Returned from app_main()[0m
[0;32mI (1885) MQTT_CLIENT: MQTT_EVENT_CONNECTED[0m
[0;32mI (1885) MQTT_CLIENT: Subscribe qos0, msg_id=18203[0m
[0;32mI (1895) MQTT_CLIENT: MQTT_EVENT_SUBSCRIBED, msg_id=18203[0m
[0;32mI (1905) MQTT_CLIENT: MQTT_EVENT_DATA[0m
TOPIC=/topic/qos0
DATA=data
[0;32mI (2725) SPI_SLAVE: Expected: 720 bytes, Got: 720 bytes[0m
[0;32mI (2725) SPI_SLAVE: Received uint16_t data:[0m
064B 0626 063A 064E 065B 0662 062E 05E9 05CC 05F2 0620 063B 0646 0625 05DD 05A2 05B9 05E0 05FD 0616 061A 05E3 05AD 05C0 05E6 060D 0622 0616 05E2 05A6 05B0 05D7 0601 0618 0628 05FA 05B4 0597 05B9 05DB 05EB 05F4 05C2 056C 0532 053F 0564 0589 05B1 05A7 056D 053B 0558 057B 057C 054A 0500 0477 03DB 038A 037C 0395 03B4 03C5 03A2 0373 038C 03C1 03F8 0416 0420 03F2 03B8 03B4 03EA 041F 043F 045C 043E 0409 03F6 041A 0448 0463 0475 0455 0428 0428 0473 04D0 0513 0540 0543 0517 04FD 052E 0572 05A1 05C2 05B8 057A 053F 0558 058D 05B9 05D6 05DA 05AA 056D 0572 05A7 05DB 05F5 0606 05DE 05A9 0596 05A3 05B8 05CD 05E4 05CD 059C 057B 05A3 05DA 05FD 061A 060A 05D2 05AE 05D6 0602 0625 0646 0630 05F6 05CB 05F0 062C 0659 067E 067E 0633 05E9 05E6 060D 063F 0663 0676 0646 060D 0602 062B 0658 0675 06A0 06A5 069C 06AA 06D6 06E2 06CF 06C6 0699 0663 064E 0696 06DA 0715 0742 0732 06F2 06C6 06F0 0724 074D 0763 075A 071E 06E8 06FA 0733 0768 0789 078F 0748 06EB 06CB 06F1 0734 077F 07B1 07B3 07D2 0862 098C 0B0E 0C8B 0D9B 0D73 0C4C 0ABD 0954 0832 0773 0706 06B1 0667 065D 06B5 0717 076A 07A4 07BD 07AA 0793 07BA 07F3 081C 0845 0855 0822 07EB 07FA 0835 085A 086B 086F 0843 081A 0822 0857 0882 089B 08AA 0881 0847 083D 0878 08AB 08CE 08E8 08CF 0890 086B 0897 08D7 0902 0922 0914 08D2 089B 08BA 08F8 0934 095D 0964 092A 08F8 090E 0951 0976 098B 097B 0937 08EF 08F2 0935 096E 099B 09B8 09A1 0972 096D 099F 09D2 09F8 0A08 09D8 0986 0967 098F 09BF 09DE 09E2 09BD 0972 0943 0968 098B 09B0 09C5 09BC 097A 0943 094B 0971 0986 0999 099F 0963 0936 094E 0975 097E 096F 0953 0903 08AC 0891 08B4 08D3 08E2 08F2 08C4 087F 0870 089F 08D1 08F2 08FA 08DF 0894 0862 0882 08BB 08F4 092D 093C 090B 08E8 0912 0954 0972 0990 0993 094D 0902 08FA 0935 0966 0988 0998 096E 093E 0944 096C 098B 099F 09B3 0989 0947 0941 096B 0997 09B6 09C6 09A4 0962 
[0;32mI (2875) SPI_SLAVE: pushed into queue[0m

[0;32mI (2875) MQTT_TASK: Read from queue[0m
[0;32mI (3075) MQTT_CLIENT: MQTT_EVENT_PUBLISHED, msg_id=61973[0m
[0;32mI (3725) SPI_SLAVE: Expected: 720 bytes, Got: 720 bytes[0m
[0;32mI (3725) SPI_SLAVE: Received uint16_t data:[0m
094B 097A 099F 09AC 09AD 0988 093A 090B 0928 0954 0970 097D 0967 091F 08EA 08FE 0935 095E 097B 0982 0950 0916 091C 0950 0982 099B 099B 0964 0920 091D 0953 0983 09A6 09AE 0985 093E 091F 094B 0978 09A0 09B5 09A4 095B 0933 095B 0989 09AC 09CB 09BF 0987 096A 097E 09AD 09C6 09CB 09C2 0991 0967 0985 09C1 09DF 09F3 09EA 09A9 0966 0967 099B 09CB 09EE 09F6 09CD 098E 0983 09B3 09E9 0A04 0A0D 09F0 09AB 0991 09BB 09ED 0A10 0A29 0A17 09DB 09B6 09D2 09FD 0A1A 0A2A 0A0E 09C3 098C 09A5 09D8 09FF 0A23 0A3A 0A19 09F2 0A09 0A43 0A77 0A92 0A92 0A51 09EE 09BB 09C3 09DF 09F4 0A05 09DF 098A 095B 097B 09A9 09C2 09CB 099B 0951 096A 09A2 09B5 09C6 09B9 098F 0949 091E 0945 0984 09AB 09CB 09CA 09A0 0966 0973 0997 09B1 09C2 09AE 0959 0906 0922 0992 09F9 0A4C 0AA5 0B0D 0BBF 0D03 0E88 0F58 0F46 0EA9 0D27 0B3B 09A2 08BE 0864 084E 0878 08AA 08C9 0900 096F 09E5 0A3B 0A78 0A83 0A51 0A20 0A39 0A6F 0A9F 0AC6 0ACE 0A9D 0A5A 0A60 0A82 0AB9 0AD5 0AEB 0AC2 0A72 0A6D 0A9E 0AD1 0AF2 0B08 0AE4 0AAC 0AA4 0AD2 0B01 0B1B 0B28 0AF2 0A91 0A61 0A8F 0ACF 0B06 0B2D 0B2A 0AEB 0ABE 0AD9 0B10 0B35 0B55 0B4A 0B0B 0AD2 0AE1 0B10 0B40 0B51 0B53 0B1E 0AD6 0AD5 0B02 0B2B 0B3B 0B4B 0B1C 0AD5 0ACD 0B03 0B30 0B3A 0B38 0B06 0ABB 0A9B 0ABF 0AEE 0AF6 0AFF 0AE6 0AA1 0A7A 0A99 0ACC 0AED 0AFD 0AE8 0A9B 0A52 0A58 0A82 0AA1 0AA7 0A9B 0A56 0A02 09F9 0A1E 0A3B 0A4B 0A50 0A10 09C1 09AD 09D3 0A03 0A2B 0A24 09FE 09C1 099B 09B3 09DA 09EE 09F9 09DE 099B 097B 09AB 09EC 0A15 0A2D 0A0B 09BF 098A 099C 09BE 09E1 09F7 09F3 09C0 0986 0995 09C6 09E3 09F8 09F3 09BE 0979 097C 099F 09B2 09A8 098F 094A 08FB 08E3 0903 091E 092A 0935 090A 08BF 089A 08B2 08DE 08FC 0911 08EE 08A9 086E 0878 08A2 08D0 0905 0917 08F6 08C6 08D5 08FE 091A 092E 0938 090C 08D1 08D5 0903 0931 094A 0959 0926 08E9 08DB 08F7 090A 090A 0905 08CE 0881 0863 088B 08B7 08D5 08E5 08C3 0883 085B 
[0;32mI (3875) SPI_SLAVE: pushed into queue[0m

[0;32mI (3875) MQTT_TASK: Read from queue[0m
[0;32mI (4065) wifi:<ba-add>idx:0 (ifx:0, 34:cf:f6:9a:61:3b), tid:0, ssn:17, winSize:64[0m
[0;32mI (4075) MQTT_CLIENT: MQTT_EVENT_PUBLISHED, msg_id=40796[0m
[0;32mI (4725) SPI_SLAVE: Expected: 720 bytes, Got: 720 bytes[0m
[0;32mI (4725) SPI_SLAVE: Received uint16_t data:[0m
087C 0894 08A7 08B1 0895 0852 0816 0835 0862 0880 089A 0891 085C 081D 082C 085F 0893 08B2 08B4 0876 0835 0833 0867 0892 08A6 08AD 0876 082A 080E 0833 0860 0875 0881 0852 080A 07EB 0818 0847 0873 0883 0867 0822 07EA 07FC 0822 0839 084A 0838 07F4 07B9 07D4 0803 082B 0842 0840 0800 07BD 07C7 0801 0836 084A 0849 0812 07D8 07DB 0811 0848 0869 0884 085B 0823 081E 0859 0884 0891 0883 0843 07E6 079E 079F 07BA 07D1 07EB 07DF 07A2 076D 0790 07BF 07CF 07E8 07DB 07A0 0763 076F 0797 07BA 07C6 07BD 077A 072E 0728 0748 075C 0775 07B8 079F 0763 074E 07A1 0866 0993 0B11 0C49 0CBA 0C3E 0B39 09BE 0833 06EE 05F5 054A 051C 055F 05CB 061A 0638 0621 05D6 05B8 05ED 0643 068E 06B2 06C7 0696 0655 065E 0693 06D0 06F5 070C 06E3 06AB 06AA 06E0 0712 0733 0745 072D 06F6 06DC 070C 0742 075B 076A 0748 0704 06DD 0701 072E 0751 0768 0758 0724 0710 074F 07A1 07E2 0804 080C 07DA 07A1 07B2 07E9 081C 0841 0858 0823 07DD 07D3 07FE 082B 0848 0856 0834 07F1 07CA 07EB 081F 084D 086A 0853 080B 07E3 07FF 081E 0835 0842 0829 07F2 07C9 07E6 0805 0821 082B 081F 07DB 079C 0792 07AD 07C3 07C7 07CA 078E 074D 074E 0778 079F 07B1 07BC 077D 0734 071A 0741 076E 0789 0794 0768 0717 06ED 0712 0732 0755 076E 0759 071B 06F3 0718 0745 075C 076A 0753 0712 06D9 06F2 0733 075F 0771 0772 073E 070D 0716 073B 0752 0752 0750 071D 06D9 06C8 06E9 070A 0714 071A 06F0 06AD 069F 06D2 06F6 0707 0716 06FB 06BB 069B 06C5 06EC 070C 0718 0703 06BE 0688 0697 06C3 06DB 06E5 06DA 0696 0665 0682 06B2 06DE 06FF 070C 06DC 06A1 0698 06BF 06E2 06F5 06FA 06D8 06AB 06AD 06E6 0716 0719 06FA 06A8 0643 0618 0636 065C 067C 0688 066F 0632 060B 062C 065D 0681 069B 0696 0658 0625 0636 0668 069A 06C2 06DE 06C1 069C 06B3 06F8 0730 0758 0764 0740 070B 0711 0746 076E 0781 078E 0763 071B 070A 0737 075D 0771 0772 073F 06F3 06CD 06F6 072B 0747 0753 0726 06CE 0697 06BA 
[0;32mI (4875) SPI_SLAVE: pushed into queue[0m

[0;32mI (4875) MQTT_TASK: Read from queue[0m
[0;32mI (5075) MQTT_CLIENT: MQTT_EVENT_PUBLISHED, msg_id=57642[0m
[0;32mI (5725) SPI_SLAVE: Expected: 720 bytes, Got: 720 bytes[0m
[0;32mI (5725) SPI_SLAVE: Received uint16_t data:[0m
06EB 0702 070B 0701 06C4 068C 0686 069F 06AB 06AC 06A4 0665 0622 061F 0646 0664 0675 0676 063B 05EB 05D8 0607 063C 065F 0672 0650 0612 05F8 0620 0653 0673 0687 0676 0636 0625 065E 06A3 06BF 06A3 066D 05F5 0598 0588 0592 0598 0599 058A 054D 0513 0521 0556 0576 058D 058F 0555 050A 04FF 0536 0561 0579 0582 0553 0516 0503 0526 053A 0537 054D 0566 054E 0550 05AA 0638 071A 0853 09AC 0AAC 0B08 0ABB 09D3 0873 06FF 05B0 04A3 0406 0403 0462 04CF 0521 054E 0546 0532 055B 05A9 05DF 05F5 0602 05D6 0592 0588 05C0 05F3 0616 0626 0606 05C2 0595 0586 0570 056B 052B 04B6 043F 0411 0448 04A8 04F3 0529 0530 0501 04D5 04E5 051E 054A 056C 056A 0533 04F6 04E0 04FC 0519 053C 0556 053F 0512 0513 0544 0576 0593 05A3 0588 054A 053D 056E 05A5 05CE 05EE 05DC 059F 058C 05AE 05E0 05FE 0615 0608 05CD 059B 05BB 05FA 0626 0641 0632 05EA 05B8 05DD 0636 0681 06B4 06CA 06A8 067A 0685 06BC 06FA 0711 071F 06F6 06AE 0695 06BE 06F5 0712 071F 06FB 06AE 0686 068E 06AC 06BE 06C8 06B8 0671 0640 065D 068C 069B 069F 068E 064F 0620 0640 067B 069F 06B2 06AE 066D 062A 062A 065A 0680 0694 0695 0665 0622 0623 0662 068B 068C 0681 0657 061D 0613 064A 0685 06AA 06BF 06A2 0659 0629 0645 0675 0693 06B3 06AA 066F 0632 0643 0665 067F 0696 069A 0665 062A 062B 0652 066B 0675 0679 064D 0610 0618 0653 0684 069A 06A3 0667 060F 05EE 060F 0649 0676 06A3 0698 0661 064C 0671 069D 06B3 06BF 06A0 064D 0616 063B 066B 0691 06A6 06A2 0667 062A 0638 066F 069F 06C4 06C9 0691 064B 0653 0686 06AD 06C6 06CB 068F 0645 0636 0664 0695 06B6 06C3 069A 0651 0634 065D 068F 06B3 06CB 06B3 0678 064C 0670 06A3 06C7 06E6 06D2 0695 0666 0688 06CA 0702 072C 0735 070C 06DF 06FB 0732 0758 0772 0783 075F 073F 0766 07BE 0801 080E 07F8 07A8 073F 0714 0729 074C 075E 076B 0752 0709 06E0 06FD 0727 0745 075A 0736 06ED 06BE 06D8 0712 0748 0770 076C 0731 06F3 06FF 0722 
[0;32mI (5875) SPI_SLAVE: pushed into queue[0m

[0;32mI (5875) MQTT_TASK: Read from queue[0m
[0;32mI (6075) MQTT_CLIENT: MQTT_EVENT_PUBLISHED, msg_id=40106[0m
[0;32mI (6725) SPI_SLAVE: Expected: 720 bytes, Got: 720 bytes[0m
[0;32mI (6725) SPI_SLAVE: Received uint16_t data:[0m
0723 0712 0723 0721 0717 073C 079A 082D 0906 0A33 0B5B 0C41 0C77 0BFD 0AEC 097B 0829 070E 063F 05E4 05FD 0637 0677 06B2 06B2 069D 06AA 06FF 075A 0791 07B4 07A5 0765 072F 0751 0798 07D3 07F2 07F8 07CB 079F 07B6 07EE 081C 0836 0843 0816 07D5 07DC 0819 0855 0872 0883 0858 0814 07F6 081B 0849 0867 088A 0872 082D 0802 082A 085A 087B 0894 087D 083D 080E 0823 084A 086D 0886 0882 084F 081F 082E 084E 0861 086A 0863 0833 0802 0810 0849 0878 0882 0873 083B 07F1 07E4 081E 085B 087B 088F 086A 0825 0806 0828 0858 0878 0897 0889 0848 0823 0843 085B 084F 0836 07F0 0781 0731 074E 0776 07A5 07C2 07C1 078A 074F 075A 0781 07A4 07AE 07B8 0783 0749 0742 076B 0787 079B 07AE 0786 0741 072E 0761 079E 07C9 07E8 07D5 0795 076B 0790 07C2 07EB 080C 0809 07D3 07A1 07BA 07E6 0814 0822 0821 07E2 07AB 07BE 07F4 081D 0833 0838 07FA 07B8 07C4 0817 0863 0897 08BE 0896 0855 0846 087A 08BA 08E1 08FC 08DD 089F 087E 08A1 08CE 08E8 08FA 08E8 08AC 088D 08BC 08F2 0918 092B 0920 08D6 089E 08B1 08DF 090A 092A 092D 0900 08C1 08C8 08F3 0924 093C 094D 091E 08E1 08D2 08F4 0922 0940 094F 0927 08EE 08DE 0915 094A 0963 097B 0958 0906 08D1 08E5 090B 0929 093B 0919 08C0 087B 088B 08BF 08EE 0912 0911 08D6 0893 089B 08CA 08F4 0905 090D 08DA 089B 08A3 08E8 0924 0951 0967 0937 08E6 08CE 0905 093A 0950 097B 0973 0950 0945 096C 097B 0973 0968 0931 08D0 0880 0889 08B7 08E2 08F6 08ED 08AE 086D 0873 089F 08C7 08DD 08DF 08AA 0869 0868 0898 08B6 08D3 08E3 08B5 086A 0842 086D 08B6 0903 0943 0948 0940 099C 0A9C 0C02 0D78 0E88 0E68 0D3E 0B8B 09EB 089F 07D2 0772 0739 070E 06FF 0743 079B 07F0 0835 0864 0852 083B 0853 0888 089E 08B3 08B7 0881 0846 0846 0874 089C 08B8 08D2 08A9 0866 0855 0885 08B3 08D3 08EA 08CC 088A 086B 0897 08CB 08F6 090A 08FF 08C2 0889 08A2 08D8 0906 091D 0914 08C2 0881 0893 08C8 08F0 0903 08FF 08BD 087E 087E 08BD 08EA 
[0;32mI (6875) SPI_SLAVE: pushed into queue[0m

[0;32mI (6875) MQTT_TASK: Read from queue[0m
[0;32mI (7025) MQTT_CLIENT: MQTT_EVENT_PUBLISHED, msg_id=40269[0m
[0;32mI (7725) SPI_SLAVE: Expected: 720 bytes, Got: 720 bytes[0m
[0;32mI (7725) SPI_SLAVE: Received uint16_t data:[0m
0903 0902 08BE 0876 086C 089D 08CA 08E9 0900 08DC 0892 0875 088F 089B 08B2 08C2 08B5 0876 0849 086B 089F 08C6 08D5 08C0 0872 083E 085B 0898 08BE 08D9 08CD 0891 085A 0862 0895 08BE 08D0 08C8 0883 083C 0834 0859 0872 0880 0888 0854 0807 07F5 0823 084B 0862 085E 0835 07EE 07C8 07EE 0816 0834 083C 0821 07E8 07C5 07F0 0823 084A 0859 0851 0819 07EA 07FE 082D 084A 0858 0858 0823 07F0 0801 0838 0863 0879 0882 0853 080E 0800 082B 0855 086E 086E 0841 07FE 07EB 0823 085B 0884 089D 0889 083E 0809 0823 084F 086E 088B 087B 083B 0806 0806 0805 07FE 07F6 07CA 0748 06DE 06D9 0715 074B 077B 079A 0778 0737 073D 077B 07B1 07D6 07E2 07B5 0772 075F 078A 07BE 07E4 07FC 07E8 07AE 079F 07E2 082D 0864 0895 0895 0857 082A 0842 0869 0872 0868 083B 07E1 078C 077D 0798 07A2 07A3 07A2 0768 0722 071E 0743 075F 076A 0766 072D 06D6 06B3 06CA 06DA 06E0 06E1 06AD 064E 0619 062E 0638 063C 0642 0627 05E3 05C2 05E2 0611 062A 062D 060E 05C5 0581 057F 05AA 05C6 05E5 05EE 05CB 05A6 05BF 05E6 05EF 05D5 05B2 0559 04FA 04DB 04F4 0516 0537 0543 0516 04C4 04A1 04BE 04EB 050E 051D 04FC 04BD 049F 04C2 04F2 050B 051B 0500 04B1 0471 046F 048E 04C4 0519 054E 053F 053E 05CF 06EC 0845 09B8 0AD3 0AE8 0A03 08B1 075A 060B 0517 0487 041F 03EE 041D 048E 04EF 0538 0571 0574 0551 0557 059A 05DF 060A 0625 060C 05CC 05AA 05D7 061C 0656 067D 067E 0641 0616 063B 0686 06BD 06EC 06F3 06CB 069F 06B1 06EE 071E 0737 073F 0712 06CE 06D5 0712 0748 076E 0783 0760 071C 0711 074A 0788 07AE 07C5 07B2 0781 0773 07AB 07EA 081A 0835 082A 07EB 07B8 07CE 080C 083D 0855 0848 0813 07E3 07F8 0827 084B 084F 084B 0817 07DA 07DF 0822 0868 088E 08A1 0876 0835 082C 085A 088B 08AB 08BD 0897 0855 0837 0857 088A 08A2 08B5 089A 0858 082A 0843 0874 0895 08AC 089A 0859 0823 0838 0860 0888 08A5 08AB 0872 0836 0845 087E 08B3 08D0 08D9 08A6 0864 085D 0888 08B3 08D2 
[0;32mI (7875) SPI_SLAVE: pushed into queue[0m

[0;32mI (7875) MQTT_TASK: Read from queue[0m
[0;32mI (8075) MQTT_CLIENT: MQTT_EVENT_PUBLISHED, msg_id=60956[0m
[0;32mI (8725) SPI_SLAVE: Expected: 720 bytes, Got: 720 bytes[0m
[0;32mI (8725) SPI_SLAVE: Received uint16_t data:[0m
08E0 08B2 086D 0857 0885 08BA 08D6 08F5 08DE 089E 087B 08A8 08E6 091D 0944 093B 0908 08D2 08E8 090C 0929 0933 0921 08DE 089E 08B1 08EA 091A 093F 0958 092C 08ED 08ED 091A 0948 0972 0994 0976 0939 092B 095B 0996 09BE 09D5 09B4 0963 093E 095F 098C 09AF 09D4 09BB 097B 094F 096D 099E 09BB 09CB 09BB 097A 093E 095D 099A 09BB 09C8 09BF 0984 0941 094C 098B 09B9 09CB 09CF 0994 0943 0933 095B 098E 09B6 09C9 09A6 095F 093F 0963 0994 09AC 09BD 099F 095B 093B 0968 099E 09C8 09E3 09CF 097E 0932 0941 096E 0990 09AB 09AB 097E 094D 095C 097B 0973 095B 0938 08E0 0890 0887 08BD 0900 090E 091F 08F6 08A8 088E 08B9 08F6 091D 0948 0933 0903 08EA 0901 090A 0903 0903 08EF 08C6 08B6 08F5 0946 098B 09D2 09EF 09C0 0984 0979 098A 0999 0993 0978 091E 08D0 08CF 090B 0942 0956 0965 093A 08FB 08EF 0923 0958 0975 098D 096A 0921 0903 0921 0950 097D 099B 0983 0932 08F6 092D 098A 09D3 0A12 0A3F 0A8C 0B45 0CAC 0E3F 0F51 0F52 0ED8 0D5B 0B7B 09EC 08E5 0855 082B 0853 086B 0874 08A2 0905 0969 09AF 09E2 09C6 0980 0962 0983 09A3 09BB 09CC 09A7 0965 0943 096F 099F 09C8 09F2 0A0B 09E9 09C7 09EE 0A16 0A2D 0A36 0A23 09E3 09A3 09B6 09ED 0A1C 0A38 0A3F 0A08 09C0 09BC 09F1 0A1B 0A3F 0A4E 0A1E 09DD 09CE 09FA 0A28 0A43 0A56 0A2F 09E4 09BA 09DF 09FF 0A08 0A04 09DF 099B 097B 09B6 09F2 0A24 0A3E 0A2B 09E2 099F 09A4 09CD 09EC 09F2 09EB 09A8 0965 0967 0997 09B7 09C3 09CE 098E 0945 093A 095E 098F 09A8 09B0 0977 0921 08F8 091B 0943 0960 0970 094B 08F3 08BB 08CE 08DE 08FD 090E 08F0 08AB 0878 0886 08AD 08C4 08BE 08A8 085A 0814 081A 0843 0869 086F 086A 0826 07DF 07DE 0813 0842 085B 0867 083D 07F8 07DA 0809 083B 0859 0856 081D 07C5 0799 07CA 07FE 082C 084A 0830 07E6 07B8 07D8 0807 082C 083B 0823 07D8 079C 07B2 07EB 081B 082F 0827 07E2 079C 079A 07BF 07E3 07EF 07F7 07C4 077D 076A 0798 07C2 07D4 07D7 079F 074B 071F 0742 075E 076D 076E 
[0;32mI (8875) SPI_SLAVE: pushed into queue[0m

[0;32mI (8875) MQTT_TASK: Read from queue[0m
[0;32mI (9065) MQTT_CLIENT: MQTT_EVENT_PUBLISHED, msg_id=43896[0m
[0;32mI (9725) SPI_SLAVE: Expected: 720 bytes, Got: 720 bytes[0m
[0;32mI (9725) SPI_SLAVE: Received uint16_t data:[0m
0743 06FA 06D0 06EC 0719 0735 073B 0723 06DA 06A5 06BC 06EB 070B 071D 071E 06DE 06A7 06BA 06EB 0713 0728 072C 06F1 06B5 06AB 06E0 0713 0734 0744 0710 06B1 067F 069A 06B4 06D4 06EA 06D1 0692 0672 06A0 06CD 06EC 06F8 06DF 069E 066B 0686 06BB 06E7 0707 06FE 06B6 0674 067E 06A0 06BA 06C8 06C4 068D 0654 0652 0681 06AA 06C2 06CA 06A6 066B 0663 068A 06A6 06B5 06BE 0693 064B 0635 0664 069D 06C9 06EB 06E1 06A2 0675 068C 06B3 06D5 06F3 06EA 06AC 068D 06C2 0708 073A 0743 072C 06D1 067D 066F 068A 0693 0695 0692 0663 0625 061F 0642 0642 0631 060F 05BB 056A 0553 058A 05BD 05DF 05F4 05D8 0596 0573 0590 05B2 05B3 05C1 05DA 05D2 05BC 05DE 0638 06DB 07E1 0920 0A3D 0AF5 0B02 0A68 0942 07E8 069C 0587 04C7 048D 04B6 04EC 052D 0566 0559 0548 0568 05CC 0614 0641 064E 0623 05D6 05B3 05E4 0625 065B 0677 0666 0626 0600 060F 062A 064A 067B 0690 0675 065D 068B 06DB 071E 0751 0764 0740 0713 0727 076A 078E 0795 0786 0748 071C 0733 077B 07B7 07D6 07E6 07C1 077E 076D 079F 07D3 0800 0815 07F9 07B2 0793 07C2 07F9 0826 084B 083F 07F7 07C2 07D6 080C 0836 084B 0843 080B 07D6 07E5 081C 083A 0848 0842 0801 07BA 07BD 07F1 0813 0826 082E 0809 07D6 07C8 07EB 0806 0814 0815 07ED 07A3 0788 07B0 07E0 07FA 0810 07F3 07A1 076F 077E 079F 07BA 07CE 07C2 0783 0756 076D 0799 07B8 07C9 07BB 076E 0724 0732 0767 079D 07C2 07CF 079D 074E 073F 0773 07AA 07D6 07EF 07CD 077E 0763 0786 07B4 07D2 07ED 07D1 078B 076E 0792 07C1 07DE 07E9 07D0 078B 0764 0785 07C8 07F6 0808 07FB 07B8 0774 0786 07BD 07D7 07F6 07FA 07C5 0786 0782 07B2 07DF 0800 080F 07E8 07A2 0793 07CA 07F4 0810 0823 080B 07CB 07B6 07DA 0805 081E 082F 081A 07D9 07B4 07D4 0804 081A 0829 0822 07E8 07AA 07BB 07EB 0817 0832 0832 0804 07CE 07D9 080E 083E 085C 0865 0838 07F3 07E8 081F 084F 0877 0898 0873 082F 081A 083E 085F 0876 088B 0878 0838 0818 0841 086D 088A 0898 0883 
[0;32mI (9875) SPI_SLAVE: pushed into queue[0m

[0;32mI (9875) MQTT_TASK: Read from queue[0m
[0;32mI (10075) MQTT_CLIENT: MQTT_EVENT_PUBLISHED, msg_id=14599[0m
[0;32mI (10725) SPI_SLAVE: Expected: 720 bytes, Got: 720 bytes[0m
[0;32mI (10725) SPI_SLAVE: Received uint16_t data:[0m
084B 081A 082B 0855 0877 089A 0892 0859 081A 081F 0843 086A 087C 087D 084C 080F 0813 0848 087D 08A2 08C3 08AB 0877 087A 08BE 08FD 0926 0941 0933 0908 0906 0951 09A5 09DF 09F3 09C3 0960 0910 0911 0911 090B 0902 08EE 08BD 0896 08A9 08DA 08FB 0914 0915 08DD 0892 088F 08BA 08E8 08F7 0902 08CB 0881 0876 089A 08C5 08D2 08D0 08B2 0893 08B4 0905 0965 09D3 0A83 0B62 0C60 0D6A 0E1B 0DED 0CFB 0B96 09F6 0875 0776 071B 0732 0768 07AC 07D9 07C4 07AA 07EA 084B 08A0 08CA 08D3 0897 084F 084A 087A 08A9 08C6 08C8 0893 083F 0814 0825 083D 083F 082F 07D8 0758 06F0 06EB 0701 0713 0722 070E 06D1 06A6 06C3 06F0 070B 071C 070D 06CF 0692 069B 06B2 06A9 069C 0695 0667 0631 0642 0672 06A5 06C6 06D3 06B3 067B 067C 06AC 06DD 06F2 06FF 06D3 0689 0666 0692 06C5 06DD 06EE 06C2 066D 063A 0658 068F 06BB 06DC 06CF 0698 0662 0678 069F 06B8 06C6 06DB 06C3 069F 06BA 06EA 0705 0702 06F2 06B0 065B 0650 0679 06A4 06A6 06A3 066E 061B 05F2 0611 063C 0654 065D 0622 05C2 0592 05B8 05E8 060E 062B 061B 05DE 05AE 05D5 0612 0639 0652 0642 060C 05D5 05E9 0613 063B 0653 0658 062C 05FE 0609 0645 0682 069E 06B4 0686 0643 063E 066B 06A0 06BD 06CF 069F 0658 063A 0665 0690 06B0 06CB 06BD 0688 066A 0699 06CE 06F0 06FA 06D9 0696 0661 0685 06B8 06E3 0702 070B 06D2 068B 068B 06B7 06E6 0702 0709 06E2 06AB 06B2 06DE 0700 0709 0719 06F8 06AB 0686 06A8 06D4 06FF 071F 070F 06DA 06BC 06ED 072A 0753 076B 0755 0718 06EF 071C 0753 0783 07A3 079D 0752 0711 0717 0753 078A 079E 07A7 076E 0722 071E 0750 077E 0799 07A9 0773 0728 0713 0749 0784 07A9 07BF 0797 074A 071E 0745 0776 0798 07AA 0793 074C 071C 0745 0788 07BE 07DB 07D4 0796 0763 0777 07B3 07E2 07FE 080C 07D2 0791 0792 07BF 07F0 080D 0828 07F8 07B8 07B3 07DC 07F7 0811 082B 0811 07D6 07B2 07DD 080E 083B 0863 0861 0836 081D 084C 0882 08A8 08B8 08A8 0874 0857 0881 08D1 090F 0932 0939 08EA 
[0;32mI (10875) SPI_SLAVE: pushed into queue[0m

[0;32mI (10875) MQTT_TASK: Read from queue[0m
[0;32mI (11035) MQTT_CLIENT: MQTT_EVENT_PUBLISHED, msg_id=13463[0m
[0;32mI (11725) SPI_SLAVE: Expected: 720 bytes, Got: 720 bytes[0m
[0;32mI (11725) SPI_SLAVE: Received uint16_t data:[0m
088B 0873 088B 08A0 08A9 08A1 085B 0810 080A 083C 0864 0883 0891 0867 082A 0812 0845 087E 089B 08AE 0888 083A 0814 0834 084B 085B 085B 0838 0806 080B 086B 08CB 092F 0996 0A41 0B0E 0C11 0D3B 0DC8 0D60 0C4D 0ACD 0913 07A3 06E8 06CB 06FA 072A 075D 074F 0736 0754 07B9 0816 0851 0873 085B 0817 07F1 0819 0838 0858 0873 086F 083E 0822 0847 087F 08A6 08BE 08B5 0876 0843 0868 08A2 08D4 08ED 08ED 08B3 087B 088E 08CC 0906 0930 093B 0903 08C2 08B2 08E9 091E 093B 0953 0923 08E4 08CD 08FC 091F 0948 0963 0954 0920 0907 0931 0953 0976 098E 0981 092F 08D8 08BB 08E8 08C6 08ED 08B4 086A 0829 0833 086D 089C 08C0 08C7 0891 084E 083A 085D 0886 08A3 08BB 0891 084C 0835 085C 0883 08A3 08B3 088D 0846 0835 086F 08B1 08E2 0902 08E9 088E 0841 0843 085B 0870 0875 085C 0806 07BF 07D3 0809 0837 0858 085B 081B 07DA 07D4 0801 0820 0828 0828 07F9 07BC 07BD 0804 0833 085E 087A 0860 0826 0822 085F 089F 08D6 08F6 08E5 08A6 0881 08AC 08E9 091B 093B 0936 08FA 08C5 08DE 090F 093E 095B 095C 091D 08D8 08C8 08E8 090A 0929 0936 0910 08D7 08D3 0902 092E 0945 0956 0929 08DE 08C3 08EC 0911 092C 0933 0911 08CB 08A1 08C2 08F3 090D 0921 0906 08B6 0881 08A2 08D3 0902 0923 091E 08D9 0899 089E 08D0 0900 0918 0914 08D0 088B 0893 08CE 08F6 090D 0912 08D8 0888 0870 089E 08CC 08EF 090A 08E3 0892 086B 0890 08C0 08E3 08F7 08DA 088A 085C 086E 0890 08AB 08BB 08A4 084C 07FD 0802 0819 0822 0824 081E 07F0 07BF 07CF 080C 083A 0859 0866 082F 07E8 07DA 0814 0841 085D 086E 0849 0803 07EF 0816 0848 0867 0877 085A 080E 07E9 080A 0838 0863 087A 0872 082D 07F4 0806 0839 0862 0875 0870 0837 07FB 0807 0842 086A 0895 08C2 08A9 087B 0888 08C4 08FD 091D 092B 0909 08C3 08AC 08D4 0908 0927 094B 0942 0912 08F9 0916 092B 0933 0938 0910 08B9 0875 087A 089B 08BA 08BD 08A0 0859 0823 0833 0866 0892 08B5 08BE 0883 083B 0838 086A 0894 08B4 08BE 088D 083A 
[0;32mI (11875) SPI_SLAVE: pushed into queue[0m

[0;32mI (11875) MQTT_TASK: Read from queue[0m
[0;32mI (12075) MQTT_CLIENT: MQTT_EVENT_PUBLISHED, msg_id=29144[0m
[0;32mI (12725) SPI_SLAVE: Expected: 720 bytes, Got: 720 bytes[0m
[0;32mI (12725) SPI_SLAVE: Received uint16_t data:[0m
0818 0824 085D 08A3 08E5 08DE 08B6 08FC 09EA 0B39 0CAB 0DDF 0E24 0D55 0BED 0A68 08F8 07D3 0720 06BC 0681 0683 06DF 074E 07A4 07ED 080E 07E9 07B6 07C8 0806 0831 084D 084E 080F 07C8 07C4 07F4 0823 083B 084B 0826 07E2 07D7 080E 083F 0862 087A 085C 0815 07F5 081A 0853 0883 08A8 0896 0845 0803 0807 082E 084E 0879 0886 0850 0816 0821 0854 0881 089D 08A8 0873 0832 082C 0856 0889 08A5 08B7 088E 0842 0829 084E 0873 088B 089F 0887 0851 0841 0863 088B 08AA 08BC 08A6 0870 084B 086B 089E 08C2 08DC 08D6 0893 0852 0858 0894 08BD 08D4 087E 07EB 076A 0741 0754 0779 0797 07B3 0792 074E 074D 077E 07AB 07C2 07C8 0792 073C 0728 0753 077B 077A 0760 0712 06BD 06A3 06D7 071A 0746 0767 075E 0728 06FA 0713 0740 076C 0788 0782 0746 070E 0728 075E 0789 079F 07A1 0772 0736 0749 0786 07B9 07D6 07E9 07C1 077C 076D 079E 07D8 07FB 0810 07E7 07AB 07A3 07E7 083E 087A 08AC 08A2 085F 082B 084B 0888 08B9 08DC 08D2 0898 0868 0873 089B 08C3 08E4 08E9 08BC 0883 0890 08BA 08DC 08E7 08F3 08C3 0883 0882 08AE 08E5 08FE 08FF 08C8 087B 086C 08A5 08D8 08DE 08E2 08B8 0869 083E 0871 08A5 08CD 08EE 08DE 0899 0864 087B 08AA 08CB 08E4 08DD 08A5 0863 0868 088E 08A9 08BA 08C3 088D 084B 084E 087E 08AD 08CE 08D8 08AA 0861 0850 0875 08A4 08BE 08D3 08AE 0868 0846 0870 089B 08BB 08DE 08C6 087C 0842 0853 0888 08AB 08CC 08BD 0875 0836 0849 087A 08A8 08BE 08B7 086B 0821 0826 0856 0889 08AA 08B3 0883 0841 0834 085D 088D 08AA 08AB 086B 080D 07F2 0830 085F 0880 089E 087E 083C 080A 0828 0853 0873 0894 0895 0861 0823 0838 0862 0888 089C 089D 086B 0837 084E 0886 08B5 08CE 08D2 089E 0859 0864 089D 08D9 08FB 091F 0903 08C8 08AC 08C1 08CF 08CB 08C6 088E 082D 07EA 0803 083A 085D 0874 085D 080D 07D3 07E8 081B 0849 0860 0855 080F 07C7 07D6 0802 0829 083A 0831 07DF 0773 075D 079D 080C 0852 088F 088F 089C 0937 0A7B 0BFF 0D4F 0DCE 0D1A 0B95 09D6 
[0;32mI (12875) SPI_SLAVE: pushed into queue[0m

[0;32mI (12875) MQTT_TASK: Read from queue[0m
[0;32mI (13065) MQTT_CLIENT: MQTT_EVENT_PUBLISHED, msg_id=7427[0m
[0;32mI (13725) SPI_SLAVE: Expected: 720 bytes, Got: 720 bytes[0m
[0;32mI (13725) SPI_SLAVE: Received uint16_t data:[0m
086B 0763 06BB 0678 0655 0635 063A 0696 06EE 0731 0766 0778 075D 073F 0762 078E 07B4 07D2 07D3 0798 0748 0754 0785 07B9 07D2 07E1 07B3 076D 0764 0799 07CB 07E3 07EF 07BE 0781 0776 079F 07C2 07D9 07EC 07C9 077F 074E 0773 07AB 07C9 07E2 07D5 078F 0753 076E 079E 07C4 07D6 07C3 0780 0741 0764 079D 07D5 07E2 07E8 07AB 0768 075A 0777 078F 0797 079A 0762 071F 071A 0751 078A 07AB 07C4 07A4 0764 0738 0752 077A 078F 079A 0777 0723 06E3 06FE 0726 0744 0756 0729 06AE 0618 05D4 05B5 05A5 058E 056B 0512 04AB 0490 04AA 04BF 04CA 04CA 0476 03FF 03BC 03AB 03AA 03B0 03BE 0391 0350 0332 0364 0398 03B9 03CC 03B3 0377 035A 038F 03D4 03F1 03E2 03AD 0362 033B 0370 03B5 03F9 0422 0437 0410 03E1 03F2 0436 0472 049E 04BA 048E 0455 0456 048A 04BA 04D8 04F0 04D1 0495 0482 04BD 04F8 051D 0534 0521 04E7 04C6 04F6 052E 0561 058E 0580 053A 0501 0530 0585 05D4 060E 0623 05F8 05CB 05E6 0629 0657 0671 0686 065C 0629 0632 0669 0696 06B3 06CD 06B1 0682 067F 06B5 06E6 06FB 070E 06ED 06B0 0699 06D0 0703 072B 074A 072F 06DE 06AB 06CF 0703 072E 074A 0747 070E 06DF 0702 073B 076C 0789 0784 073A 06F8 0703 0741 0776 0797 07AB 077B 073A 0732 0769 07A2 07C3 07D8 07B3 0777 076C 07A5 07D8 07F8 080A 07F4 07B7 079F 07CF 0803 082A 0842 083D 0802 07CD 07EA 081B 0846 0865 0868 082A 07EA 0803 0840 0870 0892 08A3 087B 0846 0852 0894 08D2 08FF 0916 08E3 0890 086D 089C 08D2 0908 0938 0938 08FE 08D3 08DD 08F1 0902 0902 08CF 086E 0828 0842 087B 08A6 08C5 08C4 087E 082E 0828 0849 086C 0891 08A7 0887 0852 0846 086D 088E 089F 08AA 086F 0810 07F5 084C 08B2 0903 0948 0964 09A0 0A6B 0BD3 0D53 0E46 0E4A 0D55 0BA2 09D9 0892 07D0 0770 075C 075D 073E 073A 0786 07EC 084C 0891 08B5 0897 086A 0874 08A5 08C6 08DB 08EA 08B8 087C 0871 08A1 08CA 08E3 08FA 08D4 0887 0866 0897 08D3 0900 0916 08FF 08B6 088B 08AB 08D3 08F4 090D 0904 08C8 089F 08AF 
[0;32mI (13875) SPI_SLAVE: pushed into queue[0m

[0;32mI (13875) MQTT_TASK: Read from queue[0m
[0;32mI (14075) MQTT_CLIENT: MQTT_EVENT_PUBLISHED, msg_id=32444[0m
[0;32mI (14725) SPI_SLAVE: Expected: 720 bytes, Got: 720 bytes[0m
[0;32mI (14725) SPI_SLAVE: Received uint16_t data:[0m
08D9 08F2 0901 08F7 08B3 087A 0882 08BC 08E6 0901 090A 08DB 08AC 08B5 08ED 0922 093B 094E 0924 08DE 08D0 08FB 0931 0946 0956 092F 08EC 08D0 08FA 0931 0954 095F 093C 08E2 08AB 08D3 08FC 0916 092B 091F 08E3 08AE 08BE 08ED 0916 092A 092A 08E3 0896 0894 08BD 08DE 08E8 08E6 08AD 0864 085B 0883 08A3 08B6 08C2 0895 084A 0828 084E 087B 08A4 08C1 08A5 0853 082E 084B 0878 0886 0890 0877 0837 080A 0822 0855 087E 089B 08A2 086B 0830 0835 0868 0892 08AB 08BF 0899 0862 0869 0891 08B7 08D2 08DC 08A9 0852 082E 0852 0883 08B4 08D5 08C4 0888 084B 0842 0848 0836 0828 0803 07BF 079A 07C6 07FF 0822 0831 0828 07E8 07B0 07BD 07ED 0818 0832 083B 07E9 0774 0753 0781 07B7 07E6 07FA 07DD 07A6 07A8 07E2 0811 082C 0835 0814 07CA 07A3 07CB 07FF 0827 084B 083F 0805 07DE 07FE 0835 085E 0878 086A 081B 07F0 0805 0845 0872 088A 087A 0831 07EA 07F9 083B 0883 08C6 08E6 08BD 0882 087A 08B8 08E8 0906 091C 08F4 089F 0880 08B2 08E3 0913 0933 091C 08CD 089F 08BA 08E3 090B 092F 0922 08E3 08A7 08B7 08EA 090A 091F 091A 08DF 089E 08A3 08D4 08FC 090D 090E 08D8 0893 088C 08B2 08E1 08FF 0911 08EE 08A6 088D 08B4 08DB 08FA 0912 0904 08C9 08A8 08C8 08FB 091E 093D 0927 0901 08D5 0905 094E 098E 09B4 099C 0938 08D8 08BF 08E4 08F4 08F4 08EA 08B1 086E 0873 08A4 08D1 08E7 08F3 08C6 0876 085D 0886 08B2 08CB 08D8 08A8 0854 0825 083F 0868 086F 0864 084A 0831 0847 0899 0902 096A 0A15 0AFE 0C02 0D13 0DE8 0DEC 0D1D 0BC5 0A28 0888 074A 06BD 06BE 0703 0757 079F 07A6 078A 07AD 0806 0853 088A 08A3 0874 0825 0805 081B 0838 0843 084C 0832 07FB 07DF 0817 086A 0896 08B5 08AE 0873 0843 0853 087E 089D 08BC 08BA 087B 083B 0848 0876 08A3 08BD 08CB 089E 085A 085C 088E 08BB 08DA 08F1 08CC 087D 085C 0872 089F 08BF 08D9 08BE 087B 0857 0880 08AE 08C6 08DF 08D6 0898 0868 0889 08B7 08DF 08FF 08F3 08B8 087E 0888 08BA 08E1 08F5 08F5 08BA 086A 085F 0886 
[0;32mI (14875) SPI_SLAVE: pushed into queue[0m

[0;32mI (14875) MQTT_TASK: Read from queue[0m
[0;32mI (15065) MQTT_CLIENT: MQTT_EVENT_PUBLISHED, msg_id=50133[0m
[0;32mI (15725) SPI_SLAVE: Expected: 720 bytes, Got: 720 bytes[0m
[0;32mI (15725) SPI_SLAVE: Received uint16_t data:[0m
08A9 08B3 08BB 088C 083D 082C 084A 086B 087A 086C 082A 07D6 07AD 07D3 07FF 081A 082D 0812 07CA 0798 07AB 07D4 07DF 07E5 07CA 0783 0752 0768 0796 07B5 07CD 07CB 0796 074C 074F 077E 07A1 07B8 07BB 0790 0754 0754 0782 07B1 07D2 07E1 07B7 0777 075B 0777 07B2 07D2 07ED 07CF 078B 0762 078B 07C0 07ED 0809 07F8 07BB 0792 07B8 07E7 0817 0837 0833 07F6 07AE 07B1 07DA 07FB 081B 082B 0800 07C5 07C4 07EB 0810 082A 0839 0802 07AB 078B 07B7 07EE 080E 082D 0812 07C8 079F 07C3 07F6 0815 0831 0813 07D1 07A2 07C3 07F4 0823 084B 0847 0816 07B6 079D 079E 0786 0776 0763 0727 06E5 06F8 072B 0759 076E 0779 074C 0710 0707 0737 076E 0792 0795 06F4 0621 05B2 05D3 0635 0695 06DF 06EF 06BB 069B 06D1 0707 073A 075F 0763 0736 0706 0725 0756 0778 078E 0793 0768 072F 073C 0768 0798 07BB 07CC 079A 0758 0755 0787 07C2 07DA 07DF 07AE 0758 0733 0761 07A6 07E4 0821 081F 07F9 07EA 0820 085A 0889 08A7 0897 085A 0824 084C 087E 08AD 08C7 08CB 0897 0857 086A 0896 08C7 08E4 08F8 08CB 0889 0890 08C5 0904 092A 094A 0922 08D5 08C4 08FB 0935 0969 09A2 0996 0957 091A 0918 0928 0933 093C 090D 08AD 0862 0878 08A8 08C8 08E2 08D3 0887 083F 084E 087E 08AC 08CE 08DB 08A3 0861 0866 0889 089F 08A3 089B 084A 07E4 07D6 0838 08B5 0907 0946 0966 09BC 0A9A 0C02 0D73 0E59 0E54 0D44 0B84 09AB 0853 0776 0709 0707 0730 0737 0735 077E 07E6 0844 0886 0898 0862 0818 081C 084D 0884 089E 08AB 087B 0835 0832 0861 0897 08BB 08DE 08AE 0869 083E 0879 08AF 08DB 08FC 08E4 08A8 0883 08AB 08DB 08FB 0902 08E7 08A3 086F 0892 08C2 08EC 0906 08FF 08BF 0893 089C 08CD 08F1 08EB 08D3 088B 0848 0850 0893 08CD 08F1 090E 08E2 089D 0886 08B3 08E8 0908 0920 0905 08C4 089A 08BF 08EB 090D 0927 0918 08D3 0891 089E 08C2 08F1 0916 0911 08CB 0883 0890 08BC 08DF 08F2 08F0 08B2 0868 085E 0888 08A7 08B5 08B2 086C 080D 07F6 081B 0848 0863 0870 083C 07E5 07BA 07D9 0808 
[0;32mI (15875) SPI_SLAVE: pushed into queue[0m

[0;32mI (15875) MQTT_TASK: Read from queue[0m
[0;32mI (16075) MQTT_CLIENT: MQTT_EVENT_PUBLISHED, msg_id=8002[0m
[0;32mI (16725) SPI_SLAVE: Expected: 720 bytes, Got: 720 bytes[0m
[0;32mI (16725) SPI_SLAVE: Received uint16_t data:[0m
0828 0837 0810 07AD 076F 078E 07C2 07E9 07FA 07E1 079B 0761 0779 07A5 07CD 07E8 07F0 07AB 0759 074E 0781 07AB 07CB 07E6 07BE 0784 077A 07A3 07D8 07F5 0808 07DD 0794 0778 07A3 07D8 07F1 0802 07E8 079F 076F 078E 07BA 07DD 07F6 07E8 07A2 0771 0794 07C9 07E5 07F2 07E9 07AA 076F 0777 07B0 07DB 07EF 07F6 07BA 077D 0774 0798 07BB 07D3 07E6 07BC 077D 0763 0788 07B8 07CF 07D6 07B0 0767 074D 077A 07AE 07D1 07E0 07C3 077A 074F 0770 079D 07C1 07CB 07C2 077F 0733 072E 0750 0773 0793 079E 076E 072D 072E 075B 0786 07A3 07BC 078D 0749 076B 078A 07AA 0765 06FC 065E 0597 0533 054F 0592 05D5 0614 061B 05E8 05BF 05E8 061D 0645 0663 065F 062A 05ED 05DE 05ED 05FA 060B 061E 05EE 05C7 05D6 060B 0638 0655 0670 0647 060C 0602 0633 0662 067A 068E 0670 062E 0613 0646 0674 069D 06C2 06B3 067B 065E 0690 06C5 06EC 0702 06F1 06AA 0683 06C4 0730 078B 07C3 07CE 0782 073C 0746 0771 0792 079B 07A4 0771 072C 071F 0758 0783 0798 079E 076B 0724 070D 0744 0778 079E 07BB 079B 0752 0730 0753 0780 078E 077E 075F 074A 0758 07AA 0809 087C 091D 0A05 0AFB 0C13 0D0A 0D3C 0C9C 0B53 09C3 0829 06EF 0660 0664 069A 06DE 0722 0715 06F7 0715 0781 07DE 081F 083F 081C 07CC 07A6 07D7 080F 083A 084E 0839 07F2 07B9 07E2 0831 0876 0895 087D 082B 07F3 0812 0851 088A 08B3 08B7 0885 0856 0866 08AD 08EA 0908 0918 08E8 08AC 08A5 08E1 091A 093F 095F 0938 08EC 08DB 0907 093F 096E 098A 096F 092A 0902 0932 097B 09B2 09CC 09BC 0973 0948 096A 09A1 09D2 09F8 09F5 09B3 096E 096E 09A5 09D6 09F3 09FE 09BF 0970 095D 0985 09B2 09DB 09F2 09BD 0966 0950 0980 09B7 09D6 09CA 0981 0906 08AF 08B2 08D1 08F6 090C 08EC 0888 083E 084A 0878 08A6 08C8 08C3 0887 0856 085E 088D 08BA 08D0 08DA 0899 0854 084C 087C 08A2 08BF 08D8 08B8 087A 0879 08AD 08DF 0906 0922 08ED 08A6 0883 08B3 08EB 0918 0935 091F 08D8 08A9 08BF 08F9 0924 094B 0945 0903 08C6 08CE 08FD 092A 
[0;32mI (16875) SPI_SLAVE: pushed into queue[0m

[0;32mI (16875) MQTT_TASK: Read from queue[0m
[0;32mI (17045) MQTT_CLIENT: MQTT_EVENT_PUBLISHED, msg_id=30756[0m
[0;32mI (17725) SPI_SLAVE: Expected: 720 bytes, Got: 720 bytes[0m
[0;32mI (17725) SPI_SLAVE: Received uint16_t data:[0m
094B 0958 091F 08E6 08EC 091C 093B 0953 0968 0938 08F2 08F3 0927 0957 0976 0986 095D 0912 08F8 0928 095F 098C 09AD 09A4 095B 0931 093F 0960 097A 0999 0995 0967 0940 095E 098D 09AA 09BB 09BB 098B 0956 095D 0994 09BF 09E3 09FA 09C4 0977 0979 09B3 09EB 0A12 0A1E 09ED 099A 098B 09C3 09FB 0A24 0A3D 0A2C 09EA 09C3 09DB 0A04 0A27 0A49 0A3F 0A03 09CF 09E2 0A15 0A3A 0A4B 0A48 0A03 09C4 09CD 0A04 0A2B 0A48 0A4B 0A10 09C6 09B7 09E3 0A1D 0A4E 0A66 0A3D 09EE 09D3 09FB 0A1F 0A3C 0A4F 0A34 09E8 09C9 09F2 0A21 0A37 0A45 0A2B 09F1 09CE 09FA 0A4F 0A9A 0AA8 0A78 09F3 0966 0939 0955 0972 094B 08FA 0898 0850 0876 08D3 0921 0956 096A 0941 08FC 08EB 091E 0951 0970 0985 0964 091E 0901 0913 0938 0947 0955 0933 08FB 0912 098A 0A09 0A5E 0AA8 0AEB 0B5B 0C44 0DA5 0ED4 0F03 0E5B 0D03 0B31 0986 0886 0823 0807 081A 083E 0841 082A 0843 08A8 0910 0964 099F 099D 0972 096B 099F 09E0 0A00 0A10 09D9 0981 095E 098E 09CC 09FE 0A20 0A0A 09C9 099D 09B3 09EF 0A1A 0A35 0A22 09D0 098A 0990 09CC 0A05 0A30 0A38 09FB 09B3 09A8 09D0 09F3 0A13 0A1F 09EE 099A 098C 09B2 09D8 09EF 0A08 09E6 099D 0975 0992 09B9 09DA 09ED 09D2 0989 0957 0977 09AE 09D6 09F5 09F2 09AB 0966 0969 0990 09B5 09D5 09CF 098B 0943 093C 0962 0981 0991 099D 096E 091E 090D 093E 096B 0983 0991 095C 08ED 08AC 08BA 08DB 08F3 0904 08DE 0883 084B 085B 088E 08AA 08C5 08AE 085B 0818 0821 084C 086D 0881 0878 0830 07E8 07E0 0807 0832 084B 0851 081A 07C6 07B5 07DA 0803 081A 081B 07F0 07AD 079D 07CF 0803 0828 0838 0812 07CA 079F 07BF 07EE 080E 081D 07FE 07B1 077A 079A 07DC 07FD 0818 080A 07C3 077E 0788 07B2 07D3 07ED 07F1 07B6 0774 077D 07AE 07D3 07EE 07EE 07B0 0761 0744 0758 0773 077E 0789 0760 0722 06FF 0725 075A 077A 078D 076F 0719 06DE 06FB 072C 0745 075C 074E 070A 06C8 06DB 0716 0742 0761 075D 071F 06CF 06C9 06F2 0718 072E 073B 0710 06C4 06AD 06CE 06EF 0708 
[0;32mI (17875) SPI_SLAVE: pushed into queue[0m

[0;32mI (17875) MQTT_TASK: Read from queue[0m
[0;32mI (18075) MQTT_CLIENT: MQTT_EVENT_PUBLISHED, msg_id=39372[0m
[0;32mI (18725) SPI_SLAVE: Expected: 720 bytes, Got: 720 bytes[0m
[0;32mI (18725) SPI_SLAVE: Received uint16_t data:[0m
071C 06F2 06A3 0681 06A1 06CA 06E6 06FD 06EA 06A3 0672 0695 06CC 06E9 06FC 06E2 069F 065E 066D 0696 06B3 06C7 06BB 068A 063A 0647 067A 069D 06AE 06B3 068C 064C 0649 0672 0691 0693 068B 065A 0622 0617 0651 0686 06A0 06B1 0686 0633 0608 0635 067C 06B1 06DD 06D2 0693 0662 067D 06B4 06E3 0705 0703 06CF 069E 06C5 0704 0729 072A 0713 06BC 0659 063D 064E 0663 0673 067D 0652 0610 0607 0635 0662 067A 0689 0662 0615 05EA 0608 063E 0661 067C 065F 060F 05CA 05D8 05F0 060B 0647 0677 066A 064C 0685 071E 080F 094F 0AA3 0B94 0B7D 0AE4 09BA 0831 06B2 058D 049C 03F3 03BE 0407 046B 04B6 04F5 04FC 04DE 04EA 0535 057C 05A4 05B9 05A8 056B 0532 0501 04D6 04CE 04E2 04F3 04E2 04CA 050B 0556 0590 05B0 05B3 057C 0544 055F 059E 05D6 05F0 0604 05DA 059B 0597 05CF 060B 062A 0641 0622 05E5 05D2 0608 063C 0664 068D 0688 0641 0626 063A 066A 06A3 06E5 06FB 06D8 06AE 06D7 0712 073A 075B 0766 0738 0708 0724 0762 079F 07BF 07D0 079A 073D 072E 074D 0779 0793 07B8 079A 0755 0740 0770 079D 07B5 07CE 07AE 0765 0736 0748 0768 077B 0790 0781 0741 070B 0728 0752 076F 077E 0770 0727 06DF 06E6 070F 0734 0742 073F 070B 06BA 06B4 06D9 06FF 0712 0719 06F2 06AD 06A2 06D2 0707 0725 073A 070F 06CD 06B2 06D3 070A 0731 0750 0744 0704 06CE 06E8 070F 072F 074A 0750 071E 06E1 06F8 072A 0764 077F 0780 0746 0710 0711 0725 0749 0756 0766 0748 0711 070E 0746 077B 079F 07B6 078A 074F 071E 073F 0772 0798 07C0 07A9 075D 0728 073B 0768 0785 079C 0795 075F 072D 074A 076E 0789 079E 079F 076B 0733 0744 0775 07B4 07DB 07F3 07CA 078C 078C 07C7 0801 0829 0842 0816 07D4 07B6 07E1 0812 0833 0850 0831 07E9 07B8 07E2 081B 0848 0862 0855 0813 07D7 07F6 0822 084D 086E 0873 0832 07F1 0804 0841 0864 0866 085B 081B 07D4 07D0 0808 0843 0863 0872 083A 07ED 07D6 0803 083A 0859 0870 084D 080C 07DB 0809 084A 0872 088A 0873 082B 07F3 0812 0842 0869 0886 
[0;32mI (18875) SPI_SLAVE: pushed into queue[0m

[0;32mI (18875) MQTT_TASK: Read from queue[0m
[0;32mI (19065) MQTT_CLIENT: MQTT_EVENT_PUBLISHED, msg_id=34329[0m
[0;32mI (19725) SPI_SLAVE: Expected: 720 bytes, Got: 720 bytes[0m
[0;32mI (19725) SPI_SLAVE: Received uint16_t data:[0m
0889 0850 0819 082C 0854 087C 0893 08A1 0873 083D 084A 087F 08A3 08BB 08CE 08A2 086D 086E 08BB 0908 092B 0930 08ED 0888 084B 085B 086A 0871 0882 0875 0835 0807 0822 0842 085C 086A 085B 081A 07DF 07F6 0825 0855 0868 0853 07FA 07A0 0790 07B5 07DF 07E5 07EF 07E6 07E5 080A 085B 08C3 096B 0A7E 0BA9 0CBC 0D73 0D90 0CDB 0B8C 0A00 0871 072F 0673 0672 06B4 070F 075E 077B 076B 076D 07BC 0809 083D 0858 084B 080B 07D5 07DC 0813 0843 085B 086A 0832 07E1 07CA 07EB 0823 085B 0890 0874 082D 0812 083F 0872 0898 08AC 0898 085B 0837 086E 08A6 08C5 08AA 085F 07E6 078D 07AC 07E5 0815 0832 082E 07F6 07B8 07C2 07F3 0823 084B 084A 080A 07AD 0796 07BF 07F2 0813 0836 0815 07DC 07C3 07F8 082A 0854 0876 085F 081D 07F7 081A 0842 0864 0876 085F 081A 07EB 0814 0844 086C 087E 0879 0838 07FD 0810 0840 0863 0873 0872 082E 07DD 07CA 07E1 0808 0823 0846 0825 07ED 07DB 0810 0848 0869 0886 0867 081F 0803 082F 085E 0880 089A 0881 083A 080D 0837 0869 0893 08AC 089F 0862 0823 0828 083F 085C 086D 0875 0838 07FB 0803 084C 0880 08A3 08B3 087D 0836 0826 0854 0882 089F 08B3 0891 0857 0845 0874 089A 08B3 08CA 08AD 0867 0841 086D 089F 08C2 08D6 08C5 087E 0849 085E 088B 08AC 08C4 08C5 088B 084A 084F 087C 089C 08B0 08AF 0871 082F 082A 085D 087E 088B 089A 0869 081E 0805 0830 0856 0872 0882 0858 0807 07EB 0813 084B 086E 087E 0865 081C 07E5 0803 0838 0854 0855 0841 07F3 07B9 07DA 0818 0842 0865 0867 0827 07DE 07CE 07F9 0826 0841 0853 082B 07E6 07D5 0814 084B 0878 088E 0869 081A 07F3 0811 083F 0862 086E 085C 080F 07E3 080E 0843 0870 0885 0878 082B 07EB 07FA 0820 0840 0858 085B 0827 07EA 07E6 0815 083A 0850 085E 082B 07E4 07D1 0804 082A 0838 083E 0811 07C6 07B6 07E7 0810 082E 083E 0825 07D6 07A1 07BF 07F3 0824 0835 0815 07B2 076B 0788 07C2 07F6 0823 0831 07F5 07B6 07C4 0805 0846 0870 088E 0873 0844 0841 0865 0872 086B 085F 
[0;32mI (19875) SPI_SLAVE: pushed into queue[0m

[0;32mI (19875) MQTT_TASK: Read from queue[0m
[0;32mI (20025) MQTT_CLIENT: MQTT_EVENT_PUBLISHED, msg_id=42697[0m
[0;32mI (20725) SPI_SLAVE: Expected: 720 bytes, Got: 720 bytes[0m
[0;32mI (20725) SPI_SLAVE: Received uint16_t data:[0m
0820 07B6 0775 0787 07AB 07CE 07D6 07AD 075A 0721 073F 0769 0790 079F 0785 0733 06F9 0718 074F 077F 07A9 07AB 076B 0722 0712 073D 078E 07E3 0816 0803 0800 087D 0994 0AF3 0C5B 0D5A 0D38 0C22 0AB0 0933 07D7 06D6 0646 05EF 05BE 05D0 0633 0688 06D6 071D 0745 0726 06F9 0702 070D 0710 0728 072F 070B 06EA 070C 0754 078A 07AA 07AA 0771 0730 0739 076D 079A 07B1 07BF 078B 0742 0733 0767 079B 07C2 07D6 07B1 0762 073F 075E 0788 07AC 07C4 07C0 0773 074B 0776 07A5 07C4 07DB 07CF 0785 0746 0756 0789 07B2 07CA 07D0 0798 0754 0764 07A4 07B0 07B5 0793 073D 06C6 069B 06B1 06DB 06FA 0716 06FF 06C2 06A6 06DE 0703 0720 072F 070C 06B3 0681 0698 06C8 06EA 0707 06EF 06A7 067C 06A4 06EC 0724 073E 073A 0702 06CD 06DC 0714 0736 074E 073F 06E8 0682 0658 065B 065F 065E 064C 05FD 0592 055F 0576 0593 05A5 05AD 0588 052E 04FD 0508 051B 052A 054A 054E 0527 051E 0556 05A1 05D6 05EB 05E8 05B0 0581 059F 05DF 060A 0620 0628 05EE 05B6 05C3 0600 0635 065C 0672 0649 05FF 05F1 0622 065F 0685 069F 067E 062A 0605 0634 0678 069A 06A0 067E 0634 060C 062E 0668 068E 06A9 069A 0662 0637 064F 068A 06AE 06C9 06C6 068A 0648 064B 067F 06AC 06C9 06D3 06A3 065E 0654 0686 06BA 06DB 06E7 06B6 066A 0659 0686 06B3 06D3 06E9 06D0 067D 0648 0643 064D 064E 0641 060A 05A9 0555 0551 056F 057C 057D 0562 0506 04AB 04A9 04D7 04F7 0511 0510 04D5 0482 0461 047A 0490 049E 04A3 047A 0424 0404 0426 044E 0466 046B 0430 03D5 03A5 03CA 040B 0448 046F 0460 042A 03FE 0425 0466 048A 04A4 04A4 046B 0438 0453 04AC 04F9 052D 0538 04F8 049A 0475 0474 0487 047C 0467 041C 03B8 0397 03C2 03F1 040C 041A 03EC 0397 0371 038C 03BA 03DB 03F0 03DA 0396 036C 0384 03AF 03C6 03D9 03B4 0363 034A 0396 0404 044D 048D 04E0 0560 0646 0798 08DC 0940 08BB 0797 05F3 044A 0344 02CE 0283 0248 0228 01F4 0195 0150 015C 0185 01A2 01BF 019C 0150 0116 011F 0143 0154 0162 013C 
[0;32mI (20875) SPI_SLAVE: pushed into queue[0m

[0;32mI (20875) MQTT_TASK: Read from queue[0m
[0;32mI (21035) MQTT_CLIENT: MQTT_EVENT_PUBLISHED, msg_id=43806[0m
[0;32mI (21725) SPI_SLAVE: Expected: 720 bytes, Got: 720 bytes[0m
[0;32mI (21725) SPI_SLAVE: Received uint16_t data:[0m
00DC 008C 0094 00C0 00EA 010B 0106 00C2 007A 0081 00B6 00EA 010E 011C 00F5 00B5 00BB 00FD 0142 017A 01A7 0189 0145 0133 0168 01AD 01E0 0213 020E 01E2 01C7 01F6 0238 026C 029E 02A4 0270 024C 0277 02C4 0303 033F 0352 0322 02F4 0313 035E 039E 03CD 03E4 03CA 0398 03B1 03F2 0433 0462 0483 0470 0439 043D 046A 0495 04AE 04CD 04C6 04A3 049C 04DF 0526 0556 0575 056A 052B 0508 0535 057A 05A5 05C1 05B2 0573 053A 054D 058A 05CA 05F3 060A 05DA 059E 05B5 05FA 0637 0666 067B 065A 061D 0619 064F 0693 06C2 06EB 06D6 06B0 06AD 06E5 072A 075E 0775 0746 06DF 06BE 06AB 06CC 06BD 06B9 06AA 0683 066F 06AF 0704 0750 078F 07AD 078A 074E 0761 07A6 07ED 0822 083D 0816 07DC 07D9 080A 0843 086A 088A 0877 0851 0863 08B7 090F 0952 0981 096E 0923 08E3 08F8 0924 0941 095D 0958 0919 08EB 0909 093E 0971 0995 0991 0952 0912 091F 0952 097B 099B 09B3 099C 096F 098C 09D3 0A18 0A4A 0A68 0A42 09FF 09F1 0A37 0A7A 0AA2 0AC4 0AA6 0A54 0A22 0A50 0A89 0ABF 0AE6 0AD6 0A8D 0A56 0A73 0AAA 0AD8 0AFC 0AF4 0AB4 0A72 0A7B 0AB3 0AE9 0B12 0B29 0AEF 0AA3 0A9E 0AC6 0AFD 0B26 0B31 0AEB 0A88 0A66 0A9F 0AEC 0B1B 0B48 0B38 0AF8 0AE0 0B1B 0B53 0B7B 0B9E 0B8E 0B5D 0B1E 0B4A 0B9B 0BE9 0C1E 0C15 0BBC 0B4F 0B38 0B4E 0B60 0B5E 0B4B 0B0B 0ACB 0AD6 0B02 0B2D 0B46 0B43 0B0B 0AC3 0AB4 0AD9 0B08 0B28 0B43 0B1B 0AC8 0A9E 0ACB 0AF7 0B11 0B12 0AD6 0A97 0AA2 0B08 0B73 0BCB 0C34 0CB5 0D6D 0E78 0F5B 0F68 0F64 0F47 0E83 0CD7 0B17 0A02 0986 0974 099E 09E3 09FE 09EE 0A06 0A4D 0AA4 0ADE 0B08 0AE2 0A9C 0A7E 0AA3 0ACD 0AE9 0B06 0AE6 0A99 0A6E 0A98 0ACB 0AF8 0B14 0AFD 0AB8 0A8B 0AAB 0AE3 0B08 0B17 0B13 0ADB 0AA3 0ABE 0AEA 0B1C 0B3A 0B41 0AF8 0AAB 0AA0 0ACD 0AF8 0B0B 0B1F 0AF2 0AAC 0A9C 0AD0 0B03 0B27 0B40 0B0E 0AC5 0AA6 0AD8 0B0A 0B30 0B46 0B2D 0AE5 0AA8 0AC1 0AF2 0B14 0B2A 0B25 0AE3 0AA1 0AAA 0ACE 0AF5 0B12 0B13 0ADE 0A8F 0A90 0AAF 0ACC 0AD2 0AD8 0AAA 
[0;32mI (21875) SPI_SLAVE: pushed into queue[0m

[0;32mI (21875) MQTT_TASK: Read from queue[0m
[0;32mI (22075) MQTT_CLIENT: MQTT_EVENT_PUBLISHED, msg_id=6179[0m
[0;32mI (22725) SPI_SLAVE: Expected: 720 bytes, Got: 720 bytes[0m
[0;32mI (22725) SPI_SLAVE: Received uint16_t data:[0m
0A60 0A4C 0A70 0A93 0AAB 0AC2 0A8E 0A35 0A06 0A23 0A53 0A7B 0A94 0A6D 0A08 09BF 09D3 09FB 0A20 0A2C 0A1D 09CD 098B 09A2 09CE 09F5 0A0A 09FF 09BB 097B 098C 09BD 09E5 09F2 09F8 09BF 0975 096A 0999 09CB 09E3 09EF 09BA 0965 0946 0978 09B3 09DB 0A00 09EF 09B4 0993 09B8 09DF 09FC 0A12 0A05 09BF 0985 0996 09BE 09DF 0A02 09FB 09BA 0978 097E 09AF 09E4 09E3 09DB 099A 0948 093E 0970 099B 09BB 09CE 0996 0945 092E 095B 098A 09A1 09B6 0994 0944 0913 0938 0972 09A0 09B6 09A1 0953 091B 0932 095E 097D 0996 098E 094B 0913 0926 0965 098D 099E 098B 091A 089C 0860 086D 088B 08A3 08C2 0892 084F 0844 0869 0890 08A8 08BC 089D 0864 085A 086B 084A 080C 07E6 07C0 0797 078B 07D6 081C 0855 0882 0883 084B 0818 0834 0865 0895 08B0 08BB 088A 084E 0850 0883 08AF 08BF 08CE 0896 0855 084E 0880 08B8 08D9 08EC 08C1 0879 085A 0883 08B2 08C9 08DA 08CB 0897 087B 08AA 08E6 0917 093A 092B 08F3 08C8 08F4 0935 096C 098F 0993 0963 0929 093A 0970 099C 09B4 09BD 098E 0953 095E 09AC 09F6 0A2B 0A31 09ED 098A 094E 095D 096E 0972 097E 0969 0934 091F 0955 098A 09B0 09D2 09C1 0982 094D 0973 09AF 09DE 09FE 0A01 09C2 0978 096A 0983 099E 09A9 09B4 099F 0991 09C3 0A20 0A82 0B23 0C1F 0D23 0E26 0EDE 0F15 0E7E 0D49 0BBF 0A1F 08A4 07D9 07CC 080E 0873 08D8 08F4 08D4 08CD 0913 0967 09AE 09D2 09CD 0986 093B 094E 097B 09A0 09B4 09B5 097A 0929 0923 0951 0976 0990 099F 096F 092A 0916 0945 0976 0991 09A3 097B 0930 0909 0935 095F 0983 09A8 0989 093E 0911 0927 0953 0976 098E 0984 0942 0908 091E 0943 095C 095F 0965 091A 08DB 08EB 0928 0957 0979 097B 093B 08F6 08E6 0919 094E 0963 0972 0943 08FC 08DD 0904 0923 0939 094A 0924 08D7 08BB 08DF 0909 092A 0936 0915 08BE 0878 088B 08BB 08E0 08FD 08FC 08B8 0871 0873 0898 08B0 08B9 08AF 085F 0812 0806 082F 084E 085E 085E 081F 07C8 07A9 07D4 07FB 0818 0828 07FD 07AC 0785 07B3 07DF 07FA 0804 07E4 079A 
[0;32mI (22875) SPI_SLAVE: pushed into queue[0m

[0;32mI (22875) MQTT_TASK: Read from queue[0m
[0;32mI (23065) MQTT_CLIENT: MQTT_EVENT_PUBLISHED, msg_id=40393[0m
[0;32mI (23725) SPI_SLAVE: Expected: 720 bytes, Got: 720 bytes[0m
[0;32mI (23725) SPI_SLAVE: Received uint16_t data:[0m
076B 0792 07BF 07E0 07D5 07B5 075F 071F 072F 0768 0796 07BB 07BF 0787 0746 074A 077D 07A2 07B5 07BF 078E 0747 0737 0761 078B 07AE 07CB 07A5 075C 0741 076B 079B 07BA 07C6 07B1 0774 0748 076A 0799 07C0 07D5 07CC 0782 074B 076B 07A9 07D7 07F0 07EB 07A5 075A 075C 0791 07BA 07CB 07CE 0795 0749 0741 0778 07A8 07C3 07C8 0788 0730 0713 074F 0787 07AF 07C2 0799 0746 071B 0752 078F 07BC 07D5 07BD 0753 070B 0723 0760 078A 079F 0797 074F 0716 0726 0765 079A 07AD 07A6 076B 0730 0735 0779 07AB 07C3 07CB 0798 0746 072D 0761 079F 07D6 07CE 0795 071E 06CF 06D8 06FB 0724 0744 0740 0706 06DB 06F8 0720 0737 074B 074B 0713 06DA 06EE 070C 0706 06FF 06EE 06B8 0686 069D 06E9 0722 074A 075E 072A 06DE 06CD 06FB 0727 074A 076A 0751 0706 06DB 0708 073F 0776 079F 07A4 0768 0738 075E 0798 07C2 07DE 07CB 0783 0756 077A 07C9 080A 0839 0843 080B 07C7 07C9 07FD 0822 0838 0832 07ED 07A0 079B 07DB 0819 0846 085A 082D 07DA 07B9 07E6 081A 083F 085B 0842 07F6 07C5 07E4 080B 082A 0838 0810 07AC 077F 07D2 083B 0893 08E3 094C 09DF 0ABF 0C13 0D5A 0DCE 0D4F 0C1A 0A3F 085A 0709 0674 0655 0684 06D2 06E3 06BE 06D2 072C 0793 07E3 0815 07FE 07AE 0781 07A6 07C1 07C3 07C3 07AC 0774 0754 0773 07B1 07DB 07F1 07E4 07A8 0775 078F 07D6 07FF 081D 082A 07EB 07A8 07A3 07D4 0805 0819 0823 07F2 07A3 0791 07B7 07F0 0817 0827 0806 07B4 078D 07BE 07EB 0818 0832 0814 07C1 0788 07A2 07DB 0808 0828 081E 07DB 079F 07AF 07EA 080E 0829 0826 07E8 07A2 07A8 07E4 0811 082C 082B 07EB 079A 0785 07B6 07E6 07FF 0811 07EE 079E 0781 07AE 07E5 0803 0808 07D0 0769 0734 074A 0783 07A3 07BD 079E 0743 06FB 0705 0732 074A 0755 073A 06E2 068C 068B 06BE 06E1 06F4 06F0 06B8 066B 0664 0692 06C0 06D7 06EB 06B2 0662 0649 0672 069B 06BB 06CB 06A4 064D 061F 0646 067E 06A6 06C0 06AC 0672 0647 0673 06AE 06D2 06ED 06E2 069A 0653 0659 068C 06B9 06DF 06E8 06A9 0658 
[0;32mI (23875) SPI_SLAVE: pushed into queue[0m

[0;32mI (23875) MQTT_TASK: Read from queue[0m
[0;32mI (24075) MQTT_CLIENT: MQTT_EVENT_PUBLISHED, msg_id=1695[0m
[0;32mI (24725) SPI_SLAVE: Expected: 720 bytes, Got: 720 bytes[0m
[0;32mI (24725) SPI_SLAVE: Received uint16_t data:[0m
0653 0676 069B 06B3 06BF 0692 063C 061D 064A 0675 0698 06B1 0684 061F 05F1 0612 0643 0662 067B 0666 0629 05FB 061D 064F 066A 0681 066E 061B 05E0 05EF 0627 064D 066C 066B 062F 05E8 05E9 0616 064A 066D 0677 0646 05F4 05E5 060F 0639 0653 065E 0631 05E5 05CC 05FE 062B 063F 0658 063C 05FD 05D1 05F1 0626 064E 0671 0662 061B 05D6 05F3 0624 0641 0659 065A 0623 05DE 05E5 0612 063D 0657 065F 0624 05D4 05CD 0606 0633 0653 0668 063A 05ED 05CC 05E8 060B 0626 0639 061A 05D6 05AB 05D2 060E 0626 0634 0602 0590 053A 0545 0579 059D 05B8 05AE 0555 04E3 04BD 04AA 04A1 04A7 04AE 0476 042A 0419 0448 047B 04BE 04EF 04DC 0494 046C 047E 0493 048E 0469 03FE 0382 0346 036B 03AA 03D4 03F3 03DA 038B 0352 0367 0390 03A4 03B5 03A2 0360 0320 032D 0358 037F 0394 038E 033E 02D4 02CD 0322 0390 03E8 0431 044C 047D 055C 06C3 083F 0923 0918 080A 067A 04F7 03FB 036A 0320 0313 0300 02D9 02D4 0322 0386 03DF 0430 0448 041F 03F2 040B 0440 0470 0498 049F 0469 0422 0430 0458 0471 0476 0479 043E 03F6 03F8 0428 0457 0474 0482 044A 03EC 03C4 03E7 0415 0432 0443 041E 03C3 038A 03A6 03D3 03F1 040A 03EE 0397 034C 0350 037C 03A7 03CC 03CD 038F 0346 0352 038E 03C3 03E6 03F7 03BF 0373 0366 0392 03C9 03EE 03F3 03B8 0365 0354 0387 03C1 03DE 03F7 03D6 0393 0374 039A 03D2 03F7 0418 0402 03B5 0384 03A9 03CE 03CD 03C5 0399 0346 02FA 0308 033A 0360 0372 0376 0337 02EC 02DF 0308 0330 034A 0358 0322 02D7 02C5 02F5 032A 0340 0351 031E 02CB 02AC 02E0 0313 0337 0356 033E 02F9 02CF 02F7 0336 0365 038C 038C 0358 0318 0333 036A 03A3 03CE 03DC 03A4 0362 036F 03A6 03DF 040A 0426 0406 03AB 0399 03C9 040B 0436 0463 044E 0408 03F0 0426 0466 0495 04B6 049A 0451 0422 0431 0442 0442 0441 0425 03DA 03A0 03C3 03FA 041B 042E 0430 03F3 03BF 03DF 041C 0457 047E 048B 0458 0410 0408 0439 047C 04AA 04D3 04BA 0479 0460 049A 04E2 051B 0554 054E 0525 051E 
[0;32mI (24875) SPI_SLAVE: pushed into queue[0m

[0;32mI (24875) MQTT_TASK: Read from queue[0m
[0;32mI (25065) MQTT_CLIENT: MQTT_EVENT_PUBLISHED, msg_id=64317[0m
[0;32mI (25725) SPI_SLAVE: Expected: 720 bytes, Got: 720 bytes[0m
[0;32mI (25725) SPI_SLAVE: Received uint16_t data:[0m
0568 05BA 05F1 0620 0619 05E1 05BE 05F2 063F 067D 06B0 06C0 0695 0663 067E 06B6 06ED 0716 071F 06EF 06B3 06B4 06D7 0708 072A 0750 0732 06FD 06FA 0741 077F 079F 07B6 0792 074F 073E 0779 07BF 07F8 082C 081D 07D8 079E 07BA 07FA 0834 0867 0880 0857 0827 084A 0886 08B9 08DE 08EB 08BB 0891 08B6 0909 095D 0992 099B 095B 08FC 08D2 08F0 0905 090F 091E 08F6 08B4 089A 08C3 08F8 0921 0944 0925 08E4 08B2 08C3 08F2 0920 0942 093B 08FB 08CB 08EF 0922 0944 094E 0939 090A 0903 0954 09BC 0A14 0A68 0B03 0BCB 0CD8 0E16 0EDF 0EB7 0DCB 0C72 0ABA 0934 0826 07D1 07B8 0792 079C 0799 0784 0798 0811 0892 08EF 0932 0933 08F7 08CF 08FA 093E 096F 0986 0961 090A 08C9 08F4 0945 098D 09B3 09BF 098A 0941 0942 097B 09B9 09DF 09FE 09D6 0991 097E 09B3 09F2 0A1B 0A3C 0A15 09C8 09A3 09CF 0A0B 0A3C 0A62 0A51 09FF 09C7 09EE 0A2E 0A5D 0A7A 0A68 0A23 09FF 0A34 0A85 0AD5 0B03 0B09 0ACA 0A88 0A92 0ADD 0B23 0B51 0B6F 0B46 0B0D 0B00 0B29 0B5C 0B88 0BA1 0B73 0B26 0AF2 0B14 0B42 0B6B 0B88 0B61 0B0C 0ACD 0AED 0B12 0B39 0B4F 0B40 0AE7 0A9F 0AA3 0AD1 0B00 0B1E 0B15 0AC6 0A6B 0A5E 0A7B 0AA0 0AB9 0AC4 0A8B 0A38 0A1F 0A48 0A76 0A9B 0AAF 0A83 0A40 0A26 0A4F 0A7A 0A91 0AA8 0A88 0A44 0A15 0A39 0A6B 0A98 0ABB 0AAD 0A70 0A33 0A51 0A87 0AB6 0AD6 0ADD 0A9E 0A50 0A43 0A4F 0A64 0A79 0A8F 0A5F 0A28 0A2F 0A6D 0AA2 0AC0 0ACF 0A9B 0A4F 0A36 0A65 0AA2 0AD2 0AF2 0ACB 0A78 0A45 0A5F 0A8A 0AB1 0ACA 0AA8 0A50 0A1B 0A2D 0A63 0A92 0AAA 0AA4 0A66 0A28 0A33 0A63 0A90 0AAC 0AAC 0A62 0A18 0A0B 0A2F 0A57 0A7B 0A8F 0A61 0A0E 09F6 0A1D 0A4E 0A71 0A88 0A61 0A10 09E5 0A0D 0A38 0A52 0A5E 0A48 09FE 09D5 09FF 0A31 0A5E 0A6E 0A55 0A0A 09D0 09DB 09FF 0A1C 0A31 0A24 09F3 09B9 09C2 09F4 0A20 0A41 0A49 0A13 09CE 09BE 09DD 0A06 0A1F 0A32 09FB 09AC 0985 09A8 09D2 09F3 0A1E 0A00 09B0 098B 09A7 09D7 09FE 0A0E 09ED 099E 0959 0972 099F 09CC 09E9 09E9 09B8 097F 0990 
[0;32mI (25875) SPI_SLAVE: pushed into queue[0m

[0;32mI (25875) MQTT_TASK: Read from queue[0m
Guru Meditation Error: Core  1 panic'ed (LoadProhibited). Exception was unhandled.

Core  1 register dump:
PC      : 0x400014fd  PS      : 0x00060930  A0      : 0x800d9421  A1      : 0x3ffcfa00  
A2      : 0x00000000  A3      : 0xfffffffc  A4      : 0x000000ff  A5      : 0x0000ff00  
A6      : 0x00ff0000  A7      : 0xff000000  A8      : 0x00000000  A9      : 0x3ffcf9d0  
A10     : 0x3ffafbf4  A11     : 0x00000000  A12     : 0x3ffb0378  A13     : 0x000003fe  
A14     : 0x7ff00000  A15     : 0x00000000  SAR     : 0x00000019  EXCCAUSE: 0x0000001c  
EXCVADDR: 0x00000000  LBEG    : 0x400014fd  LEND    : 0x4000150d  LCOUNT  : 0xffffffff  


Backtrace: 0x400014fa:0x3ffcfa00 0x400d941e:0x3ffcfa10 0x400d8fa8:0x3ffcfa30 0x4008a811:0x3ffcfa50




ELF file SHA256: 351021d3b

Rebooting...
ets Jul 29 2019 12:21:46

rst:0xc (SW_CPU_RESET),boot:0x13 (SPI_FAST_FLASH_BOOT)
configsip: 0, SPIWP:0xee
clk_drv:0x00,q_drv:0x00,d_drv:0x00,cs0_drv:0x00,hd_drv:0x00,wp_drv:0x00
mode:DIO, clock div:2
load:0x3fff0030,len:6276
load:0x40078000,len:15748
load:0x40080400,len:4
ho 8 tail 4 room 4
load:0x40080404,len:3860
entry 0x4008063c
[0;32mI (31) boot: ESP-IDF v5.4.1-dirty 2nd stage bootloader[0m
[0;32mI (31) boot: compile time Oct 28 2025 18:02:24[0m
[0;32mI (31) boot: Multicore bootloader[0m
[0;32mI (33) boot: chip revision: v3.1[0m
[0;32mI (36) boot.esp32: SPI Speed      : 40MHz[0m
[0;32mI (39) boot.esp32: SPI Mode       : DIO[0m
[0;32mI (43) boot.esp32: SPI Flash Size : 4MB[0m
[0;32mI (47) boot: Enabling RNG early entropy source...[0m
[0;32mI (51) boot: Partition Table:[0m
[0;32mI (54) boot: ## Label            Usage          Type ST Offset   Length[0m
[0;32mI (60) boot:  0 nvs              WiFi data        01 02 00009000 00006000[0m
[0;32mI (67) boot:  1 phy_init         RF data          01 01 0000f000 00001000[0m
[0;32mI (73) boot:  2 factory          factory app      00 00 00010000 00100000[0m
[0;32mI (80) boot: End of partition table[0m
[0;32mI (83) esp_image: segment 0: paddr=00010020 vaddr=3f400020 size=1f204h (127492) map[0m
[0;32mI (134) esp_image: segment 1: paddr=0002f22c vaddr=3ff80000 size=0001ch (    28) load[0m
[0;32mI (134) esp_image: segment 2: paddr=0002f250 vaddr=3ffb0000 size=00dc8h (  3528) load[0m
[0;32mI (139) esp_image: segment 3: paddr=00030020 vaddr=400d0020 size=a5bc0h (678848) map[0m
[0;32mI (377) esp_image: segment 4: paddr=000d5be8 vaddr=3ffb0dc8 size=03168h ( 12648) load[0m
[0;32mI (382) esp_image: segment 5: paddr=000d8d58 vaddr=40080000 size=180ech ( 98540) load[0m
[0;32mI (432) boot: Loaded app from partition at offset 0x10000[0m
[0;32mI (432) boot: Disabling RNG early entropy source...[0m
[0;32mI (443) cpu_start: Multicore app[0m
[0;32mI (451) cpu_start: Pro cpu start user code[0m
[0;32mI (451) cpu_start: cpu freq: 160000000 Hz[0m
[0;32mI (451) app_init: Application information:[0m
[0;32mI (451) app_init: Project name:     .[0m
[0;32mI (454) app_init: App version:      3303fed-dirty[0m
[0;32mI (459) app_init: Compile time:     Nov  5 2025 16:17:04[0m
[0;32mI (464) app_init: ELF file SHA256:  351021d3b...[0m
[0;32mI (468) app_init: ESP-IDF:          v5.4.1-dirty[0m
[0;32mI (472) efuse_init: Min chip rev:     v0.0[0m
[0;32mI (476) efuse_init: Max chip rev:     v3.99 [0m
[0;32mI (480) efuse_init: Chip rev:         v3.1[0m
[0;32mI (484) heap_init: Initializing. RAM available for dynamic allocation:[0m
[0;32mI (491) heap_init: At 3FFAE6E0 len 00001920 (6 KiB): DRAM[0m
[0;32mI (496) heap_init: At 3FFBA148 len 00025EB8 (151 KiB): DRAM[0m
[0;32mI (501) heap_init: At 3FFE0440 len 00003AE0 (14 KiB): D/IRAM[0m
[0;32mI (506) heap_init: At 3FFE4350 len 0001BCB0 (111 KiB): D/IRAM[0m
[0;32mI (512) heap_init: At 400980EC len 00007F14 (31 KiB): IRAM[0m
[0;32mI (519) spi_flash: detected chip: generic[0m
[0;32mI (521) spi_flash: flash io: dio[0m
[0;32mI (525) main_task: Started on CPU0[0m
[0;32mI (535) main_task: Calling app_main()[0m
[0;32mI (565) WIFI: ESP_WIFI_MODE_STA[0m
[0;32mI (575) wifi:wifi driver task: 3ffc2168, prio:23, stack:6656, core=0[0m
[0;32mI (585) wifi:wifi firmware version: 79fa3f41ba[0m
[0;32mI (585) wifi:wifi certification version: v7.0[0m
[0;32mI (585) wifi:config NVS flash: enabled[0m
[0;32mI (585) wifi:config nano formatting: disabled[0m
[0;32mI (595) wifi:Init data frame dynamic rx buffer num: 32[0m
[0;32mI (595) wifi:Init static rx mgmt buffer num: 5[0m
[0;32mI (605) wifi:Init management short buffer num: 32[0m
[0;32mI (605) wifi:Init dynamic tx buffer num: 32[0m
[0;32mI (615) wifi:Init static rx buffer size: 1600[0m
[0;32mI (615) wifi:Init static rx buffer num: 10[0m
[0;32mI (615) wifi:Init dynamic rx buffer num: 32[0m
[0;32mI (625) wifi_init: rx ba win: 6[0m
[0;32mI (625) wifi_init: accept mbox: 6[0m
[0;32mI (625) wifi_init: tcpip mbox: 32[0m
[0;32mI (635) wifi_init: udp mbox: 6[0m
[0;32mI (635) wifi_init: tcp mbox: 6[0m
[0;32mI (635) wifi_init: tcp tx win: 5760[0m
[0;32mI (645) wifi_init: tcp rx win: 5760[0m
[0;32mI (645) wifi_init: tcp mss: 1440[0m
[0;32mI (645) wifi_init: WiFi IRAM OP enabled[0m
[0;32mI (645) wifi_init: WiFi RX IRAM OP enabled[0m
[0;32mI (655) phy_init: phy_version 4860,6b7a6e5,Feb  6 2025,14:47:07[0m
[0;32mI (735) wifi:mode : sta (08:b6:1f:b9:1f:70)[0m
[0;32mI (735) wifi:enable tsf[0m
[0;32mI (735) WIFI: wifi_init_sta finished.[0m
[0;32mI (745) wifi:new:<1,0>, old:<1,0>, ap:<255,255>, sta:<1,0>, prof:1, snd_ch_cfg:0x0[0m
[0;32mI (755) wifi:state: init -> auth (0xb0)[0m
[0;32mI (795) wifi:state: auth -> assoc (0x0)[0m
[0;32mI (805) wifi:state: assoc -> run (0x10)[0m
[0;32mI (815) wifi:connected with MyHotspot, aid = 1, channel 1, BW20, bssid = 34:cf:f6:9a:61:3b[0m
[0;32mI (815) wifi:security: WPA2-PSK, phy: bgn, rssi: -40[0m
[0;32mI (815) wifi:pm start, type: 1[0m

[0;32mI (815) wifi:dp: 1, bi: 102400, li: 3, scale listen interval from 307200 us to 307200 us[0m
[0;32mI (895) wifi:dp: 2, bi: 102400, li: 4, scale listen interval from 307200 us to 409600 us[0m
[0;32mI (895) wifi:AP's beacon interval = 102400 us, DTIM period = 2[0m
[0;32mI (1845) esp_netif_handlers: sta ip: 10.42.0.242, mask: 255.255.255.0, gw: 10.42.0.1[0m
[0;32mI (1845) WIFI: got ip:10.42.0.242[0m
[0;32mI (1845) WIFI: connected to ap SSID:MyHotspot password:12345678[0m
[0;32mI (1845) MQTT_CLIENT: Unhandled event id: 7[0m
[0;32mI (1865) QUEUE: Queue tao thanh cong[0m
[1;31mE (1865) mqtt_client: Client has not connected[0m
[0;32mI (1865) main_task: Returned from app_main()[0m
[0;32mI (1875) MQTT_CLIENT: MQTT_EVENT_CONNECTED[0m
[0;32mI (1885) MQTT_CLIENT: Subscribe qos0, msg_id=43346[0m
[0;32mI (1885) MQTT_CLIENT: MQTT_EVENT_SUBSCRIBED, msg_id=43346[0m
[0;32mI (1895) MQTT_CLIENT: MQTT_EVENT_DATA[0m
TOPIC=/topic/qos0
DATA=data
[0;32mI (2685) SPI_SLAVE: Expected: 720 bytes, Got: 720 bytes[0m
[0;32mI (2685) SPI_SLAVE: Received uint16_t data:[0m
06CB 06E2 06FE 06F3 06DD 0716 0796 0865 097F 0AD9 0BE8 0C5F 0C27 0B5D 0A1C 08A8 0768 064E 0593 0554 0588 05E3 0631 0672 066A 0649 065E 06B0 0700 0730 075C 0745 06F4 06BA 06D2 0702 0729 0746 0741 0705 06D3 06F2 0726 0755 0776 0779 0743 06F3 06DC 06DF 06E9 06F2 06F8 06BF 066D 0662 0693 06BF 06DB 06E7 06AA 0649 0624 064B 065A 0645 064C 05C4 0528 0482 0438 042B 0445 047C 049B 0471 0447 0474 04B2 04EF 0522 0530 04FB 04A3 0487 048D 04A8 04B2 04A8 0468 0420 0416 0446 046E 0477 0486 0454 0419 0424 0473 04CE 050D 0540 052D 04EC 04C0 04E9 0526 0555 057A 0570 0533 04FB 0514 0544 056F 0592 058F 055A 0528 053C 0559 0575 0586 0591 055A 051D 052A 0572 05B3 05D7 05F2 05C2 0585 058E 05D3 061A 063B 065D 0639 05ED 05CE 05F7 063A 0671 069E 0699 065F 063F 067A 06BE 06FD 071E 06FB 06A0 0655 066C 069D 06CC 06E2 06E6 06AB 066F 0682 06C9 0707 072B 0742 0712 06D4 06CF 070B 073E 075B 0774 074D 071C 0718 0768 07CA 0815 0853 0849 0810 07ED 0824 0863 089B 08C8 08BB 087A 084D 0880 08CB 090A 091E 0915 08D6 0890 08A2 08E3 092C 095D 0978 0948 0908 0913 0954 0987 09B3 09C7 099F 095A 0946 0975 09AE 09CF 09EB 09CB 0986 095F 0998 09D8 0A0B 0A2B 0A19 09D0 09A3 09CF 0A0B 0A3A 0A5A 0A57 0A16 09D8 09F3 0A33 0A70 0A8D 0A8D 0A4B 0A08 0A0B 0A48 0A7E 0AA8 0ABF 0A8F 0A46 0A36 0A6C 0A9A 0ABB 0ADA 0ABB 0A7E 0A5C 0A85 0AB3 0AD9 0AFB 0AE8 0A97 0A6B 0A97 0AD1 0B02 0B1E 0AFF 0AA2 0A4B 0A5E 0A99 0AE0 0B19 0B35 0B03 0ACB 0ADB 0B0F 0B3C 0B5B 0B73 0B57 0B22 0B26 0B6D 0BAE 0BDB 0BF3 0BBB 0B54 0B15 0B2D 0B43 0B4B 0B5A 0B28 0AE2 0AC3 0AF1 0B27 0B4E 0B66 0B55 0B06 0AC9 0AE8 0B1F 0B54 0B6D 0B6C 0B23 0ADB 0AE8 0B19 0B46 0B53 0B31 0AE3 0AB7 0AE6 0B41 0B96 0BF8 0C92 0D4B 0E36 0F49 0F6C 0F5B 0F28 0E38 0C99 0AD6 0997 0913 08FB 0936 0996 09DF 09E2 09E9 0A3E 0AA3 0AFC 0B45 0B5C 0B1B 0ADF 0AF3 0B2F 0B5E 0B79 0B83 0B3F 0B02 0B06 0B44 0B7E 
[0;32mI (2835) SPI_SLAVE: pushed into queue[0m

[0;32mI (2835) MQTT_TASK: Read from queue[0m
[0;32mI (3025) MQTT_CLIENT: MQTT_EVENT_PUBLISHED, msg_id=59416[0m
[0;32mI (3685) SPI_SLAVE: Expected: 720 bytes, Got: 720 bytes[0m
[0;32mI (3685) SPI_SLAVE: Received uint16_t data:[0m
0BA3 0BAB 0B6B 0B16 0AF9 0B1D 0B4A 0B6B 0B83 0B60 0B02 0AE3 0B0F 0B49 0B7E 0BA2 0B8C 0B36 0AFB 0B1A 0B49 0B70 0B85 0B75 0B32 0AF2 0B02 0B2F 0B50 0B70 0B71 0B33 0AF6 0AFA 0B2C 0B56 0B73 0B7B 0B3F 0AF6 0AF5 0B34 0B63 0B7B 0B82 0B4F 0AFE 0AE8 0B13 0B3F 0B62 0B6E 0B4D 0AF2 0ABB 0AD3 0AF2 0B04 0B15 0AFD 0AAA 0A68 0A7B 0AB1 0ADE 0AF8 0ADB 0A8B 0A46 0A46 0A7C 0AA6 0ABF 0ABF 0A83 0A36 0A2D 0A55 0A6B 0A71 0A6B 0A30 09D0 09B1 09D7 0A03 0A26 0A36 0A14 09C2 098B 09AA 09CB 09F0 0A0D 0A04 09BB 097B 0993 09B9 09D7 09FD 09FB 09C3 098E 09A2 09B9 09B6 0990 095F 090B 08C4 08CD 090D 093E 0959 095F 0929 08DA 08DA 090B 0937 095A 096E 0927 08AE 0863 087F 08B8 08E7 090D 08FC 08AE 087B 089B 08C8 08DE 08FB 08F1 08AF 087A 0886 08B7 08D2 08DB 08D2 0899 0864 087D 08C4 08F8 0921 0933 08FF 089E 087D 088B 08A1 08AE 08B2 0881 0832 0813 0838 0863 087C 0885 085D 080B 07DF 0800 0821 0830 0840 0835 080F 0802 082E 0877 08A6 08C5 08B7 0877 0833 0847 0886 08AE 08CD 08D6 0898 0843 083B 0870 0895 08B1 08BA 087B 082E 0808 082A 0853 0871 0887 0860 07F6 07BC 07DA 0802 0822 0839 0820 07D7 07A8 07C2 07FB 0833 0860 0852 0811 07D7 07E3 0816 083A 0855 0856 0812 07D2 07E0 0816 083D 0855 085A 0822 07D6 07C1 07E6 0813 082F 0847 081E 07D6 07BD 07E2 0808 0820 0833 0824 07E1 07C4 07F2 0828 0853 086C 0852 080B 07CF 07E7 082E 0876 08B5 08BE 086B 080B 07F3 0807 0815 0818 07FA 079F 0748 0748 077A 07A8 07B7 07BD 078A 072A 06F9 070E 0728 0746 075E 0746 06FF 06DD 0700 072B 0748 0750 071A 06B6 068E 06E5 074E 0796 07DD 0844 08D8 09C8 0B29 0C74 0CEC 0C74 0B3B 0963 0782 0639 05A4 0582 05A6 05EB 0602 05E6 0600 0656 06A8 06EE 072B 06F4 0675 0624 0626 0641 0653 0664 0642 05FA 05CF 05EF 0626 064A 0665 065A 0613 05DA 05EB 0617 062D 063C 0638 060D 05F2 0620 0670 06AD 06CF 06DF 06BA 067C 0681 06BC 06E3 06FA 0713 06F6 06B7 06AC 06DA 0713 0743 
[0;32mI (3835) SPI_SLAVE: pushed into queue[0m

[0;32mI (3835) MQTT_TASK: Read from queue[0m
[0;32mI (3995) MQTT_CLIENT: MQTT_EVENT_PUBLISHED, msg_id=33494[0m
[0;32mI (4685) SPI_SLAVE: Expected: 720 bytes, Got: 720 bytes[0m
[0;32mI (4685) SPI_SLAVE: Received uint16_t data:[0m
076D 075E 0719 06EB 0707 0736 0754 076D 075E 071A 06E6 0705 073C 076D 0794 0783 073E 06F8 0705 0736 0770 0791 079E 0762 0714 0709 072F 075B 0773 0782 0754 0704 06F0 071E 074B 075E 0768 0736 06E7 06C7 06F3 072A 073E 0749 071E 06C5 0682 0691 06BE 06D5 06ED 06DB 069B 0658 0664 0690 06B0 06C3 06BB 0682 0636 0634 0666 0693 06A2 0698 0650 0601 05FD 0632 0668 0688 069D 066E 0621 0607 063B 0678 0694 06AD 0696 0659 062F 0659 068D 06B5 06D0 06B8 0671 063A 0658 068A 06C0 06E1 06EB 06BA 066E 067C 06AE 06D9 06F8 0702 06D0 0689 0689 06B3 06C5 06B8 06A0 0647 05DE 05A5 05C3 05FA 0622 0651 0642 05F6 05CA 05E8 0617 0639 0658 063A 05EF 05B6 05CF 0604 0637 0647 0636 05EE 05AE 05D1 062A 0678 06B2 06CB 0691 0637 062D 0660 06A5 06D8 06F8 06CC 0683 0673 06AB 06E6 0706 0724 06FE 06A5 066B 0680 06A0 06AF 06BC 068E 063B 05FE 0618 0646 0672 0695 068B 064E 060A 060D 0636 0653 0663 0665 063D 0611 062F 066E 06AB 06DF 06FA 06DB 06A0 0696 06C5 06F5 070F 0727 06F8 06B0 0696 06C7 0703 072B 074E 072A 06E4 06B6 06D8 0712 0741 0759 0745 06F9 06B8 06CB 0702 072F 074A 074E 071B 06DB 06D7 06EE 0705 071A 0725 06FE 06BF 06CC 06FF 0739 0752 075B 0733 06ED 06E2 0723 0761 0783 0796 0772 0725 0702 0738 0788 07CB 07F7 07D9 0775 0713 0712 072B 0738 0736 071F 06D7 0699 06A6 06C6 06E4 06EA 06E2 06A2 0653 0654 068C 06C5 06DA 06E3 06AA 064D 062C 0655 067B 0687 0682 0646 061C 0636 068E 06EE 0758 0810 08EC 09ED 0B12 0C13 0C3B 0B81 0A2A 0889 06D7 058B 050F 0508 0531 056F 05A8 0596 0573 05A4 0609 0669 069B 06BF 068E 063D 0624 0651 0687 06B3 06D6 06AA 065D 063C 0661 0696 06BE 06E6 06D1 0694 066A 068E 06B2 06CF 06F6 0701 06BB 066B 0666 066E 0687 06A2 069B 0652 05FE 05FC 062C 065C 067E 068B 0658 0608 05F6 0630 0657 0667 067A 0656 0621 0624 066B 06BA 06EB 0718 0705 06D0 06B2 06E7 0723 074C 0767 0753 0711 06E3 070A 0744 0771 0786 
[0;32mI (4835) SPI_SLAVE: pushed into queue[0m

[0;32mI (4835) MQTT_TASK: Read from queue[0m
[0;32mI (5035) MQTT_CLIENT: MQTT_EVENT_PUBLISHED, msg_id=57455[0m
[0;32mI (5685) SPI_SLAVE: Expected: 720 bytes, Got: 720 bytes[0m
[0;32mI (5685) SPI_SLAVE: Received uint16_t data:[0m
076F 0712 06BD 06CC 06FC 072C 0743 0758 0728 06E8 06E6 071D 0745 0755 075A 0726 06D5 06BE 06DE 0706 071A 0724 06ED 06A1 0680 06AA 06CE 06E1 06EE 06CE 067B 0643 065E 067E 069D 06B6 06A5 0668 062B 0644 067C 06AD 06C2 06CB 0686 063D 063A 0670 06A1 06BF 06DA 06AA 0669 065A 068A 06B2 06C2 06E9 06C5 068F 0678 06A2 06C8 06D8 06DC 06A2 063D 05F7 0612 063A 064D 0654 0630 05D8 0583 0584 05A1 05C0 05D8 05DE 05A2 0559 055A 0588 05B7 05D7 05EA 05B2 056C 0564 0598 05C6 05E3 0600 05CD 0589 056A 059B 05CE 05E5 05FC 05DA 0593 0573 05A4 05E2 0605 05FA 05AE 052F 04D5 04EC 0529 056D 058E 057B 052E 04EF 04FE 0540 057B 059D 05CE 057A 053C 0524 0536 0558 057B 05A4 0589 054D 0538 0568 059E 05CB 05E6 05C9 0587 0577 05B3 05F2 0621 063E 060B 05BB 0592 05C4 0609 064D 067E 0693 066A 0641 0657 068B 06B3 06CD 06CF 068C 0647 064A 0673 06A6 06C5 06E0 06C1 068D 0686 06BF 06F6 0720 073C 070B 06C7 06BF 0716 0772 07B9 07F6 07FD 07DA 07D7 0813 0847 085E 085E 083D 07EE 079B 07A2 07CB 0800 082D 0840 0806 07C9 07D3 080B 083A 085D 0867 082B 07EA 07E6 081D 0852 0873 0888 0853 07FC 07D4 07E5 0812 0861 08BF 08E0 08BA 08DD 098B 0A9F 0BEE 0D4A 0E1D 0DD6 0CD1 0B98 0A3F 0908 0835 07AD 072E 06EE 0726 078F 07EA 0830 0863 085D 084A 086E 08B9 08F6 091F 093B 090B 08C0 08B1 08EC 0922 094B 0968 0949 0902 08EB 091B 094F 0976 098E 0975 092E 0900 0928 095B 0984 09A5 09A4 095B 091F 0938 0971 09A2 09CB 09D5 0993 0942 0936 096D 09A6 09C8 09DE 09B1 0964 0955 097D 09AB 09D3 09F3 09D4 0987 096D 098F 09BF 09EA 0A02 09D5 097E 0948 096A 09A3 09D4 0A00 09F5 09B3 0981 099B 09D4 09F7 0A21 0A15 09DB 099E 099E 09CD 09FA 0A10 0A13 09DF 09A0 09A5 09DC 0A0A 0A29 0A32 09EF 0994 0973 0993 09BB 09D6 09E6 09C9 097E 0959 097E 09AB 09CC 09ED 09D8 097F 0941 0953 0984 09A4 09C9 09CB 0987 094A 095A 098D 09B6 09D0 09D3 09A1 095E 095D 0995 09CB 09EB 0A02 
[0;32mI (5835) SPI_SLAVE: pushed into queue[0m

[0;32mI (5835) MQTT_TASK: Read from queue[0m
[0;32mI (5975) wifi:<ba-add>idx:0 (ifx:0, 34:cf:f6:9a:61:3b), tid:0, ssn:23, winSize:64[0m
[0;32mI (6035) MQTT_CLIENT: MQTT_EVENT_PUBLISHED, msg_id=16731[0m
[0;32mI (6685) SPI_SLAVE: Expected: 720 bytes, Got: 720 bytes[0m
[0;32mI (6685) SPI_SLAVE: Received uint16_t data:[0m
09DC 0992 0982 09AB 09D5 09FA 0A0E 09E5 098E 0958 097A 09B0 09E4 0A0D 0A05 09B3 097A 0992 09BD 09EC 0A18 0A1B 09D9 09A2 09B2 09E9 0A16 0A2F 0A2E 09E3 0996 0995 09C8 09EA 09FF 0A1A 09EC 09A4 099B 09C3 09EF 0A16 0A26 09F7 09A2 0981 09AA 09DF 0A04 0A15 09ED 0993 0962 097F 09A9 09D0 09F1 09DF 0995 0956 0972 09AC 09D2 09E1 09D2 098B 094C 095D 099C 09BF 09DB 09DB 0991 0942 0940 0977 09AB 09D6 09E6 09B5 096A 0953 0972 0988 0996 09AD 099C 095B 094F 0988 09BD 09DE 09F3 09DD 0987 095A 0976 09B7 09E2 09FB 09F2 09A8 0966 0974 09AD 09E2 0A1B 09D8 08F8 0816 07BB 07D3 0813 0862 0892 0875 0824 0808 082E 0862 088C 08A5 0880 0842 0831 084B 085C 0864 087F 0875 083F 082A 0856 0899 08C6 08DF 08E2 08BB 08A6 08DD 0918 092B 0929 090B 08A8 0844 0833 0861 089F 08DA 08FE 08DF 08A2 088F 08AB 08CB 08DC 08E5 08B4 085B 083E 085F 0888 089E 08B1 0887 082F 07F2 07EE 080D 084A 0891 08A2 0876 087F 091D 0A2D 0B8A 0D1B 0E52 0E78 0DB8 0C93 0B3C 09DD 08C0 07F8 0759 0700 0725 0794 07F9 083B 087B 087E 085E 0871 08B6 08F3 0916 0921 08F7 08AD 0885 08A3 08D8 0902 0924 0910 08CA 0899 08BF 08FA 091E 093D 092E 08E8 08A2 08A9 08DE 090D 0934 093A 08FB 08B2 08B8 08E2 0917 093B 0933 08EE 0892 0889 08BE 08EB 090E 0929 0910 08D5 08CC 08F8 092B 0953 097C 095A 0917 08EB 0907 0932 0952 097C 096A 091F 08E3 08F8 0926 094D 096D 096A 0929 08E2 08E9 091C 0951 0979 0993 0966 0926 092D 096A 099B 09BF 09D3 09AC 095D 093C 0956 0981 09A3 09C0 0990 0937 0903 091F 094A 095E 096D 094E 08FB 08BF 08D8 0900 091C 0934 0922 08DB 089B 08A8 08D4 08F7 090F 0911 08CE 086E 0855 0872 0893 08B2 08C9 08A6 0871 0865 088B 08B8 08CB 08E8 08BF 0882 086F 0897 08DA 08F2 0919 0902 08AD 0872 088B 08C4 08E9 0908 08F8 08B0 086B 0879 08A2 08D0 08E7 08EF 08B2 085E 085F 088E 089B 0892 0873 080C 0795 076C 077B 0798 07A2 07A0 075B 06FE 06CF 06EB 0716 072F 074D 0732 
[0;32mI (6835) SPI_SLAVE: pushed into queue[0m

[0;32mI (6835) MQTT_TASK: Read from queue[0m
[0;32mI (7035) MQTT_CLIENT: MQTT_EVENT_PUBLISHED, msg_id=7425[0m
[0;32mI (7685) SPI_SLAVE: Expected: 720 bytes, Got: 720 bytes[0m
[0;32mI (7685) SPI_SLAVE: Received uint16_t data:[0m
06E1 06B0 06C5 06F0 0709 0724 0712 06D1 0698 06AD 06D6 06F9 071B 0713 06CF 068A 0695 06BE 06DF 06F8 06FF 06C4 0675 0680 06B6 06E9 0708 0720 06F2 06B0 06A7 06E7 0726 074A 0771 0754 0705 06E0 070E 074C 0771 0794 0778 0731 0706 0734 077C 07BB 07E7 07EB 07AE 0768 077C 07BA 07E9 080F 0823 07F8 07B9 07C5 07E3 07FB 07F6 07CF 075E 06D3 068B 0687 0696 06A2 06AF 0684 0629 0608 0638 0674 069D 06B5 069B 0661 063E 0668 06A0 06D1 06F7 06F5 06C2 0696 06C5 070A 0731 0743 0738 06FE 06C9 06E4 071E 0763 07A2 07D4 07C4 07A3 07B1 07F1 087E 0876 0855 07EA 0761 0738 0778 07E6 084D 0894 087A 082B 07FA 0809 0826 0833 083F 0827 07F2 07CE 07E4 07EA 07D3 07CF 07C8 07A6 078D 07B4 07EE 0823 0853 0861 0827 07F5 0805 083D 0862 086A 085C 0842 082A 0852 089F 0906 0995 0A7D 0B8B 0CB9 0DEB 0EA8 0E72 0D73 0BFB 0A3F 089E 077E 071C 072E 0773 07D2 080B 0808 0805 0844 0898 08E8 0918 091C 08D2 0891 08A7 08F7 0952 0992 09C4 09B6 097F 097A 09AB 09E1 0A11 0A3E 0A1E 09D5 09BA 09E3 0A22 0A52 0A74 0A5D 0A15 09E8 0A0B 0A3B 0A58 0A62 0A43 09D7 0951 090E 08C6 0865 07FF 077B 06AF 05D6 0531 0491 03E1 0304 0235 0116 0000 0000 0000 0000 0000 0000 0000 0000 0000 0000 0000 0000 0000 0000 0000 0000 06FE 0F78 0F7C 0F7E 0F81 0F83 0F81 0F86 0F7E 0F84 0F8A 0F80 0F82 0F81 0F7F 0F85 0F84 0F82 0F80 0F7A 0F80 0F7E 0F81 0F83 0F81 0F86 0F7E 0F7D 0F72 0F30 0CCB 09EB 07E6 0705 06F9 074B 07A8 07E8 07FF 07FA 07F0 07E3 07D7 07DA 07D6 07D7 07D6 07D3 07D2 07D3 07D8 07D5 07DC 07DA 07DB 07DB 07E0 07DA 07DA 07D7 07D7 07DA 07D6 07D5 07D6 07D3 07D0 07D1 07D4 07CF 07D4 07D2 07DA 087A 0A1C 0C8A 0F33 0F73 0F77 0F7E 0F7E 0F81 0F86 0F7B 0F82 0F7B 0F7E 0F81 0F7C 0F82 0F80 0F78 0F7F 0F7E 0F81 0F81 0F81 0F86 0F7E 0F84 0F7E 0F81 0F82 0F80 0F84 0F85 0F84 0F82 0F81 0F7B 0F80 0F7E 0F81 0F81 0F81 0F86 0F7E 0F84 0F7E 0F80 0F82 0F80 0F7F 0F84 0F84 0F82 0F7B 0F7B 
[0;32mI (7835) SPI_SLAVE: pushed into queue[0m

[0;32mI (7835) MQTT_TASK: Read from queue[0m
[0;32mI (7985) MQTT_CLIENT: MQTT_EVENT_PUBLISHED, msg_id=65080[0m
[0;32mI (8685) SPI_SLAVE: Expected: 720 bytes, Got: 720 bytes[0m
[0;32mI (8685) SPI_SLAVE: Received uint16_t data:[0m
0F7D 0F7E 0F81 0F81 0F83 0F86 0F7E 0F81 0F7E 0F80 0F82 0F7B 0F86 0F85 0F85 0F7F 0F83 0F7F 0F80 0F7E 0F81 0F83 0F83 0F86 0F7E 0F85 0F7E 0F80 0F7F 0F7B 0F7E 0F84 0F84 0F7B 0F80 0F7B 0F7F 0F82 0F81 0F81 0F83 0F86 0F7E 0F84 0F7E 0F80 0F7B 0F79 0F7F 0F85 0F85 0F82 0F81 0F82 0F7D 0F7E 0F81 0F81 0F83 0F86 0F7E 0F84 0F7E 0F7B 0F7B 0F7B 0F7E 0F84 0F84 0F7B 0F81 0F83 0F7F 0F7E 0F81 0F83 0F81 0F86 0F7E 0F84 0F7E 0F80 0F88 0F73 0F7E 0F85 0F84 0F7B 0F83 0F7F 0F7D 0F7E 0F83 0F83 0F83 0F86 0F7E 0F85 0F7E 0F81 0F82 0F81 0F84 0F85 0F84 0F82 0F7B 0F7B 0F7D 0F7E 0F81 0F83 0F83 0F86 0F86 0F84 0F7E 0F7B 0F82 0F80 0F76 0F75 0F84 0F82 0F81 0F82 0F7D 0F7E 0F81 0F81 0F83 0F86 0F7E 0F85 0F8E 0F80 0F7F 0F7B 0F7F 0F81 0F84 0F88 0F83 0F82 0F80 0F7F 0F81 0F81 0F81 0F86 0F7E 0F85 0F7F 0F80 0F78 0F80 0F7E 0F80 0F84 0F7B 0F80 0F82 0F7E 0F7E 0F81 0F83 0F81 0F7F 0F7E 0F75 0F7E 0F7B 0F82 0F7B 0F7E 0F81 0F85 0F7B 0F8B 0F7A 0F78 0F78 0F6B 0F64 0EED 0D8C 0C1A 0B2F 0AEA 0AE8 0AF7 0B08 0AE3 0A7B 0A2E 0A0A 09F4 09DE 09C3 099E 0951 0906 08F5 08FD 08F2 08CF 08B8 0891 0897 08F0 0953 09A1 09E6 0A36 0A6F 0A92 0AD3 0B4F 0BA9 0BCA 0BDD 0BF4 0BFB 0C2B 0C8A 0CDC 0D14 0D30 0D1B 0CE1 0CD6 0D0E 0D6C 0DA6 0DD1 0DD8 0DA9 0D86 0D9D 0DC4 0DD8 0DE3 0DF8 0DD1 0D96 0D91 0DAB 0DBF 0DCA 0DAE 0D55 0CEE 0CC1 0CCB 0CD3 0CD0 0CD5 0CD4 0CBB 0CB8 0CA8 0C64 0C20 0BF1 0BB7 0B61 0B0E 0AF6 0B05 0B1E 0B2B 0B1E 0AC8 0A6C 0A49 0A45 0A43 0A31 0A1A 09D0 0984 0963 0943 091B 08EE 08CE 08B5 087E 0843 080A 07C1 077F 074C 06FC 069E 0669 066A 066F 0666 0663 0627 05D6 059A 058E 0585 056E 0548 0522 04E6 04B4 04A1 046D 041A 03F0 03E8 03CB 0394 036E 033F 02F2 0296 0240 01C3 015D 012B 0134 0136 0129 010C 00A9 002E 0000 0000 0007 0000 0000 0000 0000 0000 0000 0000 0000 0000 0000 0000 0000 0000 0000 0000 0000 0000 0000 0000 0000 0000 0000 0000 0005 002A 0000 
[0;32mI (8835) SPI_SLAVE: pushed into queue[0m

[0;32mI (8835) MQTT_TASK: Read from queue[0m
[0;32mI (9025) MQTT_CLIENT: MQTT_EVENT_PUBLISHED, msg_id=51555[0m
[0;32mI (9685) SPI_SLAVE: Expected: 720 bytes, Got: 720 bytes[0m
[0;32mI (9685) SPI_SLAVE: Received uint16_t data:[0m
0000 0000 0000 0000 0000 0000 0000 0000 0000 0000 0000 0000 0000 0000 0000 0000 0000 0000 0000 0000 0000 0000 0000 0000 0000 0000 0000 0000 0000 0000 0000 0000 0000 0000 0000 0000 0000 0000 0000 0000 0000 0000 0000 0000 0000 0000 0000 0000 0000 0000 0000 0000 0000 0000 0000 0000 0000 0000 0000 0000 0000 0000 0000 0000 0000 0000 0000 0000 0000 0000 0000 0000 0000 0000 0000 0000 0000 0000 0000 0000 0000 0000 0000 0000 0000 0000 0000 0000 0000 0000 0000 0000 0000 0000 0000 0000 0000 0000 0000 0000 0000 0000 0000 0000 0000 0000 0000 0000 0000 0000 0000 0000 0000 0000 0000 0000 0000 0000 0000 0000 0000 0000 0000 0000 0000 0000 0000 0000 0000 0000 0000 0000 0000 0000 0000 0000 0000 0000 0000 0000 0000 0000 0000 0000 0000 0000 0000 0000 0000 0000 0000 0000 0000 0000 0000 0000 0000 0000 0000 0000 0000 0000 0000 0000 0000 0000 0000 0000 0000 0000 0000 0000 0000 0000 0000 0000 0000 0000 0000 0000 0000 0000 0000 0000 0000 0000 0000 0000 0000 0000 0000 0000 0000 0000 0000 0000 0000 0000 0000 0000 0000 0000 0000 0000 0000 0000 0000 0000 0000 0000 0000 0000 0000 0000 0000 0020 0071 00A0 00C6 0100 012A 0146 014E 013F 0115 00EF 00E2 00E1 00D8 00BF 00D6 00E8 00F6 0116 013B 013C 0137 0150 017A 0196 01A9 01C6 01CD 01C3 01CE 01FC 022C 0247 0256 023E 0217 021B 0263 0298 029E 0293 0276 0252 023C 0253 0282 02AE 02BF 02BE 02BC 02D5 0316 0346 0363 037A 038D 0374 033B 031F 0316 0332 0342 035F 0360 0355 036C 03B7 0400 0425 041D 03E2 03D8 040E 0469 04A6 04C6 04C7 04AF 04AF 04CA 04DF 04E0 04F3 0536 0573 05A0 05DD 0669 0752 089B 0A28 0B88 0C0C 0B7F 0A3B 0897 06FA 05B6 04F5 048F 0493 04FA 0565 05A8 05DD 0624 0658 0688 06AB 06D3 06FC 071F 072B 06FD 06C6 06AE 06CD 06F6 0719 073B 0738 072C 071F 0731 073A 0749 075F 0768 0774 0799 07D3 07F7 081E 084E 085F 081E 07CB 07BA 07CB 07D6 07DC 07ED 07E2 07CA 07C8 
[0;32mI (9835) SPI_SLAVE: pushed into queue[0m

[0;32mI (9835) MQTT_TASK: Read from queue[0m
[0;32mI (9965) MQTT_CLIENT: MQTT_EVENT_PUBLISHED, msg_id=8331[0m
[0;32mI (10685) SPI_SLAVE: Expected: 720 bytes, Got: 720 bytes[0m
[0;32mI (10685) SPI_SLAVE: Received uint16_t data:[0m
07F8 081A 0832 083F 0827 07F6 07DC 080C 083A 0845 085A 0853 082C 0804 0829 085B 0889 08A2 0899 0862 083A 0853 0887 08B6 08C6 08CD 08C2 08A8 089B 0893 0888 0881 0895 088E 0871 0888 08CD 08F4 08D9 089B 085B 081A 0806 0839 086E 0883 0886 0873 0846 0834 084C 085B 0868 0872 0868 083A 0823 0847 0873 088E 0892 0880 084E 0821 0808 07F0 07D4 07CD 07D5 07C2 079B 07A8 07D5 0800 081D 0833 081B 07F2 07DE 0807 0832 0851 0862 0841 07E8 079D 0794 0798 078F 078E 0778 074A 0725 072B 0743 0754 075A 0764 076E 0773 0762 0736 0710 06F1 06F9 0703 070E 0723 0738 0736 0733 072B 06ED 06AE 069A 06C9 06FC 0722 073E 071B 06DC 06CD 0714 0763 07AB 07EA 07FD 07E6 07DF 0807 081D 082E 083E 0844 082E 081E 082B 0841 0850 085D 0871 0858 084B 0868 0894 08B2 08BD 08BF 088B 0847 082E 084C 0866 0870 0878 0859 082C 081C 082C 0838 0843 084E 083C 0810 07FB 0817 0831 084A 086A 0874 0866 0853 085B 0861 085E 086C 0888 089A 08C1 090B 095B 099B 09C3 09C4 09A7 098D 099A 09DB 0A2B 0A68 0A77 0A40 09E7 09BF 09CA 09CE 09C5 09AE 0980 0953 0952 0990 09D5 0A00 0A0A 09DF 099E 097C 099A 09C8 09CF 09BF 09AA 0976 095D 0986 09BB 09C8 09B8 0984 0925 08FD 092E 0998 09FA 0A58 0AB0 0B30 0C13 0D61 0ECF 0F56 0F2D 0E46 0C98 0AAB 0923 0844 07C1 07AD 07D8 0812 084B 0884 08C4 08FE 0927 0933 0932 091A 0915 093A 0958 0968 096B 096C 095D 095D 0978 0989 097F 097C 0980 0969 093B 092F 093E 094E 0984 0A76 0BB8 0CA3 0D1B 0D44 0D25 0D05 0CDB 0CA3 0C63 0C60 0C97 0CDD 0D03 0CEB 0CA2 0C3A 0BF9 0BF6 0C0B 0C38 0C63 0C7E 0C7C 0C6C 0C68 0C6B 0C58 0C38 0C1E 0BE5 0BC7 0BF3 0C46 0C7E 0CA9 0CF2 0D30 0D68 0D9F 0DD0 0DD5 0DC4 0DC3 0DDF 0DFA 0E18 0E3C 0E91 0F31 0F65 0F66 0F66 0F6D 0F6E 0F6B 0F6B 0F71 0F70 0F6D 0F74 0F72 0F6B 0F6F 0F6D 0F67 0F69 0F69 0F63 0F62 0F4A 0F1D 0EC6 0E49 0DEB 0DD1 0DE6 0DED 0E04 0DFB 0DE8 0DC3 0DA0 0D97 0D90 0D83 0D6B 0D2E 0CDA 0CBD 0CCA 
[0;32mI (10835) SPI_SLAVE: pushed into queue[0m

[0;32mI (10835) MQTT_TASK: Read from queue[0m
[0;32mI (10985) MQTT_CLIENT: MQTT_EVENT_PUBLISHED, msg_id=63588[0m
[0;32mI (11685) SPI_SLAVE: Expected: 720 bytes, Got: 720 bytes[0m
[0;32mI (11685) SPI_SLAVE: Received uint16_t data:[0m
0CD2 0CCB 0CBF 0C9C 0C75 0C5C 0C5F 0C6B 0C7B 0C88 0C86 0C71 0C5F 0C67 0C6F 0C76 0C89 0C8E 0C73 0C53 0C5B 0C7C 0C7D 0C68 0C53 0C38 0C22 0C38 0C70 0CA1 0CA3 0C6B 0C0E 0BA2 0B85 0BA2 0BBB 0BD2 0BDB 0BD0 0BA9 0B9D 0BAA 0BBB 0BCB 0BCD 0BC6 0BA3 0B8B 0BA3 0BB2 0B96 0B6D 0B4A 0B28 0B18 0B38 0B64 0B75 0B74 0B7A 0B58 0B3A 0B30 0B4C 0B69 0B81 0BA5 0BA6 0B86 0B65 0B62 0B7B 0BA8 0BE8 0BF6 0BB5 0B58 0B22 0B3B 0B8B 0BED 0C12 0BEB 0BB3 0BBF 0BFE 0C2E 0C41 0C22 0BCB 0B7F 0B70 0BA4 0BE5 0C2D 0C82 0CC8 0CBB 0CB4 0CB0 0C9F 0C91 0C81 0C4A 0BE6 0B7D 0B46 0B1B 0AF3 0AD9 0AC2 0AAC 0AAD 0AE2 0B1B 0B43 0B5C 0B60 0B33 0AF7 0AF7 0B22 0B36 0B4D 0B4E 0B28 0AE3 0AB8 0A9C 0A9D 0AE5 0B4B 0B93 0BBB 0C24 0CE7 0E1F 0F5F 0F6B 0F76 0F7A 0F6D 0F5E 0EDB 0D6A 0BD9 0A86 09CC 09D4 0A6B 0B1B 0B92 0BB4 0B82 0B17 0ADB 0AF1 0B26 0B52 0B85 0B8E 0B4B 0B00 0AE8 0AF6 0B05 0B14 0B0E 0AE8 0AB2 0AAC 0AC7 0AE5 0AFB 0B17 0B22 0B0E 0B1C 0B52 0B7D 0B9E 0BC1 0BB3 0B81 0B6E 0B86 0BAD 0BD2 0BEB 0BEA 0BBB 0BA6 0BCC 0BFD 0C1F 0C33 0C2A 0BEC 0BA2 0B93 0BB5 0BD1 0BF6 0BFE 0BE5 0BBE 0BC8 0BF8 0C18 0C26 0C25 0C04 0BCA 0BC8 0BFA 0C31 0C52 0C5B 0C3B 0BF7 0BD2 0BD6 0BE5 0BEE 0BEB 0BBF 0B7B 0B56 0B74 0B8F 0B9A 0B9B 0B8B 0B6D 0B5E 0B79 0B95 0BA3 0BAA 0B9E 0B69 0B26 0B19 0B23 0B2F 0B30 0B35 0B18 0B08 0B63 0BF2 0C6C 0CA6 0CC3 0CAB 0C8B 0D06 0DD6 0E8D 0EEE 0F0B 0ED8 0E73 0E34 0E2D 0E34 0E38 0E4B 0E4B 0E4C 0E70 0F03 0F63 0F71 0F7A 0F72 0F74 0F7E 0F7B 0F7B 0F7B 0F7E 0F81 0F84 0F7B 0F7B 0F82 0F7D 0F82 0F7B 0F81 0F83 0F86 0F7E 0F85 0F7E 0F7B 0F7B 0F7B 0F7E 0F80 0F84 0F7B 0F7B 0F7B 0F7D 0F7C 0F80 0F81 0F81 0F86 0F7E 0F81 0F7E 0F7B 0F7B 0F7B 0F7E 0F81 0F84 0F7B 0F7B 0F7B 0F7C 0F77 0F79 0F81 0F77 0F7E 0F76 0F7D 0F76 0F73 0F73 0F71 0F70 0F6D 0F6D 0F6A 0F68 0F63 0F60 0F50 0F45 0F33 0EFB 0EB6 0E66 0E0D 0DCE 0DD0 0DF2 0DFF 0E04 0DED 0DAC 0D58 0D48 0D6B 
[0;32mI (11835) SPI_SLAVE: pushed into queue[0m

[0;32mI (11835) MQTT_TASK: Read from queue[0m
[0;32mI (12045) MQTT_CLIENT: MQTT_EVENT_PUBLISHED, msg_id=55310[0m
[0;32mI (12685) SPI_SLAVE: Expected: 720 bytes, Got: 720 bytes[0m
[0;32mI (12685) SPI_SLAVE: Received uint16_t data:[0m
0DA0 0DBE 0DB0 0D77 0D27 0D0E 0D22 0D35 0D2E 0D08 0CAF 0C48 0C1C 0C3D 0C6C 0C7B 0C7B 0C4A 0BE8 0BA2 0BA9 0BC3 0BD7 0BF6 0BDE 0B8F 0B56 0B69 0BAB 0BF1 0C26 0C35 0BFC 0BBA 0BCB 0C0B 0C34 0C26 0BF1 0B83 0B0F 0AEE 0B16 0B47 0B6E 0B90 0B72 0B2F 0B16 0B3D 0B64 0B63 0B58 0B1A 0AAF 0A66 0A79 0A97 0AA1 0A8E 0A26 099C 094A 0958 097B 0981 0966 094D 092C 0913 0958 09BB 0A41 0B00 0C0B 0D0B 0DE7 0E56 0E12 0D14 0B7F 09CB 0818 06A8 05DC 05C5 0601 064F 0698 0692 065B 0646 068A 06C7 06DB 06EA 06AE 064C 0600 0610 0646 066A 0686 0669 060D 0592 0558 053F 0553 0534 050D 04C2 049A 04D2 053E 05AD 05FE 062E 0616 05DB 05D8 061D 066C 0698 06AB 066B 05F8 05B0 05C3 05EB 05F3 05DE 05AC 0575 0576 05AB 05E8 061B 0644 0635 05F9 05C8 05F2 063A 065B 0657 063A 05E7 05AD 05C0 05F6 062D 065A 067B 0668 065B 0690 06FD 0739 0758 075B 072A 06E0 06D6 0721 076F 07A3 07C2 07A6 076D 0766 07A1 07EA 081A 0837 0834 0811 080E 0861 08CA 0919 093A 092B 08F4 08D5 0914 096E 09B8 09E3 09E4 09B0 0981 099F 09F7 0A46 0A76 0A95 0A76 0A4B 0A5B 0AA1 0AE4 0B14 0B24 0AF2 0AB2 0A98 0AA8 0AB2 0AC3 0AD3 0AC3 0A9A 0A7A 0AAD 0AEA 0B11 0B1E 0B03 0AC6 0A9D 0ACD 0B1A 0B4B 0B5B 0B54 0B06 0AC9 0AD7 0B1B 0B5A 0B72 0B81 0B26 0AD2 0ABF 0AEF 0B24 0B44 0B48 0B03 0AA8 0A7B 0AA0 0AC6 0ADB 0ADF 0AAB 0A4F 0A1A 0A35 0A4E 0A6B 0A6A 0A3B 09F0 09BD 09D8 0A03 0A28 0A3A 0A1C 09D0 0990 0995 09C3 09F2 0A06 0A05 09BE 0963 0958 098B 09BE 09D9 09D8 0998 094F 093F 0974 099C 099D 098F 094B 08FA 08CC 08E9 090E 0923 0932 0903 08AC 0871 088D 08BA 08DE 08EB 08D4 087A 0837 083F 0867 0896 08AA 089D 084A 07EB 07D2 07E9 07FC 07F5 07DF 078E 073E 072E 0758 0786 07A7 07AB 0767 070E 06E0 06FC 071A 072B 0732 0710 06C1 0691 06A5 06BB 06CB 06CA 06AB 0656 0616 062B 0657 067A 067E 0671 062C 05DF 05E2 0612 0640 0651 064C 05FB 05AF 0596 05A5 05B4 05B2 0577 04F3 045F 0408 0407 040C 
[0;32mI (12835) SPI_SLAVE: pushed into queue[0m

[0;32mI (12835) MQTT_TASK: Read from queue[0m
[0;32mI (13045) MQTT_CLIENT: MQTT_EVENT_PUBLISHED, msg_id=9992[0m
[0;32mI (13685) SPI_SLAVE: Expected: 720 bytes, Got: 720 bytes[0m
[0;32mI (13685) SPI_SLAVE: Received uint16_t data:[0m
0410 0402 03D0 0384 035D 0388 03AA 03B3 0382 02F1 0216 015A 00F6 00B4 006D 0005 0000 0000 0000 0000 0000 0000 0000 0000 0000 0000 0000 0000 0000 0000 0000 0000 0000 0000 0000 0000 0000 0000 0000 0000 0000 0000 0000 0000 0000 0000 0000 0000 0000 0000 0000 0000 0000 0000 0000 0000 0000 0000 0000 0000 0000 0000 0000 0000 0000 0000 0000 0000 0000 0000 0000 0000 0000 0000 0000 0000 0000 0000 0000 0000 0000 0000 0000 0000 0000 0000 0000 0000 0000 0000 0000 0000 0000 0000 0000 0000 0000 0000 0000 0000 0000 0000 0000 0000 0000 0000 0000 0000 0000 0000 0000 0000 0000 0000 0000 0000 0000 0000 0000 0000 0000 0000 0000 0000 0000 0000 0000 0000 0000 0000 0000 0000 0000 0000 0000 0000 0000 0000 0000 0000 0000 0000 0000 0000 0000 0000 0000 0000 0000 0000 0000 0000 0000 0000 0000 0000 0000 0000 0000 0000 0000 0000 0000 0000 0000 0000 0000 0000 0000 0000 0000 0000 0000 0000 0000 0000 0000 003F 0131 01F1 025B 0278 024E 0206 01EA 0208 021A 0225 021F 01E1 0188 0152 0165 0181 0191 0178 0135 00C4 005B 004A 006C 009A 00B0 0090 0029 0000 0000 0000 0000 0000 0000 0000 0000 0000 0000 0000 001B 001C 0000 0000 0000 001D 0061 009A 00AF 007B 002A 0014 0045 006D 007B 0072 003C 0000 0000 0000 0000 001E 0022 0009 0000 0000 0000 0000 0000 0006 0011 0000 0000 0000 0000 0000 0000 000E 0000 0000 0007 0063 00B1 00EB 0107 00DE 00A6 00AA 00F8 013F 0178 018A 0160 0100 00CB 00E4 0113 0134 0142 012B 00DD 00A6 00C9 00F7 0142 015E 015C 0127 0106 0128 0179 01BA 01F3 01F2 01AE 015E 0154 0196 01CE 01F9 0209 01D9 01A4 01AD 01ED 021C 0231 0226 01E2 0188 015F 0182 01B4 01CE 01D6 01A8 0148 0119 013D 017A 01AC 01BF 0195 011D 00C0 00B4 00C7 00CC 00CB 00C2 0092 006C 008A 00CE 00E6 00D6 00AC 0059 000A 0000 0019 0032 0046 0042 0000 0000 0000 0000 0000 001C 001C 0000 0000 0000 0044 00B0 0114 0195 0245 031F 043D 057A 0608 05AA 
[0;32mI (13835) SPI_SLAVE: pushed into queue[0m

[0;32mI (13835) MQTT_TASK: Read from queue[0m
[0;32mI (13965) MQTT_CLIENT: MQTT_EVENT_PUBLISHED, msg_id=11088[0m
[0;32mI (14685) SPI_SLAVE: Expected: 720 bytes, Got: 720 bytes[0m
[0;32mI (14685) SPI_SLAVE: Received uint16_t data:[0m
04A5 031C 0162 0006 0000 0000 0000 0000 0000 0000 0000 0000 0058 00EC 015F 019A 017E 013A 0129 0152 0182 0196 0192 0163 0111 00FD 0132 0174 01A8 01CB 01B9 0173 014D 016E 01B2 01E2 01FF 01EE 01AE 0177 0184 01B0 01DF 0200 0207 01C9 0188 018E 01C8 01ED 0200 01FA 01BE 0164 0143 0162 0182 0187 017E 013E 00D9 00AA 00D4 0105 0112 00FE 00B9 004A 0005 000C 0020 002C 0023 0000 0000 0000 0000 0000 0000 0000 0000 0000 0000 0000 0000 0000 0000 0000 0000 0000 0000 0000 0000 0000 0000 0000 0000 0000 0000 0000 0000 0000 0000 0000 0000 0000 0000 0000 0000 0000 0000 0000 0000 0000 0000 0000 0000 0000 0000 0000 0000 0000 0000 0000 0000 0000 0000 0000 0000 0000 0000 0000 0000 0000 0000 0000 0000 0000 0039 0053 0070 00AC 00E0 00F8 0107 00E6 0096 005E 0082 00CD 0100 010E 00E4 007A 0020 0021 004D 0069 006A 0038 0000 0000 0000 0000 0000 0000 0000 0000 0000 0000 0000 0000 0000 0000 0000 0000 0000 0000 0000 0000 0030 0050 0039 0038 007A 00C8 0104 0134 013E 0115 00F6 0134 018C 01CF 0203 021D 01F9 01DA 020B 026A 02BF 02FD 030F 02DB 0298 02A7 02F6 0341 0376 039C 0385 034F 0352 039A 03E9 0426 0450 043C 0402 03E9 041F 0473 04AA 04D1 04BA 0468 0426 0447 0492 04DB 0533 0564 054C 0532 055B 05AC 05F3 062C 064C 0635 060E 0641 06A6 0705 073A 074D 071B 06D3 06CE 0702 0735 0746 074F 072A 06EF 06DC 0715 0751 077F 07A8 07A2 0768 0747 077E 07C5 0807 083A 0836 07FF 07CE 07ED 082B 0852 085E 0859 0844 0848 08A2 0923 09A8 0A3A 0B13 0C07 0D07 0E06 0E4E 0DC5 0C8E 0B0B 096A 0803 074C 0739 077D 07D6 0833 0858 0844 0846 0890 08E3 0927 0956 0956 0919 08EE 090E 094E 097F 09A0 09A5 0974 0933 093F 097A 09AF 09CC 09D0 097D 0921 090E 0926 0941 0946 0931 08E2 0868 081C 0809 0801 07D2 0793 071A 0680 0610 05FB 05F3 05CB 0592 0526 048D 040F 03E1 03D2 03A9 0364 02EF 0248 019C 0144 011A 00EF 0098 001E 0000 0000 0000 0000 0000 0000 
[0;32mI (14835) SPI_SLAVE: pushed into queue[0m

[0;32mI (14835) MQTT_TASK: Read from queue[0m
[0;32mI (14965) MQTT_CLIENT: MQTT_EVENT_PUBLISHED, msg_id=1887[0m
[0;32mI (15685) SPI_SLAVE: Expected: 720 bytes, Got: 720 bytes[0m
[0;32mI (15685) SPI_SLAVE: Received uint16_t data:[0m
0000 0000 0000 0000 0000 0000 0000 0000 0000 0000 0000 0000 0000 0000 0000 0000 0000 0000 0000 0000 0000 0000 0000 0000 0000 0000 0000 0000 0000 0000 0000 0000 0000 0000 0000 0000 0000 0000 0000 0000 0000 0000 0000 0000 0000 0000 0000 0000 0000 0000 0000 0000 0000 0000 0000 0000 0000 0000 0000 0000 0000 0000 0000 0000 0000 0000 0000 0030 02D0 059C 077C 0842 0843 07F8 07A2 0774 0765 076D 077A 078A 0793 0798 079A 079F 07A1 079F 07AC 07A2 07A5 07A6 07A3 07A8 07A9 07AC 07A9 07B4 07AE 07B1 07B2 07AF 07A7 07B1 07B1 07B3 07B6 07B4 07B5 07B6 07B2 07A8 0721 061F 04C9 0334 0186 0000 0000 0000 0000 0000 0000 0000 0000 0000 0000 0000 0000 0000 0000 0000 0000 0000 0000 0000 0000 0000 0000 0000 0000 0000 0000 0000 0000 0000 0000 0000 0000 0000 0000 0000 0000 0000 0000 0000 0000 0000 0000 0000 0000 0000 0000 0000 0000 0000 0000 0000 0000 0000 0000 0000 0000 0000 0000 0000 0000 0000 0000 0000 0000 0000 0000 0000 0000 0000 0000 0000 0000 0000 0000 0000 0000 0000 0000 0000 0000 0000 0000 0000 0000 0000 0000 0000 0000 0000 0000 0000 0000 0000 0000 0000 0000 0000 0000 0000 0000 0000 0000 0000 0000 0000 0000 0000 0000 0000 0000 0000 0000 0000 0000 0000 0000 0000 0000 0000 0000 0000 0000 0000 0000 0000 0000 0000 0000 0000 0000 0000 0000 0000 0000 0000 0000 0000 0000 0000 0000 0000 0000 0000 0000 0000 0000 0000 0000 0000 0000 0000 0000 0000 0000 0000 0000 0000 0000 0000 0000 0000 0000 0000 0000 0000 0000 0000 0000 0000 0000 0000 0091 0166 01FE 0224 0237 0274 02C0 0304 0334 0353 0344 0335 037A 03E5 0441 047D 04A5 0488 045F 0472 04BB 04F8 0527 0547 0533 0506 04FE 054D 05AE 05F8 062E 0629 05ED 05D5 0604 063E 0678 06AE 06BD 0690 066B 0697 06CF 06FE 0712 0714 06DA 069F 06BA 06FE 0750 078C 07B4 078B 0753 0753 0790 07C6 07F1 0823 082B 0816 081E 086D 08CE 0919 0953 094B 0916 08FD 093C 097A 099B 09A3 
[0;32mI (15835) SPI_SLAVE: pushed into queue[0m

[0;32mI (15835) MQTT_TASK: Read from queue[0m
[0;32mI (15905) MQTT_CLIENT: MQTT_EVENT_PUBLISHED, msg_id=29969[0m
[0;32mI (16685) SPI_SLAVE: Expected: 720 bytes, Got: 720 bytes[0m
[0;32mI (16685) SPI_SLAVE: Received uint16_t data:[0m
0988 092A 08E3 08F5 092F 0962 0986 098D 0966 093F 095A 098B 09B0 09BD 09C4 0992 0963 0973 09AC 09D2 09F7 09F7 09B7 096A 0962 09AD 09F6 0A38 0A73 0A5F 0A17 09ED 0A04 0A1B 0A38 0A52 0A44 0A06 09DF 09F9 0A25 0A42 0A4E 0A41 09FE 09D1 09F2 0A2B 0A54 0A7D 0A89 0A4F 0A18 0A32 0A7C 0AC4 0B01 0B2F 0B17 0AEA 0AF6 0B3D 0B76 0B9F 0BBF 0BA3 0B64 0B41 0B64 0B92 0BB9 0BE3 0BD9 0BA2 0B91 0BC7 0C03 0C26 0C4A 0C49 0BFE 0B8B 0B68 0B71 0B87 0BAD 0BBC 0B92 0B63 0B82 0BC8 0C06 0C35 0C53 0C2F 0BFA 0C06 0C39 0C6E 0C8B 0CAF 0C68 0C16 0C09 0C5C 0CBB 0CFB 0D3B 0D2C 0CF7 0CE8 0D17 0D51 0D7E 0DAA 0DAD 0D7E 0D4B 0D72 0DB8 0DFC 0E2D 0E3D 0E0A 0DDB 0DF2 0E2D 0E72 0EB0 0EBB 0E8D 0E4A 0E42 0E6D 0E96 0EAB 0EBF 0E9B 0E64 0E4F 0E7D 0EAA 0EC8 0EEB 0ECC 0E86 0E63 0E93 0ED3 0F0E 0F2A 0F1F 0EEE 0EBB 0EC3 0ED3 0EDC 0ED5 0ECC 0E9B 0E81 0EAA 0EE0 0EF2 0EF3 0ED3 0E77 0E1A 0DF2 0E01 0E16 0E1B 0E28 0DF3 0DBC 0DB5 0E00 0E4B 0E91 0EB8 0EAB 0E7A 0E68 0E96 0EC5 0EE5 0F02 0EFB 0EBF 0EAC 0EC6 0EF0 0F03 0F23 0F42 0F36 0F3D 0F5E 0F68 0F6B 0F78 0F76 0F7D 0F7D 0F7A 0F7B 0F7A 0F78 0F67 0F73 0F73 0F6B 0F62 0F3E 0EE5 0E82 0E19 0DCB 0DCB 0E26 0E75 0EAC 0EBF 0E9B 0E52 0E20 0E37 0E5B 0E77 0E93 0E96 0E4E 0E0D 0E0E 0E2B 0E48 0E58 0E50 0E05 0DCC 0DCF 0DFB 0E1F 0E2F 0E10 0DC3 0D57 0D1B 0D16 0D0E 0D19 0D1E 0CE8 0CA2 0C83 0CB4 0CE5 0D05 0D0B 0CE3 0C98 0C69 0C90 0CBB 0CD5 0CED 0CDE 0C86 0C4D 0C56 0C7B 0C9B 0CA9 0C96 0C5C 0C28 0C32 0C68 0C8F 0CA8 0CA2 0C61 0C11 0C0B 0C3A 0C56 0C5F 0C66 0C21 0BBF 0BA2 0BCC 0BF4 0C15 0C2B 0C03 0BBB 0B91 0BA7 0BD9 0BFB 0C0F 0BF6 0BA2 0B5D 0B66 0B7B 0B93 0B9F 0B7F 0B2C 0AE4 0ADB 0AFB 0B32 0B39 0B26 0AD0 0A6F 0A5F 0A7E 0A8E 0A8D 0A8E 0A5B 0A13 09FB 0A17 0A44 0A5D 0A5F 0A28 09CE 09A8 09B7 09DB 09F7 0A13 09EF 0996 0955 095E 0973 098B 09A3 098C 0935 08FD 0908 0929 0958 0969 095E 091D 08D3 08D3 08F6 0916 0935 093A 
[0;32mI (16835) SPI_SLAVE: pushed into queue[0m

[0;32mI (16835) MQTT_TASK: Read from queue[0m
[0;32mI (17025) MQTT_CLIENT: MQTT_EVENT_PUBLISHED, msg_id=33093[0m
[0;32mI (17685) SPI_SLAVE: Expected: 720 bytes, Got: 720 bytes[0m
[0;32mI (17685) SPI_SLAVE: Received uint16_t data:[0m
08FA 08AA 0898 08B4 08D5 08E5 08E2 08A8 084E 0828 083A 0851 0857 085F 0836 07DA 07A9 07C2 07EB 0818 083B 0827 07DD 07AD 07C8 07FB 082E 0860 085E 0815 07BF 07B3 07CA 07E6 080F 082E 080D 07DA 07E3 0816 0849 0875 088A 0858 07FE 07D3 07D0 07DD 07EB 0801 07EA 0796 077C 07A6 07DF 0808 0823 0800 07AC 076D 077B 07A3 07BF 07DB 07D2 0797 0753 0757 077E 078C 0794 078E 0768 0748 0771 07C6 0804 082C 0838 0803 07BA 07A8 07D2 07FA 080F 081B 07F2 07A2 077C 079E 07C9 07EB 0801 07DC 077C 0744 075A 0793 07BA 07C3 0796 0731 06E7 06DF 06E2 06CC 06B5 067E 0615 05B6 05B9 05E8 0619 0639 063E 05FB 05B3 05A9 05D2 05FF 062F 0647 0622 05C2 058D 059A 05B0 05DA 061A 0630 0615 0604 0613 062D 063F 0659 063C 05EE 05A7 05BD 05F6 061E 0637 062A 05D5 059A 05B8 0608 064D 067D 067F 0642 0603 05CB 05B2 05B0 05C4 05D2 0596 052F 0519 0576 05F8 0662 06A1 06AC 06BC 0755 0898 0A0E 0B4F 0BAF 0B02 0989 07EB 06B1 05EA 0566 0525 0502 04C5 04BE 050A 056D 05BF 0606 062A 0605 05CA 05D5 0613 0651 0684 0695 0661 061A 0609 062A 0655 067C 06A5 068B 064D 0646 0674 06A9 06D4 06F8 06F6 06C5 06AC 06CD 06F4 070A 071F 070E 06C9 0694 06B5 06EB 071B 074A 0752 071C 06DA 06E1 0712 074E 0774 0785 075C 071B 0721 0753 077D 0792 0797 0751 06E1 06A6 06B2 06CD 06DE 06EB 06C2 0672 0650 0671 0698 06AE 06B3 068A 0621 05D4 05F2 0627 0656 0676 066A 061F 05D6 05DF 0618 0643 0665 065F 061F 05D3 05D8 0616 0651 066A 0675 063F 05FF 05F6 061C 0649 0662 0673 064B 0606 05F0 061F 0658 067E 0698 067B 0628 05E6 0605 0637 065F 0682 067A 0639 0600 0612 0642 066F 0690 0691 065F 0612 060B 063A 066B 0690 06A1 0673 062B 0626 065E 069C 06BE 06D0 06A6 065B 0650 0689 06D0 0702 072B 0723 06E0 06A2 06B0 06D2 06EF 070F 070E 06DF 06B2 06CB 0700 0728 074C 074C 0705 06BB 06BF 06E2 0703 071A 0730 0707 06CD 06D6 0702 0725 0736 072B 06F2 06A3 0687 06A5 06CC 06DE 06E9 06C6 
[0;32mI (17835) SPI_SLAVE: pushed into queue[0m

[0;32mI (17835) MQTT_TASK: Read from queue[0m
[0;32mI (18025) MQTT_CLIENT: MQTT_EVENT_PUBLISHED, msg_id=5751[0m
[0;32mI (18685) SPI_SLAVE: Expected: 720 bytes, Got: 720 bytes[0m
[0;32mI (18685) SPI_SLAVE: Received uint16_t data:[0m
0688 0660 0682 06BB 06DF 0706 06FA 06B5 067A 0691 06C3 06F1 071C 0715 06EC 06BF 06DD 070B 0729 0736 0745 0713 06D1 06DA 070A 0745 0766 0778 0752 070E 0706 0739 0769 0772 0776 0758 0721 070A 0733 075B 0773 0792 0782 074C 071E 073E 077A 07A9 07D6 07D5 0795 075E 0789 07D3 080D 083C 0850 0827 07F9 080E 085A 08A9 08F6 0922 0900 08B9 08A0 08BD 08EC 08FB 08FB 08BE 086F 0854 088B 08C7 08F7 091E 090A 08C5 089E 08BF 08F2 0918 0930 091C 08EC 08BE 08D8 090A 092F 0940 0928 08CF 0887 08C2 093A 09AD 0A06 0A5A 0AA2 0B3B 0C86 0E1D 0F64 0F3B 0E88 0CCA 0AB8 08FA 080B 079F 078F 07B4 07C6 07D1 07FE 0868 08D3 0923 0966 096F 0948 0922 093B 095F 0981 099A 099B 0967 0927 0946 097A 09AD 09D6 09F1 09D2 099F 09A6 09D5 0A14 0A82 0A78 0A53 0A0C 09E6 0A0B 0A47 0A87 0AC7 0ABA 0A89 0A62 0A90 0AC8 0AF9 0B26 0B15 0AD5 0A9B 0AB8 0AE3 0B14 0B3A 0B37 0AFB 0ABB 0AC6 0AE6 0B0C 0B2E 0B39 0B03 0ACF 0AE6 0B3C 0B94 0BCB 0BE9 0BBF 0B81 0B88 0BCF 0C1C 0C6D 0CAD 0C98 0C3B 0C08 0C28 0C5E 0C99 0CCB 0CBF 0C7A 0C3E 0C5D 0C8E 0CBB 0CEB 0CF8 0CC4 0C89 0C9C 0CC3 0CF1 0D0B 0D04 0CBF 0C81 0C97 0CD9 0D22 0D42 0D5D 0D22 0CCB 0CB8 0CDB 0D10 0D2C 0D35 0D03 0CC1 0CBB 0CED 0D1E 0D33 0D3F 0D1B 0CCF 0CA2 0CCD 0D0A 0D39 0D62 0D5B 0D24 0CED 0D0C 0D3B 0D69 0D7A 0D68 0D16 0CD3 0CDF 0D13 0D46 0D56 0D54 0D0A 0CB8 0CAE 0CD3 0D0C 0D1D 0D2D 0CF8 0C9B 0C73 0C84 0C9E 0CC0 0CD1 0CAB 0C62 0C3E 0C79 0C9E 0CC8 0CDB 0CAB 0C46 0BF9 0C05 0C28 0C43 0C4A 0C28 0BD7 0B8B 0B8F 0BB3 0BD6 0BE6 0BE5 0B9A 0B3B 0B2A 0B48 0B6C 0B7D 0B7C 0B3A 0AE3 0ACB 0AF8 0B22 0B40 0B43 0B05 0A9E 0A6E 0A9D 0AE2 0B0B 0B3A 0B21 0AC6 0A6D 0A6C 0A83 0AA9 0ACA 0ACC 0A96 0A73 0A97 0AD1 0B0F 0B36 0B3D 0AF6 0AAB 0AAB 0AD9 0AFE 0B0C 0B08 0ACA 0A89 0A8F 0AB9 0AD0 0AF1 0B01 0AE1 0A9A 0A7A 0AA5 0ACE 0AE8 0AF8 0AD8 0A96 0A75 0A9C 0ABB 0ADB 0AF8 0AE0 0A87 0A50 0A61 0A97 0ACE 0AEE 0ADC 0A8E 
[0;32mI (18835) SPI_SLAVE: pushed into queue[0m

[0;32mI (18835) MQTT_TASK: Read from queue[0m
[0;32mI (19025) MQTT_CLIENT: MQTT_EVENT_PUBLISHED, msg_id=59966[0m
[0;32mI (19685) SPI_SLAVE: Expected: 720 bytes, Got: 720 bytes[0m
[0;32mI (19685) SPI_SLAVE: Received uint16_t data:[0m
0A49 0A53 0A81 0AA6 0ABD 0AC4 0A88 0A39 0A3B 0A84 0AC6 0AF1 0ADF 0A85 0A0E 09CA 09D5 09EE 09F0 09EF 09C9 097F 0955 0975 099B 09B8 09CB 09AD 095E 0923 0931 094F 096E 0986 0974 0916 08C3 08CA 08E9 0910 0915 08FD 08C3 08B0 08EA 0944 0990 09E7 0A8D 0B71 0C86 0DBA 0E7D 0E46 0D33 0B9B 09BB 0810 06FD 06AF 06D2 0729 0783 0798 0766 075F 07B3 080F 0856 0876 0855 07EE 078B 078E 07B3 07E4 0801 0804 07BF 076E 075E 077A 0797 07C2 07CB 0797 074E 073E 0764 078C 0799 079E 0771 0734 0714 0735 075B 0781 079A 0775 071C 06E6 0703 0737 075E 075A 071F 069E 0635 0628 0643 0670 0699 069D 0652 0606 060E 0645 067F 06A9 06C7 06B5 0696 0696 06AC 06B6 06B8 06CE 06AB 066C 065D 069C 06D8 070B 0732 070D 06BC 068B 06AB 06DF 070A 072E 0721 06D2 0690 06AA 06EB 0726 0751 075D 072B 06FF 0716 0739 073E 072B 0713 06C7 067A 066E 0699 06BE 06BF 06C6 068A 062C 05F9 060F 062F 0651 0672 064D 05F6 05D5 0603 063D 067A 06A6 06A4 066A 0641 065E 0688 06AF 06D3 06E2 06B2 068C 06AE 06E3 0712 0733 074C 0724 06E5 06DE 06FF 0722 0739 0746 0725 06EF 06ED 0722 074E 076D 077A 0739 06E8 06C9 06FA 0725 074D 075E 073E 06F2 06B5 06C7 06FA 0722 0743 073A 06EA 06AD 06BA 06D3 06E3 06F0 06F0 06B7 067D 068A 06BA 06DB 06F1 06EE 06B0 0665 065A 068A 06C6 06E7 06F6 06BF 066E 0647 0664 0691 06BC 06D2 06B3 066E 0641 065A 0687 06A7 06AF 068E 063C 0605 0622 0650 066F 0686 0684 063C 05FC 05FA 060F 0608 05FB 05EC 05B5 0580 0587 05C2 05EF 0611 061C 05E8 0598 058B 05C6 0601 0639 0663 0650 0608 05E0 0606 064A 0683 06B5 06AA 0666 063D 0662 068D 06AB 06C3 06B9 0675 0635 063A 066E 06A2 06CC 06DA 06A3 0657 0643 066E 069A 06BF 06D6 06AB 067A 0683 06C6 0709 0744 075E 0731 06E2 06CC 0702 074B 0795 07D7 07DA 0796 074D 0734 0723 0722 0728 0714 06C7 0691 06A8 06D9 06F6 06F8 06D6 06A2 0671 0687 06CE 0702 0729 072A 06D9 068B 0672 069C 06B9 06CF 06D2 0693 0620 
[0;32mI (19835) SPI_SLAVE: pushed into queue[0m

[0;32mI (19835) MQTT_TASK: Read from queue[0m
[0;32mI (20035) MQTT_CLIENT: MQTT_EVENT_PUBLISHED, msg_id=29131[0m
[0;32mI (20685) SPI_SLAVE: Expected: 720 bytes, Got: 720 bytes[0m
[0;32mI (20685) SPI_SLAVE: Received uint16_t data:[0m
05E3 061A 0685 06F3 0747 0762 077A 081F 096E 0AF8 0C52 0CDF 0C57 0ADD 090D 077B 0650 0598 055B 0556 054D 0545 057B 05D2 0626 0669 067A 065B 0636 0651 0694 06BC 06D5 06DA 06A8 0656 0638 0656 0670 0677 067B 065A 060E 05EF 0618 0656 0683 06A8 069C 0659 0629 0646 067B 06B0 06E2 06DA 0682 0633 063D 066A 068E 06A5 06A6 0670 062E 062B 0662 068D 06AC 06BA 068A 063F 063D 0676 06B0 06D1 06ED 06DA 0696 0675 068F 06AF 06CB 06F0 06EC 06AD 0684 069A 06D3 06F3 0701 06E7 069B 0667 067D 06A6 06C2 06D5 06CE 0697 065A 066B 06B0 06E9 0714 0726 06F8 069F 067D 0686 0683 0677 0673 063A 05F2 05E9 0620 0648 0653 064D 0617 05B9 0580 059A 05D7 0616 0635 0614 05CB 059E 05BF 05F7 060F 0611 0606 05BF 058A 0598 05D4 0605 062D 063A 060D 05CE 05CF 05F4 0617 0633 0653 0656 0646 0669 06BE 0703 0722 0728 06EC 0691 0664 0686 06C5 06FB 071D 0710 06D6 069F 06A7 06CA 06E6 0705 0716 06E9 06AE 06BA 06F0 072C 0759 077B 0751 0713 0715 0743 0772 0796 07A1 0775 0726 071B 075B 0794 07B0 07C9 07A3 075F 0742 0764 0785 07A2 07B3 0792 0745 071C 073D 0765 0768 0763 074E 0708 06CC 06DB 0711 0747 076F 0776 0737 06F6 0701 0742 077B 07A7 07BD 0784 073A 0731 0758 0783 07AC 07D9 07BF 0781 075A 076A 077D 0792 07A3 0783 072F 0704 072D 076D 078F 079B 0776 0718 06CE 06E3 0715 0737 0752 0754 0725 06EE 06F9 0732 0768 0786 078C 0758 0718 0719 0748 076D 078A 079B 0761 0707 06F2 0716 0745 0772 079B 0788 0749 0730 075C 079D 07CA 07DF 07C2 077C 074A 0770 079F 07C3 07EA 07F6 07D4 07AE 07D3 0816 0839 083C 081F 07E5 078B 0769 077A 07A2 07B7 07C7 0795 073F 0726 0746 0775 0796 07AE 0796 0758 0736 0749 076C 0782 0793 077F 073D 0706 070D 071B 073B 077F 07BA 07B5 07A6 0800 08BB 09DB 0B50 0CA5 0D4D 0CDB 0BF1 0ABB 0960 0822 0735 066F 05E9 05D6 060E 0664 06A6 06E1 06EA 06CE 06E5 0735 077C 0796 07A5 077E 0725 06F0 0726 0777 07B7 07DE 07D2 0795 0762 
[0;32mI (20835) SPI_SLAVE: pushed into queue[0m

[0;32mI (20835) MQTT_TASK: Read from queue[0m
[0;32mI (20995) MQTT_CLIENT: MQTT_EVENT_PUBLISHED, msg_id=15760[0m
[0;32mI (21685) SPI_SLAVE: Expected: 720 bytes, Got: 720 bytes[0m
[0;32mI (21685) SPI_SLAVE: Received uint16_t data:[0m
0789 07C6 07EB 0800 07FF 07CC 078E 07A1 07D2 07F9 081E 0831 07F7 07A7 07A2 07CA 07F7 080E 0811 07E2 0792 076C 0789 07C5 07F8 082B 0828 07EF 07BA 07D9 0807 0823 083A 0822 07D7 078E 0793 07BE 07F0 081C 0839 080D 07DE 07F3 082E 0864 088A 08A3 086B 0815 0802 0826 0855 0866 0873 0858 081B 0816 0849 0884 08AA 08BB 0898 084C 0820 083B 0855 0861 086E 0852 080D 07E6 0809 0843 0869 087C 086D 0825 07D6 07E9 082B 0861 0876 0875 0831 07D3 07C2 07F2 082D 0856 0873 0852 0808 07EC 0805 082F 084A 0870 0852 080D 07F0 081B 0855 0885 08AA 08AE 086D 0824 081B 0836 0842 083C 0819 07C9 0788 07A3 07DA 0809 082E 0841 07FF 07A7 07A6 07DE 0811 0836 0833 07F3 07A9 0797 07AF 07C8 07D2 07EB 07D8 07A9 07AA 07F3 0833 0853 086E 0856 081F 07F6 0809 082A 0848 0864 0864 0838 0813 0843 088B 08B4 08BE 08A3 084B 07EB 07DE 0804 082D 0842 083F 0802 07B0 079E 07C5 07F4 0813 0838 081A 07D1 07B2 07D9 080D 0837 0862 084A 080D 07EA 080C 0842 0879 0897 0881 082F 07DA 07DD 07FE 0821 0848 0858 0826 07E9 07F4 081A 083F 0858 0868 0836 07F9 07F7 0825 0856 086E 0889 086A 0825 0813 083B 0874 088D 0899 0872 081B 07E8 080F 0854 088B 08B9 08B5 0882 085E 0889 08B6 08C8 08D3 08B1 084C 07DD 07C5 07E3 0803 081E 0819 07DA 0790 079D 07D1 0802 080E 0815 07DE 0793 078B 07C6 07F6 0815 082C 07F2 0781 072E 0739 0774 07CB 082B 084D 0842 0860 0917 0A46 0BB3 0D1A 0DDB 0D66 0C25 0AB4 094A 0829 0772 0703 069E 0667 069F 0705 0762 079A 07CF 07B6 0773 0762 077D 0796 07A5 07B4 0776 06FB 06AA 06A8 06C6 06EB 0711 0703 06DE 06CE 070D 074A 077B 07A8 07A8 0774 0745 075D 0788 07BA 07DE 07E0 079E 075E 0763 078B 07C4 07E6 07F5 07C6 0779 0772 079F 07D6 07FD 0815 07EE 079B 077B 07A0 07D0 07FA 0823 0807 07C2 0796 07BF 07F2 0813 0833 0825 07E6 07B1 07D4 080A 083A 085B 0860 0816 07D3 07D3 07FB 082F 0860 0879 084A 07FF 07F6 081F 0844 084D 0854 0823 07DF 07BA 
[0;32mI (21835) SPI_SLAVE: pushed into queue[0m

[0;32mI (21835) MQTT_TASK: Read from queue[0m
[0;32mI (22045) MQTT_CLIENT: MQTT_EVENT_PUBLISHED, msg_id=46576[0m
[0;32mI (22685) SPI_SLAVE: Expected: 720 bytes, Got: 720 bytes[0m
[0;32mI (22685) SPI_SLAVE: Received uint16_t data:[0m
07CF 07EC 080D 082B 080B 07BA 077E 0795 07BC 07DB 07F2 07DB 078C 0741 0754 0772 0790 07A8 07A0 075A 0727 073D 076B 0792 07A2 07A5 0766 0729 072B 0763 0796 07BD 07D8 07AA 0763 075B 0798 07C2 07D5 07DB 07AF 0766 074E 0784 07C6 07F1 081A 080B 07D0 079D 07A8 07C8 07E8 0803 07EF 07A6 0769 0781 07B1 07DA 07EE 07E9 07A6 076B 0778 07A8 07D8 07D5 07DD 07A2 0753 0743 0774 079C 07B3 07C3 0793 074E 0732 075F 078A 079B 07A8 0783 0740 070F 0734 0762 0791 07AB 0798 0750 0713 072B 075F 0786 079A 078F 0752 0711 071E 0759 0790 07B1 07D1 079A 072B 06F2 06EC 06E6 06E7 06F3 06CE 0694 068A 06C1 06FA 0716 072A 0711 06D8 06C1 06F5 072F 0769 0788 0760 06FC 06A8 069B 06B1 06DE 070E 072C 0706 06D0 06E3 0713 0748 0775 0785 074F 0710 0712 0745 0770 078B 07AB 077B 0736 0722 0765 07B6 07F8 081F 0801 07B6 078F 07C4 07F8 0823 084E 0849 0810 07E5 0805 083B 086E 089A 08AC 088C 0868 086A 085E 0854 0845 0848 080B 07CB 07CF 0808 0848 0881 08B4 088D 0834 080E 0838 086B 0891 08A7 0888 0845 082F 0866 0896 08AF 08C2 08A3 085F 081F 0826 0859 08B4 0913 093B 092A 093C 09F2 0B29 0CA1 0E0B 0EC2 0E3A 0CDF 0B42 09AB 0862 0789 073C 06FF 06DD 06FE 0763 07BF 0808 0847 084B 0827 0827 085E 088E 08AD 08C6 08A9 0868 0848 0876 08B1 08E4 0902 08EB 08A6 086C 0876 08AA 08D7 08F1 08EE 08B6 0879 087E 08A9 08CA 08EB 0904 08D9 089D 0893 08BF 08EA 0909 091E 08F6 08A3 087D 08A2 08CE 08ED 090A 08E3 089A 0873 08A6 08DD 0908 091B 0901 08AF 0878 0890 08D0 08FB 0917 090E 08BE 086D 0872 08A2 08D3 08F3 08FC 08B5 0865 084A 085F 0882 089C 08B0 0890 084D 083D 086E 088E 08B5 08C6 0891 083A 0819 084C 0879 0895 08A8 088B 083A 07FB 0807 0832 0857 086D 0862 080E 07C7 07D2 0800 0823 0842 0840 07FD 07AC 07A3 07D0 07F3 080F 081C 07F0 07A7 0793 07BA 07DA 07F1 07FE 07CB 077B 0763 0798 07D9 081C 084A 0843 0813 080B 0850 08A1 08D1 090B 091A 08EA 08CD 08EE 
[0;32mI (22835) SPI_SLAVE: pushed into queue[0m

[0;32mI (22835) MQTT_TASK: Read from queue[0m
[0;32mI (23045) MQTT_CLIENT: MQTT_EVENT_PUBLISHED, msg_id=51583[0m
[0;32mI (23685) SPI_SLAVE: Expected: 720 bytes, Got: 720 bytes[0m
[0;32mI (23685) SPI_SLAVE: Received uint16_t data:[0m
0931 0958 0971 0974 0934 08F9 0913 0963 099E 09B8 09C4 0999 095F 0961 09A2 09DA 0A01 0A0E 09E8 099B 0988 09B0 09E9 0A1C 0A3B 0A1B 09C3 0988 09A2 09E1 0A17 0A37 0A2A 09D6 0994 09A2 09CB 09FE 0A1B 0A16 09CD 0988 0988 09B3 09E8 0A04 09FE 09BB 096B 0963 0992 09B6 09D5 09D6 0998 093F 0923 0956 098D 09B5 09CF 09AB 0958 092C 094C 097B 0997 09B1 0996 094A 090F 0926 0958 0988 09A3 099C 0955 0914 090E 0938 095B 097C 0970 0913 08B3 08AB 08E6 0916 0945 0962 0929 08DE 08C8 08E6 0904 0918 092F 0918 08DB 08C4 08EC 0915 0937 0953 093E 08EE 08A7 08A2 08AB 08B0 08B3 08A4 0855 07FC 07EB 0813 083E 086B 087A 084B 0803 0801 082E 084E 0867 087A 0842 07FB 07E3 07FC 0809 081D 0832 0811 07D2 07BF 07F7 083D 086B 089B 088E 084A 0825 0844 086B 088E 08AB 08C4 089D 0874 0888 08AE 08D2 08D9 08C4 0870 0815 0803 081E 082E 083D 0842 0808 07C6 07C3 0800 0835 085D 0872 0843 07EE 07C1 07D7 07F3 0817 083F 0836 07F6 07CD 07E6 080D 0846 08A5 08CD 08B3 08B2 093E 0A55 0BBE 0D49 0E7F 0EAB 0DCC 0C6D 0AEC 096A 0842 077E 06F1 06B0 06F3 076F 07C7 080A 0844 0847 082E 082B 085A 0883 0897 0899 086D 081A 07F3 0823 0859 0882 08A6 0893 0847 0816 0826 0855 0876 088B 0882 0842 0810 0815 082D 084A 085F 086A 0834 07F6 0800 082F 0857 0876 0886 085D 0816 07F9 0822 084B 086C 0885 0864 0812 07E8 0803 082D 084E 086B 085B 0813 07DA 07EA 081D 0846 086B 086A 082F 07FA 0801 0834 085A 087B 087A 0830 07D6 07D2 07F7 081B 083A 0846 0811 07BE 07A6 07CF 0808 0836 0855 0828 07D2 07A1 07BA 07E4 0800 0819 07FB 07A7 0776 0786 07A5 07C6 07E0 07CE 077B 0736 074D 0775 077B 0773 075A 0715 06D4 06E7 0719 073F 0756 0756 0715 06C2 06B1 06E3 071A 073E 0755 0729 06DA 06C2 06EF 0728 0752 0773 0753 0703 06E2 0706 0734 0756 0778 076E 0728 06EC 0705 0748 0773 0791 0783 073D 06F6 0709 0737 075B 0786 0796 076F 072A 0718 073A 0768 0780 0794 076C 071E 070E 073A 
[0;32mI (23835) SPI_SLAVE: pushed into queue[0m

[0;32mI (23835) MQTT_TASK: Read from queue[0m
[0;32mI (24035) MQTT_CLIENT: MQTT_EVENT_PUBLISHED, msg_id=6668[0m
[0;32mI (24685) SPI_SLAVE: Expected: 720 bytes, Got: 720 bytes[0m
[0;32mI (24685) SPI_SLAVE: Received uint16_t data:[0m
0769 0782 0791 0763 0711 06EA 0712 0745 0762 0778 075E 0711 06E0 06FC 0731 075E 0786 076A 070B 06B6 06B8 06E7 0717 073E 0742 0705 06BE 06BE 06F6 072B 0750 0759 0724 06BE 06A9 06CE 06FD 0724 0746 071B 06BF 068A 069A 06C9 06EE 070B 06FE 06B3 067F 0697 06C8 06F2 0711 0702 06B5 0672 0685 06B7 06EA 0714 0714 06CF 068A 068D 06C8 06F3 071E 072D 06FC 06A3 0698 06C3 06F9 0717 0735 0717 06CD 06AF 06CA 06F5 0712 0730 071A 06D3 06B0 06C9 06EF 0702 0719 0706 06C5 067F 0699 06D7 0711 073E 073E 0705 06CA 06D3 070B 073F 076C 078D 0775 0722 070B 0713 0719 070A 0709 06D7 0696 06A2 06FA 0755 078E 0799 0762 06FB 06C6 06D9 06F5 070B 071B 0700 069B 063E 0649 0677 06AB 06DE 06EC 06B9 0684 0688 06B8 06E9 0707 070D 06DD 0693 068F 06B2 06CD 06C0 06AB 0687 067B 06C6 0742 07D1 087E 0978 0A82 0B7B 0C72 0CC4 0C4C 0B28 09B3 082A 06CA 05F6 05C8 05EE 062D 067B 06AC 0694 0684 06B8 0706 074D 0789 07A9 0785 074E 0768 07AB 07EE 0822 0848 0827 07ED 07E4 0813 0853 087E 08B8 08A6 0861 0837 0863 08A6 08D6 090D 0902 08BB 088B 08AB 08E6 091D 094C 0948 0903 08BF 08CC 08F0 0923 094B 094B 0912 08D2 08D7 0906 0933 0958 0978 0956 0914 0905 092E 0963 098B 09BD 09A6 0963 0945 096D 09A2 09C2 09DD 09C6 097B 0952 0980 09A4 09BC 09C8 09B2 0963 092E 0951 0996 09D0 09F7 09FB 09CA 0986 0991 09BE 09E3 0A0A 0A13 09DE 098D 0980 099A 09C8 09DB 09F8 09C6 0983 0965 0985 09A6 09BA 09D5 09AE 0963 093A 0958 0994 09C5 09F4 09DF 0998 0958 0969 09A0 09D0 09F7 09F3 09C0 097E 098D 09C2 09EB 09FB 0A0B 09DE 099F 09A4 09DA 0A18 0A3E 0A5C 0A32 09E3 09CB 09F3 0A26 0A46 0A65 0A46 09FB 09E2 0A0B 0A3C 0A5D 0A75 0A4B 09F8 09B3 09CD 0A06 0A41 0A73 0A81 0A42 09F6 0A01 0A36 0A5B 0A7A 0A83 0A50 0A0D 0A24 0A5B 0A93 0AB3 0AD8 0AA4 0A59 0A45 0A6F 0A9E 0ABA 0AD5 0AAA 0A4B 0A1A 0A2B 0A56 0A84 0AB4 0AA2 0A5F 0A23 0A38 0A62 0A79 0A95 0A8B 0A42 09FA 0A09 0A3A 
[0;32mI (24835) SPI_SLAVE: pushed into queue[0m

[0;32mI (24835) MQTT_TASK: Read from queue[0m
[0;32mI (25035) MQTT_CLIENT: MQTT_EVENT_PUBLISHED, msg_id=58505[0m
[0;32mI (25685) SPI_SLAVE: Expected: 720 bytes, Got: 720 bytes[0m
[0;32mI (25685) SPI_SLAVE: Received uint16_t data:[0m
0A72 0A9A 0A88 0A30 09DD 09EC 0A23 0A53 0A6A 0A69 0A26 09DB 09D3 0A07 0A42 0A62 0A75 0A46 09F1 09C3 09EF 0A16 0A45 0A69 0A3E 09D8 0983 098D 09C2 09F0 0A1B 0A13 09CA 098A 099F 09DE 0A13 0A3F 0A48 0A04 09BC 09C4 09DF 0A1F 0A43 0A58 0A26 09E7 09DB 09F7 0A16 0A2E 0A51 0A42 0A0B 0A0A 0A3B 0A56 0A5F 0A5D 0A28 09C3 097A 0979 0996 09B8 09CB 09BF 097F 0942 094D 0966 097A 0992 098B 0950 0911 091D 094A 0973 097B 0971 0936 08F1 08DF 08ED 0900 0922 0965 096E 095B 097A 09F3 0AC6 0BFD 0D6D 0E83 0EAB 0DFF 0CD9 0B62 09EB 08D7 0805 0776 072E 0741 0786 07BF 07D2 07D2 07AC 078F 07C5 080B 0848 086F 0874 0834 07F3 07EF 081F 084F 0872 0885 0836 07C3 07A2 07C3 07FC 0825 0855 083B 0803 07EF 0819 0854 0878 089B 0881 0842 0814 0829 084E 086B 0883 0878 0848 0825 0851 088F 08CF 08FB 08EF 089C 0843 0847 0877 08A2 08B6 08C5 0886 0833 0823 084F 0874 0889 0894 086B 082D 081A 083F 0866 0878 0899 088B 085E 0836 085F 0896 08C5 08E4 08DD 08A3 0875 089A 08C6 08DD 08F6 08F2 08B3 086B 0867 0885 08AC 08BE 08C9 0890 0839 0826 0851 087B 0897 08AE 087C 0825 07FE 0813 083A 0853 0868 0845 07F4 07B3 07CB 07FF 0828 0847 0835 07E7 07AF 07C6 07EE 0809 0820 081B 07EA 07A9 07B6 07E9 0815 0823 0823 07EA 07A4 07A7 07DF 080B 0827 0836 07F6 07A4 078E 07BB 07EE 0818 0826 07E5 0784 0743 0778 07B0 07E0 080A 0801 07B1 076F 078A 07B6 07D9 07F2 07E3 07A2 0768 077E 07A4 07C4 07C3 07BF 077B 0738 073A 0773 079B 07AF 07BA 077C 072D 0712 072F 0753 076E 0794 0775 0734 070E 0729 074A 0765 0774 074A 06F7 06C7 06F2 0722 074C 0760 0753 0708 06C1 06D0 06F5 071C 072A 072B 06F8 06B5 06B2 06E0 0707 0717 071E 06E2 0695 0682 06A9 06DE 0708 071C 06F4 0695 0652 0663 0686 06A4 06BE 06A3 0655 062B 0656 0694 06B7 06CE 06BB 0678 063F 065A 0689 06AF 06BA 06AB 0663 0625 062C 0663 0693 06AF 06BA 067A 0635 062F 065F 0698 06BD 06D8 06A4 0651 063E 0673 06AA 
[0;32mI (25835) SPI_SLAVE: pushed into queue[0m

[0;32mI (25835) MQTT_TASK: Read from queue[0m
[0;32mI (26035) MQTT_CLIENT: MQTT_EVENT_PUBLISHED, msg_id=54210[0m
[0;32mI (26685) SPI_SLAVE: Expected: 720 bytes, Got: 720 bytes[0m
[0;32mI (26685) SPI_SLAVE: Received uint16_t data:[0m
06D8 06EE 06C7 0675 0647 0676 06B6 06E9 0722 0725 06F2 06C9 06ED 0711 0724 0722 0708 06AB 064D 0636 065D 068B 06AF 06B8 0676 0627 0614 0638 0662 067B 0695 065F 0619 0606 062A 064B 0661 0677 0659 0609 05D3 05E8 05FA 0637 069A 06C5 06B2 06B5 073E 083C 0994 0B0E 0C33 0C48 0B60 0A0A 0895 072F 061D 0574 04F2 04B5 04E2 054B 05AA 05F1 0636 0631 0609 0602 063A 0663 0688 06A2 068E 064F 0631 065A 0686 06B9 06D2 06C3 0678 0649 0670 069F 06D0 06EA 06DB 069B 0670 0696 06D8 0707 071F 0726 06EA 06A4 06A4 06D5 0708 072D 074C 071F 06E4 06C6 06C3 06C3 06F1 06F2 0662 05AF 054E 0562 058C 05CC 0606 05FF 05C6 05A5 05D0 0601 0630 064E 0668 0648 05A8 0506 0474 0433 0443 048E 04A8 04BD 04F8 0543 057A 05A8 05C9 05A1 0571 0578 05BB 05FA 0625 0638 0610 05C3 05A7 05DF 062A 066D 06AF 06AF 0663 0622 0634 0651 066F 0688 0679 0632 05F3 060A 0640 0667 0677 066E 0628 05E5 05F6 0618 0632 0643 0654 0635 0609 0620 066B 06BA 06F3 0712 06E3 0696 0680 06B9 06F8 0729 0758 074F 0710 06FA 072D 0767 0796 07B6 07AD 076A 0733 0750 078B 07C4 07E5 07DF 079A 075A 076B 07A5 07DC 0807 0811 07D1 078E 078E 07BF 07EE 0811 081B 07F1 07A7 079C 07CC 07FB 0818 082E 080F 07C6 07A8 07D1 0801 082A 0846 0834 07E2 079E 07AA 07D3 0800 081F 0815 07CA 0788 078B 07AC 07D0 07ED 07FB 07BF 077E 0782 07BC 07F2 0811 082A 07F3 079C 076D 0784 07A3 07CB 07F2 07D8 0790 0779 07A3 07CD 07EE 07FE 07E5 079E 0772 079E 07CB 07F0 080D 080C 07BE 0778 0782 07B1 07DA 0800 080B 07CD 0782 076E 07A9 07CE 07E8 07FB 07D9 07A0 079C 07C4 07DE 07F8 080E 07E9 0797 0777 079B 07BF 07E6 07FA 07E5 07A2 076F 078A 07B3 07D4 07EC 07E4 079F 0761 0778 07A1 07BF 07DF 07E3 07A7 076A 0776 07B5 07EA 0819 0836 0806 07C4 07B7 07DD 07F0 0808 082A 0814 07EC 0802 0853 089B 08C0 08BA 0875 0812 07D0 07D2 07E8 07F0 07F5 07DD 079A 076E 078E 07B8 07DE 0801 0803 07C3 0786 078A 07B9 07DE 
[0;32mI (26835) SPI_SLAVE: pushed into queue[0m

[0;32mI (26835) MQTT_TASK: Read from queue[0m
[0;32mI (27035) MQTT_CLIENT: MQTT_EVENT_PUBLISHED, msg_id=17548[0m
[0;32mI (27685) SPI_SLAVE: Expected: 720 bytes, Got: 720 bytes[0m
[0;32mI (27685) SPI_SLAVE: Received uint16_t data:[0m
07F5 07FA 07B8 0767 0755 0771 077E 0779 077E 0779 0770 078D 07EB 086B 0946 0A7E 0BC5 0CD6 0D78 0D6A 0C89 0B16 0979 07DF 0673 05A9 05AE 0618 0690 06F3 071D 0707 06EF 0722 0775 07B6 07D3 07DA 079F 0754 074F 078C 07BB 07DB 07E8 07AD 075A 0753 0793 07D7 0817 083E 0835 07F2 07C9 07EA 081B 0846 086D 086C 081F 07EB 080A 0841 0872 089D 0897 084B 080C 0812 0845 087A 089B 08A8 0873 0838 083D 086D 088B 089F 08AB 0879 083A 083B 0877 08AD 08D6 08E6 08C5 0876 084D 0872 089F 08CC 08E5 08D9 089A 0873 089A 08C9 08DE 08FB 08E7 08AB 0886 08C6 08B9 0896 0823 078A 06F5 06AC 06DD 0745 079E 07E9 081A 07F8 07AC 07A9 07DB 080F 087E 086E 083F 0786 069B 0622 0603 063C 069C 06D4 06CB 06DB 0722 0764 0796 07CB 07D1 079B 0776 079A 07D9 080E 0833 082B 07E8 07B8 07E5 0838 0888 08D8 0903 08E0 0890 0883 08AF 08DF 08FA 0906 08D9 0896 0883 08B2 08EA 0916 0935 091D 08D8 08AB 08D3 0914 0944 0962 093F 08EB 08C6 0902 095F 09AE 09E4 09E6 09A9 0967 0979 09B6 09EE 0A19 0A2E 09FB 099F 0973 098C 09BD 09F4 0A1B 0A03 09C3 09B0 09D2 09FF 0A27 0A47 0A26 09D2 09AD 09D6 0A03 0A32 0A50 0A3E 09F5 09C0 09D8 0A09 0A2B 0A48 0A37 09F9 09B7 09BF 09EF 0A16 0A35 0A36 09F3 09AB 09B1 09EC 0A1D 0A44 0A4B 0A1B 09C8 09AD 09D2 0A09 0A31 0A53 0A36 09EE 09C9 09E6 0A0B 0A33 0A49 0A34 09EC 09BC 09D8 0A08 0A2E 0A4F 0A42 09FB 09B7 09C3 09FA 0A1E 0A35 0A3E 0A0B 09CB 09CB 09F4 0A0F 0A25 0A28 09F3 09AA 0991 09B2 09DD 0A07 0A29 0A0E 09BA 09A4 09CA 09FF 0A1A 0A22 0A00 09AF 097C 0998 09C8 09F8 0A20 0A1A 09DB 0993 0995 09BE 09E2 0A05 0A16 09E8 09B8 09D3 0A24 0A54 0A58 0A3B 09E3 0983 0960 0970 097B 0983 0993 096A 0916 08FC 091E 0951 096F 0983 095C 0909 08DD 08F8 091B 0942 0958 093E 08F5 08C3 08D1 08E6 08DE 08E9 090E 0909 0908 093F 09B4 0A45 0B2C 0C5F 0D80 0E32 0E20 0D82 0C40 0AB5 0957 082A 0742 06E5 0702 0749 0796 07DB 07E7 07C9 07CC 0802 083B 085B 
[0;32mI (27835) SPI_SLAVE: pushed into queue[0m

[0;32mI (27835) MQTT_TASK: Read from queue[0m
[1;31mE (27965) outbox: outbox_enqueue(53): Memory exhausted[0m
[0;32mI (28685) SPI_SLAVE: Expected: 720 bytes, Got: 720 bytes[0m
[0;32mI (28685) SPI_SLAVE: Received uint16_t data:[0m
0869 0847 07F7 07B5 07BF 07DE 07EA 07F5 07DE 078B 074A 0750 077C 0795 07AD 07B8 0783 0738 072B 074E 076E 0781 0783 0746 06EA 06CD 06EA 0709 072A 074B 0730 06D5 0698 069E 06BB 06D3 06ED 06D6 0681 0643 065B 068E 06A6 06D7 06CE 067F 0638 0643 0679 069F 06BC 06AB 0652 05F6 05E9 0610 0639 0655 066F 064A 05F4 05DF 0602 0629 064A 0663 063C 05E5 05C1 05D8 05FD 061A 062B 0612 05D6 05AF 05D1 0606 0622 0639 0626 05DA 059C 05A5 05CC 05ED 0608 0600 05BB 0568 0564 058E 05B4 05CB 05DD 05AF 0566 0564 059C 05CB 05E2 05E9 05AD 0551 0538 055E 058B 05AA 05C9 05B6 057B 055B 057B 05B8 05E6 060D 060A 05BF 057E 058D 05C8 0601 0630 063A 05FF 05AA 0591 05A6 05CD 05F7 0616 05F8 05B6 05B7 05E6 0613 063A 0652 0626 05D1 05B0 05DE 0626 065E 0681 0666 061E 05F7 061B 064A 0666 067C 0668 0623 05F2 0611 064C 067D 069D 0693 0652 0608 0611 0640 0665 0681 068F 065F 0622 0629 0662 068A 06A3 06B3 068D 0641 0629 0648 0680 06A8 06C8 06AA 065F 0640 0665 0688 06A3 06BF 06A8 0660 0630 0659 0693 06BF 06DE 06D6 069C 065E 065A 0670 0688 06A8 06B5 068D 064B 064E 0682 06B1 06CE 06DF 06AF 065A 064A 067C 06B9 06E2 06FB 06D3 0681 0660 068C 06C5 06EF 0718 070A 06C1 068C 069D 06C3 06E7 0712 0712 06D1 068E 069F 06D2 0703 072C 0737 0708 06C3 06C1 06EB 0719 073E 075F 0747 0715 0726 076A 0799 07AC 07A3 0762 06FB 06C6 06CD 06DD 06EA 06FF 06EA 06A3 0670 0690 06B9 06DD 06F2 06DA 0695 065C 0671 06A2 06C3 06D6 06C5 067D 062B 061E 063B 064F 0670 06B5 06D3 06BF 06EA 075E 081D 093A 0A99 0BBF 0C48 0BFC 0B1D 09D8 085F 072A 062B 0569 0506 0528 0581 05D7 0622 0636 0615 05FE 0630 0676 06B8 06E0 06E5 06AC 065B 0661 068E 06B1 06C6 06D5 06A7 066B 066E 069A 06BD 06D2 06DD 06B3 0671 065E 0689 06C9 06F2 0713 06FA 06AB 067A 069D 06D7 06FF 0726 071A 06DF 06AE 06BB 06E8 070E 073C 073D 06F9 06A2 06A0 06CB 0700 0730 0752 072D 06EB 06EE 0714 0739 0756 
[0;32mI (28835) SPI_SLAVE: pushed into queue[0m

[0;32mI (28835) MQTT_TASK: Read from queue[0m
Guru Meditation Error: Core  1 panic'ed (LoadProhibited). Exception was unhandled.

Core  1 register dump:
PC      : 0x400014fd  PS      : 0x00060130  A0      : 0x800d9421  A1      : 0x3ffcff50  
A2      : 0x00000000  A3      : 0xfffffffc  A4      : 0x000000ff  A5      : 0x0000ff00  
A6      : 0x00ff0000  A7      : 0xff000000  A8      : 0x00000000  A9      : 0x3ffcff20  
A10     : 0x3ffafc08  A11     : 0x00000000  A12     : 0x3ffb0378  A13     : 0x000003fe  
A14     : 0x7ff00000  A15     : 0x00000000  SAR     : 0x0000001e  EXCCAUSE: 0x0000001c  
EXCVADDR: 0x00000000  LBEG    : 0x400014fd  LEND    : 0x4000150d  LCOUNT  : 0xffffffff  


Backtrace: 0x400014fa:0x3ffcff50 0x400d941e:0x3ffcff60 0x400d8fa8:0x3ffcff80 0x4008a811:0x3ffcffa0




ELF file SHA256: 351021d3b

Rebooting...
ets Jul 29 2019 12:21:46

rst:0xc (SW_CPU_RESET),boot:0x13 (SPI_FAST_FLASH_BOOT)
configsip: 0, SPIWP:0xee
clk_drv:0x00,q_drv:0x00,d_drv:0x00,cs0_drv:0x00,hd_drv:0x00,wp_drv:0x00
mode:DIO, clock div:2
load:0x3fff0030,len:6276
load:0x40078000,len:15748
load:0x40080400,len:4
ho 8 tail 4 room 4
load:0x40080404,len:3860
entry 0x4008063c
[0;32mI (31) boot: ESP-IDF v5.4.1-dirty 2nd stage bootloader[0m
[0;32mI (31) boot: compile time Oct 28 2025 18:02:24[0m
[0;32mI (31) boot: Multicore bootloader[0m
[0;32mI (33) boot: chip revision: v3.1[0m
[0;32mI (36) boot.esp32: SPI Speed      : 40MHz[0m
[0;32mI (39) boot.esp32: SPI Mode       : DIO[0m
[0;32mI (43) boot.esp32: SPI Flash Size : 4MB[0m
[0;32mI (47) boot: Enabling RNG early entropy source...[0m
[0;32mI (51) boot: Partition Table:[0m
[0;32mI (54) boot: ## Label            Usage          Type ST Offset   Length[0m
[0;32mI (60) boot:  0 nvs              WiFi data        01 02 00009000 00006000[0m
[0;32mI (67) boot:  1 phy_init         RF data          01 01 0000f000 00001000[0m
[0;32mI (73) boot:  2 factory          factory app      00 00 00010000 00100000[0m
[0;32mI (80) boot: End of partition table[0m
[0;32mI (83) esp_image: segment 0: paddr=00010020 vaddr=3f400020 size=1f204h (127492) map[0m
[0;32mI (134) esp_image: segment 1: paddr=0002f22c vaddr=3ff80000 size=0001ch (    28) load[0m
[0;32mI (134) esp_image: segment 2: paddr=0002f250 vaddr=3ffb0000 size=00dc8h (  3528) load[0m
[0;32mI (139) esp_image: segment 3: paddr=00030020 vaddr=400d0020 size=a5bc0h (678848) map[0m
[0;32mI (377) esp_image: segment 4: paddr=000d5be8 vaddr=3ffb0dc8 size=03168h ( 12648) load[0m
[0;32mI (382) esp_image: segment 5: paddr=000d8d58 vaddr=40080000 size=180ech ( 98540) load[0m
[0;32mI (432) boot: Loaded app from partition at offset 0x10000[0m
[0;32mI (432) boot: Disabling RNG early entropy source...[0m
[0;32mI (443) cpu_start: Multicore app[0m
[0;32mI (451) cpu_start: Pro cpu start user code[0m
[0;32mI (451) cpu_start: cpu freq: 160000000 Hz[0m
[0;32mI (451) app_init: Application information:[0m
[0;32mI (451) app_init: Project name:     .[0m
[0;32mI (454) app_init: App version:      3303fed-dirty[0m
[0;32mI (459) app_init: Compile time:     Nov  5 2025 16:17:04[0m
[0;32mI (464) app_init: ELF file SHA256:  351021d3b...[0m
[0;32mI (468) app_init: ESP-IDF:          v5.4.1-dirty[0m
[0;32mI (472) efuse_init: Min chip rev:     v0.0[0m
[0;32mI (476) efuse_init: Max chip rev:     v3.99 [0m
[0;32mI (480) efuse_init: Chip rev:         v3.1[0m
[0;32mI (484) heap_init: Initializing. RAM available for dynamic allocation:[0m
[0;32mI (491) heap_init: At 3FFAE6E0 len 00001920 (6 KiB): DRAM[0m
[0;32mI (496) heap_init: At 3FFBA148 len 00025EB8 (151 KiB): DRAM[0m
[0;32mI (501) heap_init: At 3FFE0440 len 00003AE0 (14 KiB): D/IRAM[0m
[0;32mI (506) heap_init: At 3FFE4350 len 0001BCB0 (111 KiB): D/IRAM[0m
[0;32mI (512) heap_init: At 400980EC len 00007F14 (31 KiB): IRAM[0m
[0;32mI (519) spi_flash: detected chip: generic[0m
[0;32mI (521) spi_flash: flash io: dio[0m
[0;32mI (525) main_task: Started on CPU0[0m
[0;32mI (535) main_task: Calling app_main()[0m
[0;32mI (565) WIFI: ESP_WIFI_MODE_STA[0m
[0;32mI (575) wifi:wifi driver task: 3ffc2168, prio:23, stack:6656, core=0[0m
[0;32mI (585) wifi:wifi firmware version: 79fa3f41ba[0m
[0;32mI (585) wifi:wifi certification version: v7.0[0m
[0;32mI (585) wifi:config NVS flash: enabled[0m
[0;32mI (585) wifi:config nano formatting: disabled[0m
[0;32mI (595) wifi:Init data frame dynamic rx buffer num: 32[0m
[0;32mI (595) wifi:Init static rx mgmt buffer num: 5[0m
[0;32mI (605) wifi:Init management short buffer num: 32[0m
[0;32mI (605) wifi:Init dynamic tx buffer num: 32[0m
[0;32mI (615) wifi:Init static rx buffer size: 1600[0m
[0;32mI (615) wifi:Init static rx buffer num: 10[0m
[0;32mI (615) wifi:Init dynamic rx buffer num: 32[0m
[0;32mI (625) wifi_init: rx ba win: 6[0m
[0;32mI (625) wifi_init: accept mbox: 6[0m
[0;32mI (625) wifi_init: tcpip mbox: 32[0m
[0;32mI (635) wifi_init: udp mbox: 6[0m
[0;32mI (635) wifi_init: tcp mbox: 6[0m
[0;32mI (635) wifi_init: tcp tx win: 5760[0m
[0;32mI (645) wifi_init: tcp rx win: 5760[0m
[0;32mI (645) wifi_init: tcp mss: 1440[0m
[0;32mI (645) wifi_init: WiFi IRAM OP enabled[0m
[0;32mI (645) wifi_init: WiFi RX IRAM OP enabled[0m
[0;32mI (655) phy_init: phy_version 4860,6b7a6e5,Feb  6 2025,14:47:07[0m
[0;32mI (735) wifi:mode : sta (08:b6:1f:b9:1f:70)[0m
[0;32mI (735) wifi:enable tsf[0m
[0;32mI (735) WIFI: wifi_init_sta finished.[0m
[0;32mI (745) wifi:new:<1,0>, old:<1,0>, ap:<255,255>, sta:<1,0>, prof:1, snd_ch_cfg:0x0[0m
[0;32mI (755) wifi:state: init -> auth (0xb0)[0m
[0;32mI (805) wifi:state: auth -> assoc (0x0)[0m
[0;32mI (805) wifi:state: assoc -> run (0x10)[0m
[0;32mI (815) wifi:connected with MyHotspot, aid = 1, channel 1, BW20, bssid = 34:cf:f6:9a:61:3b[0m
[0;32mI (815) wifi:security: WPA2-PSK, phy: bgn, rssi: -42[0m
[0;32mI (825) wifi:pm start, type: 1[0m

[0;32mI (825) wifi:dp: 1, bi: 102400, li: 3, scale listen interval from 307200 us to 307200 us[0m
[0;32mI (875) wifi:dp: 2, bi: 102400, li: 4, scale listen interval from 307200 us to 409600 us[0m
[0;32mI (875) wifi:AP's beacon interval = 102400 us, DTIM period = 2[0m
[0;32mI (1845) esp_netif_handlers: sta ip: 10.42.0.242, mask: 255.255.255.0, gw: 10.42.0.1[0m
[0;32mI (1845) WIFI: got ip:10.42.0.242[0m
[0;32mI (1845) WIFI: connected to ap SSID:MyHotspot password:12345678[0m
[0;32mI (1845) MQTT_CLIENT: Unhandled event id: 7[0m
[0;32mI (1855) QUEUE: Queue tao thanh cong[0m
[1;31mE (1855) mqtt_client: Client has not connected[0m
[0;32mI (1865) main_task: Returned from app_main()[0m
[0;32mI (1885) MQTT_CLIENT: MQTT_EVENT_CONNECTED[0m
[0;32mI (1895) MQTT_CLIENT: Subscribe qos0, msg_id=43276[0m
[0;32mI (1905) MQTT_CLIENT: MQTT_EVENT_SUBSCRIBED, msg_id=43276[0m
[0;32mI (1915) MQTT_CLIENT: MQTT_EVENT_DATA[0m
TOPIC=/topic/qos0
DATA=data
[0;32mI (2685) SPI_SLAVE: Expected: 720 bytes, Got: 720 bytes[0m
[0;32mI (2685) SPI_SLAVE: Received uint16_t data:[0m
0910 08AB 086E 085C 0835 07FD 07B8 076B 071F 06F4 06FC 0702 06F5 06D7 06AA 0658 061D 0604 05EB 05CA 05B3 059C 055F 0530 0523 0525 0512 04F3 04D0 0497 0455 0433 045B 047F 0497 048C 0447 03D0 0370 034D 0345 0344 033E 031B 02CA 0291 02A0 02B4 02BF 02D4 02BE 024E 01CB 0184 0160 014C 0145 0145 0136 0155 01A6 020E 0256 0283 0296 024E 01D7 0184 013B 00E9 00A2 005F 0007 0000 0000 0039 0033 0000 0000 0000 0000 0000 0000 0000 0000 0000 0000 0000 0000 0000 0000 0000 0000 0000 0000 0000 0000 0000 0000 0000 0000 0000 0000 0000 0000 0000 0000 0000 0000 0000 0000 0000 0000 0000 0000 0000 0000 0000 0000 0000 0000 0000 0000 0000 0000 0000 0000 0000 0000 0000 0000 0000 0000 0000 0000 0000 0000 0000 0000 0000 0000 0000 0000 0000 0000 0000 0000 0000 0000 0000 0000 0000 0000 0000 0000 0000 0000 0000 0066 014F 02AF 0458 05A3 05CB 0508 03A7 01DA 0045 0000 0000 0000 0000 0000 0000 0000 0000 0000 0028 00B9 0140 017B 0176 0182 01A6 01CE 020E 0259 0277 025E 0250 0274 02BB 030C 0344 0332 02D8 029A 02AE 02F1 0340 0390 03B2 03A2 0392 03AA 03E5 0422 0445 0456 043B 0424 044C 049D 04DA 0501 0522 0513 04F4 0505 0547 0581 05AA 05B2 059D 0578 057B 05BB 05F1 0608 0605 05EF 05C8 05C8 0608 064D 0680 0690 0663 0617 05EA 05FA 0625 063E 0643 0646 0623 0610 0635 067C 068B 06A3 06B2 06A4 0686 0688 069F 06B3 06CA 06DA 06D5 06C2 06C5 06E8 06F8 06FF 06FD 06D8 06A2 068A 06B2 06D8 06F4 0710 072F 073B 0742 0746 0734 0724 072F 073A 070B 06E1 06E4 0704 0728 0758 0783 0778 075C 0772 079B 07B7 07DE 080E 0825 0836 0861 08A2 08C8 08E6 0907 0918 0923 095F 09DB 0A60 0AD2 0B38 0B79 0B95 0BBA 0BF6 0C2F 0C5E 0C7B 0C8B 0C5B 0C34 0C3D 0C6C 0C7B 0C92 0C9B 0C88 0C66 0C98 0CF1 0D33 0D4E 0D46 0CFC 0C96 0C78 0CB2 0CE3 0D24 0D5F 0D85 0D88 0DA8 0DFB 0E4C 0E82 0EB0 0EB7 0EA1 0EA2 0EDA 0F1C 0F32 0F3B 0F3A 0F1F 0F1E 0F44 0F4D 0F52 0F59 0F5B 
[0;32mI (2845) SPI_SLAVE: pushed into queue[0m

[0;32mI (2845) MQTT_TASK: Read from queue[0m
